GN List,,,,,,,,
LIFe Code,GN Code,Name in Sinhala,Name in Tamil,Name in English,MPA Code,Province,District,Divisional Secretariat
4-1-03-005,005,අනලෙයි තීව් උතුර,அனலைத் தீவு வடக்கு,Analativu North,J/37,4: උතුර/ வடக்கு/ Northern,1: යාපනය/ யாழ்பாணம்/ Jaffna,3: කයිට්ස්/ தீவு வடக்கு (கை‍ட்ஸ்)/ Island North (Kayts)
4-1-03-010,010,අනලෙයි තීව් දකුණ,அனலைத் தீவு தெற்கு,Analaitivu South,J/38,4: උතුර/ வடக்கு/ Northern,1: යාපනය/ யாழ்பாணம்/ Jaffna,3: කයිට්ස්/ தீவு வடக்கு (கை‍ட்ஸ்)/ Island North (Kayts)
4-1-03-015,015,එළුවෙයි තීවු,எலுவைதீவு,Eluvaitivu,J/39,4: උතුර/ வடக்கு/ Northern,1: යාපනය/ யாழ்பாணம்/ Jaffna,3: කයිට්ස්/ தீவு வடக்கு (கை‍ட்ஸ்)/ Island North (Kayts)
4-1-03-020,020,පරුත්තියඩෙයිප්පු,பருத்தியடைப்பு,Paruthiyadaippu,J/50,4: උතුර/ வடக்கு/ Northern,1: යාපනය/ யாழ்பாணம்/ Jaffna,3: කයිට්ස්/ தீவு வடக்கு (கை‍ட்ஸ்)/ Island North (Kayts)
4-1-03-025,025,කයිට්ස්,ஊா்காவற்றுறை,Kayts,J/49,4: උතුර/ வடக்கு/ Northern,1: යාපනය/ யாழ்பாணம்/ Jaffna,3: කයිට්ස්/ தீவு வடக்கு (கை‍ட்ஸ்)/ Island North (Kayts)
4-1-03-030,030,කරම්පොන්,கரம்பொன்,Karampon,J/51,4: උතුර/ வடக்கு/ Northern,1: යාපනය/ யாழ்பாணம்/ Jaffna,3: කයිට්ස්/ தீவு வடக்கு (கை‍ட்ஸ்)/ Island North (Kayts)
4-1-03-035,035,කරම්පොන් නැගෙනහිර,கரம்பொன் கிழக்கு,Karampon East,J/52,4: උතුර/ வடக்கு/ Northern,1: යාපනය/ யாழ்பாணம்/ Jaffna,3: කයිට්ස්/ தீவு வடக்கு (கை‍ட்ஸ்)/ Island North (Kayts)
4-1-03-040,040,නාරාන්තනෙයි වයඹ,நாரந்தனை வட மேற்கு,Naranthanai North West,J/56,4: උතුර/ வடக்கு/ Northern,1: යාපනය/ யாழ்பாணம்/ Jaffna,3: කයිට්ස්/ தீவு வடக்கு (கை‍ட்ஸ்)/ Island North (Kayts)
4-1-03-045,045,නාරාන්තනෙයි උතුර,நாரன்தனை வடக்கு,Naranthanai North,J/55,4: උතුර/ வடக்கு/ Northern,1: යාපනය/ யாழ்பாணம்/ Jaffna,3: කයිට්ස්/ தீவு வடக்கு (கை‍ட்ஸ்)/ Island North (Kayts)
4-1-03-050,050,නාරන්තනෙයි,நாரன்தனை,Naranthanai,J/57,4: උතුර/ வடக்கு/ Northern,1: යාපනය/ யாழ்பாணம்/ Jaffna,3: කයිට්ස්/ தீவு வடக்கு (கை‍ட்ஸ்)/ Island North (Kayts)
4-1-03-055,055,නාරාන්තනෙයි දකුණ,நாரன்தனை தெற்கு,Naranthanai South,J/58,4: උතුර/ வடக்கு/ Northern,1: යාපනය/ யாழ்பாணம்/ Jaffna,3: කයිට්ස්/ தீவு வடக்கு (கை‍ட்ஸ்)/ Island North (Kayts)
4-1-03-060,060,කරම්පොන් ගිනිකොණ,கரம்பொன் தென் கிழக்கு,Karampon South East,J/53,4: උතුර/ வடக்கு/ Northern,1: යාපනය/ யாழ்பாணம்/ Jaffna,3: කයිට්ස්/ தீவு வடக்கு (கை‍ட்ஸ்)/ Island North (Kayts)
4-1-03-065,065,කරම්පොන් බටහිර,கரம்பொன் மேற்கு,Karampon West,J/54,4: උතුර/ வடக்கு/ Northern,1: යාපනය/ யாழ்பாணம்/ Jaffna,3: කයිට්ස්/ தீவு வடக்கு (கை‍ட்ஸ்)/ Island North (Kayts)
4-1-03-070,070,පුලියංකූඩල්,புலியங்கூடல்,Puliyankoodal,J/60,4: උතුර/ வடக்கு/ Northern,1: යාපනය/ யாழ்பாணம்/ Jaffna,3: කයිට්ස්/ தீவு வடக்கு (கை‍ட்ஸ்)/ Island North (Kayts)
4-1-03-075,075,සුරුවිල්,சுருவில்,Suruvil,J/59,4: උතුර/ வடக்கு/ Northern,1: යාපනය/ யாழ்பாணம்/ Jaffna,3: කයිට්ස්/ தீவு வடக்கு (கை‍ட்ஸ்)/ Island North (Kayts)
4-1-06-005,005,වඩ්ඩුකෝට්ටෙයි නැගෙනහිර,வெட்டுக்கோட்டை கிழக்கு,Vadducoddai East,J/157,4: උතුර/ வடக்கு/ Northern,1: යාපනය/ யாழ்பாணம்/ Jaffna,6: වලිකාමම් බටහිර චංකානෙයි/ வலிகாமம் ‍மேற்கு (சங்கனை)/ Valikamam West (Chankanai)
4-1-06-010,010,වඩ්ඩුකෝට්ටෙයි  උතුර,வெட்டுக்கோட்டை  வடக்கு,Vadducoddai North,J/158,4: උතුර/ வடக்கு/ Northern,1: යාපනය/ யாழ்பாணம்/ Jaffna,6: වලිකාමම් බටහිර චංකානෙයි/ வலிகாமம் ‍மேற்கு (சங்கனை)/ Valikamam West (Chankanai)
4-1-06-015,015,සංකරත්තෙයි,ஸங்கராதை,Sangarathai,J/159,4: උතුර/ வடக்கு/ Northern,1: යාපනය/ யாழ்பாணம்/ Jaffna,6: වලිකාමම් බටහිර චංකානෙයි/ வலிகாமம் ‍மேற்கு (சங்கனை)/ Valikamam West (Chankanai)
4-1-06-020,020,අරාලි බටහිර,அரலி மேற்கு,Araly West,J/160,4: උතුර/ வடக்கு/ Northern,1: යාපනය/ யாழ்பாணம்/ Jaffna,6: වලිකාමම් බටහිර චංකානෙයි/ வலிகாமம் ‍மேற்கு (சங்கனை)/ Valikamam West (Chankanai)
4-1-06-025,025,අරාලි මධ්‍යම,அரலி மத்தி,Araly Centre,J/161,4: උතුර/ வடக்கு/ Northern,1: යාපනය/ யாழ்பாணம்/ Jaffna,6: වලිකාමම් බටහිර චංකානෙයි/ வலிகாமம் ‍மேற்கு (சங்கனை)/ Valikamam West (Chankanai)
4-1-06-030,030,අරාලි දකුණ,அரலி தெற்கு,Araly South,J/162,4: උතුර/ வடக்கு/ Northern,1: යාපනය/ யாழ்பாணம்/ Jaffna,6: වලිකාමම් බටහිර චංකානෙයි/ வலிகாமம் ‍மேற்கு (சங்கனை)/ Valikamam West (Chankanai)
4-1-06-035,035,අරාලි නැගෙනහිර,அரலி கிழக்கு,Araly East,J/163,4: උතුර/ வடக்கு/ Northern,1: යාපනය/ யாழ்பாணம்/ Jaffna,6: වලිකාමම් බටහිර චංකානෙයි/ வலிகாமம் ‍மேற்கு (சங்கனை)/ Valikamam West (Chankanai)
4-1-06-040,040,අරාලි උතුර,அரலி வடக்கு,Arali North,J/164,4: උතුර/ வடக்கு/ Northern,1: යාපනය/ யாழ்பாணம்/ Jaffna,6: වලිකාමම් බටහිර චංකානෙයි/ வலிகாமம் ‍மேற்கு (சங்கனை)/ Valikamam West (Chankanai)
4-1-06-045,045,වඩ්ඩුකෝඩ්ඩෙයි දකුණ,வெட்டுக்கோட்டை  தெற்கு,Vedducoddai South,J/165,4: උතුර/ வடக்கு/ Northern,1: යාපනය/ யாழ்பாணம்/ Jaffna,6: වලිකාමම් බටහිර චංකානෙයි/ வலிகாமம் ‍மேற்கு (சங்கனை)/ Valikamam West (Chankanai)
4-1-06-050,050,වඩුකෝඩ්ඩෙයි දකුණ බටහිර,வெட்டுக்கோட்டை தென் மேற்கு (வடக்கு),Vadducoddai South West (North),J/166,4: උතුර/ வடக்கு/ Northern,1: යාපනය/ யாழ்பாணம்/ Jaffna,6: වලිකාමම් බටහිර චංකානෙයි/ வலிகாமம் ‍மேற்கு (சங்கனை)/ Valikamam West (Chankanai)
4-1-06-055,055,වඩුකෝඩ්ඩෙයි  බටහිර,வெட்டுக்கோட்டை மேற்கு,Vadducoddai  West,J/167,4: උතුර/ வடக்கு/ Northern,1: යාපනය/ யாழ்பாணம்/ Jaffna,6: වලිකාමම් බටහිර චංකානෙයි/ வலிகாமம் ‍மேற்கு (சங்கனை)/ Valikamam West (Chankanai)
4-1-06-060,060,තොල්පුරම් නැගෙනහිර,தோல்புரம் கிழக்கு,Tholpuram East,J/168,4: උතුර/ வடக்கு/ Northern,1: යාපනය/ யாழ்பாணம்/ Jaffna,6: වලිකාමම් බටහිර චංකානෙයි/ வலிகாமம் ‍மேற்கு (சங்கனை)/ Valikamam West (Chankanai)
4-1-06-065,065,තොල්පුරම් බටහිර,தோல்புரம் மேற்கு,Tholpuram  West,J/169,4: උතුර/ வடக்கு/ Northern,1: යාපනය/ யாழ்பாணம்/ Jaffna,6: වලිකාමම් බටහිර චංකානෙයි/ வலிகாமம் ‍மேற்கு (சங்கனை)/ Valikamam West (Chankanai)
4-1-06-070,070,පොන්නාලෙයි,பூன்னலை,Ponnalai,J/170,4: උතුර/ வடக்கு/ Northern,1: යාපනය/ யாழ்பாணம்/ Jaffna,6: වලිකාමම් බටහිර චංකානෙයි/ வலிகாமம் ‍மேற்கு (சங்கனை)/ Valikamam West (Chankanai)
4-1-06-075,075,මූලායි,மூலை,Moolai,J/171,4: උතුර/ வடக்கு/ Northern,1: යාපනය/ யாழ்பாணம்/ Jaffna,6: වලිකාමම් බටහිර චංකානෙයි/ வலிகாமம் ‍மேற்கு (சங்கனை)/ Valikamam West (Chankanai)
4-1-06-080,080,චුලිපුරම් බටහිර,சூலைபுரம் மேற்கு,Chulipuram West,J/172,4: උතුර/ வடக்கு/ Northern,1: යාපනය/ யாழ்பாணம்/ Jaffna,6: වලිකාමම් බටහිර චංකානෙයි/ வலிகாமம் ‍மேற்கு (சங்கனை)/ Valikamam West (Chankanai)
4-1-06-085,085,චුලිපුරම් මධ්‍යම,சூலைபுரம் மத்தி,Chulipuram  Centre,J/173,4: උතුර/ வடக்கு/ Northern,1: යාපනය/ யாழ்பாணம்/ Jaffna,6: වලිකාමම් බටහිර චංකානෙයි/ வலிகாமம் ‍மேற்கு (சங்கனை)/ Valikamam West (Chankanai)
4-1-06-090,090,චුලිපුරම් නැගෙනහිර,சூலைபுரம் கிழக்கு,Chulipuram  East,J/174,4: උතුර/ வடக்கு/ Northern,1: යාපනය/ யாழ்பாணம்/ Jaffna,6: වලිකාමම් බටහිර චංකානෙයි/ வலிகாமம் ‍மேற்கு (சங்கனை)/ Valikamam West (Chankanai)
4-1-06-095,095,පණ්ණාගම්,பன்னாகம்,Pannagam,J/175,4: උතුර/ வடக்கு/ Northern,1: යාපනය/ யாழ்பாணம்/ Jaffna,6: වලිකාමම් බටහිර චංකානෙයි/ வலிகாமம் ‍மேற்கு (சங்கனை)/ Valikamam West (Chankanai)
4-1-06-100,100,පන්ප‍‍ිප්පුලම්,பன்பிப்புலம்,Panfippulam,J/176,4: උතුර/ வடக்கு/ Northern,1: යාපනය/ யாழ்பாணம்/ Jaffna,6: වලිකාමම් බටහිර චංකානෙයි/ வலிகாமம் ‍மேற்கு (சங்கனை)/ Valikamam West (Chankanai)
4-1-06-105,105,සිත්තන්කේණි,சிதன்கேர்ணி,Sithankerny,J/177,4: උතුර/ வடக்கு/ Northern,1: යාපනය/ யாழ்பாணம்/ Jaffna,6: වලිකාමම් බටහිර චංකානෙයි/ வலிகாமம் ‍மேற்கு (சங்கனை)/ Valikamam West (Chankanai)
4-1-06-110,110,චන්කානෙයි නැගෙනහිර,சங்கனை கிழக்கு,Chankanai East,J/178,4: උතුර/ வடக்கு/ Northern,1: යාපනය/ யாழ்பாணம்/ Jaffna,6: වලිකාමම් බටහිර චංකානෙයි/ வலிகாமம் ‍மேற்கு (சங்கனை)/ Valikamam West (Chankanai)
4-1-06-115,115,චන්කනායි බටහිර,சங்கனை மேற்கு,Chankanai West,J/179,4: උතුර/ வடக்கு/ Northern,1: යාපනය/ யாழ்பாணம்/ Jaffna,6: වලිකාමම් බටහිර චංකානෙයි/ வலிகாமம் ‍மேற்கு (சங்கனை)/ Valikamam West (Chankanai)
4-1-06-120,120,චංකානෙයි දකුණ,சங்கனை தெற்கு,Chankanai South,J/180,4: උතුර/ வடக்கு/ Northern,1: යාපනය/ யாழ்பாணம்/ Jaffna,6: වලිකාමම් බටහිර චංකානෙයි/ வலிகாமம் ‍மேற்கு (சங்கனை)/ Valikamam West (Chankanai)
4-1-06-125,125,චංකානෙයි මධ්‍යම,சங்கனை மத்தி,Chankanai Centre,J/181,4: උතුර/ வடக்கு/ Northern,1: යාපනය/ யாழ்பாணம்/ Jaffna,6: වලිකාමම් බටහිර චංකානෙයි/ வலிகாமம் ‍மேற்கு (சங்கனை)/ Valikamam West (Chankanai)
4-1-09-005,005,සුතුමලෙයි උතුර,சுதுமலை வடக்கு,Suthumalai North,J/129,4: උතුර/ வடக்கு/ Northern,1: යාපනය/ யாழ்பாணம்/ Jaffna,9: වලිකාමම් නිරිත සන්දිලිපායි/ வலிகாமம் ‎தென்‍மேற்கு (சந்திலிப்பாய்)/ Valikamam South-West (Sandilipay)
4-1-09-010,010,සුතුමලෙයි දකුණ,சுதுமலை தெற்கு,Suthumalai South,J/130,4: උතුර/ வடக்கு/ Northern,1: යාපනය/ யாழ்பாணம்/ Jaffna,9: වලිකාමම් නිරිත සන්දිලිපායි/ வலிகாமம் ‎தென்‍மேற்கு (சந்திலிப்பாய்)/ Valikamam South-West (Sandilipay)
4-1-09-015,015,සාවල්කඩ්ඩු,சாவற்கட்டு,Savalkaddu,J/131,4: උතුර/ வடக்கு/ Northern,1: යාපනය/ யாழ்பாணம்/ Jaffna,9: වලිකාමම් නිරිත සන්දිලිපායි/ வலிகாமம் ‎தென்‍மேற்கு (சந்திலிப்பாய்)/ Valikamam South-West (Sandilipay)
4-1-09-020,020,උයරප්පුලම්,உயரப்புலம்,Uyarappulam,J/132,4: උතුර/ வடக்கு/ Northern,1: යාපනය/ யாழ்பாணம்/ Jaffna,9: වලිකාමම් නිරිත සන්දිලිපායි/ வலிகாமம் ‎தென்‍மேற்கு (சந்திலிப்பாய்)/ Valikamam South-West (Sandilipay)
4-1-09-025,025,ආනෙයිකෝඩඩෙයි,ஆனைக்கோட்டை,Ana‍icoddai,J/133,4: උතුර/ வடக்கு/ Northern,1: යාපනය/ யாழ்பாணம்/ Jaffna,9: වලිකාමම් නිරිත සන්දිලිපායි/ வலிகாமம் ‎தென்‍மேற்கு (சந்திலிப்பாய்)/ Valikamam South-West (Sandilipay)
4-1-09-030,030,නවාලි උතුර,நவாலி வடக்கு,Navali North,J/134,4: උතුර/ வடக்கு/ Northern,1: යාපනය/ யாழ்பாணம்/ Jaffna,9: වලිකාමම් නිරිත සන්දිලිපායි/ வலிகாமம் ‎தென்‍மேற்கு (சந்திலிப்பாய்)/ Valikamam South-West (Sandilipay)
4-1-09-035,035,නවාලි නැගෙනහිර,நவாலி கிழக்கு,Navaly East,J/135,4: උතුර/ வடக்கு/ Northern,1: යාපනය/ யாழ்பாணம்/ Jaffna,9: වලිකාමම් නිරිත සන්දිලිපායි/ வலிகாமம் ‎தென்‍மேற்கு (சந்திலிப்பாய்)/ Valikamam South-West (Sandilipay)
4-1-09-040,040,නවාලි දකුණ,நவாலி தெற்கு,Navali South,J/136,4: උතුර/ வடக்கு/ Northern,1: යාපනය/ யாழ்பாணம்/ Jaffna,9: වලිකාමම් නිරිත සන්දිලිපායි/ வலிகாமம் ‎தென்‍மேற்கு (சந்திலிப்பாய்)/ Valikamam South-West (Sandilipay)
4-1-09-045,045,මනිපායි උතුර,மானிப்பாய் வடக்கு,Manipay North,J/137,4: උතුර/ வடக்கு/ Northern,1: යාපනය/ யாழ்பாணம்/ Jaffna,9: වලිකාමම් නිරිත සන්දිලිපායි/ வலிகாமம் ‎தென்‍மேற்கு (சந்திலிப்பாய்)/ Valikamam South-West (Sandilipay)
4-1-09-050,050,මානිපායි නැගෙනහිර,மானிப்பாய் கிழக்கு,Manipay East,J/138,4: උතුර/ வடக்கு/ Northern,1: යාපනය/ யாழ்பாணம்/ Jaffna,9: වලිකාමම් නිරිත සන්දිලිපායි/ வலிகாமம் ‎தென்‍மேற்கு (சந்திலிப்பாய்)/ Valikamam South-West (Sandilipay)
4-1-09-055,055,මානිපායි දකුණ,மானிப்பாய் தெற்கு,Manipay South,J/139,4: උතුර/ வடக்கு/ Northern,1: යාපනය/ யாழ்பாணம்/ Jaffna,9: වලිකාමම් නිරිත සන්දිලිපායි/ வலிகாமம் ‎தென்‍மேற்கு (சந்திலிப்பாய்)/ Valikamam South-West (Sandilipay)
4-1-09-060,060,මානිපායි බස්නාහිර,மானிப்பாய் மேற்கு,Manipay West,J/140,4: උතුර/ வடக்கு/ Northern,1: යාපනය/ யாழ்பாணம்/ Jaffna,9: වලිකාමම් නිරිත සන්දිලිපායි/ வலிகாமம் ‎தென்‍மேற்கு (சந்திலிப்பாய்)/ Valikamam South-West (Sandilipay)
4-1-09-065,065,සන්දිලිපායි උතුර,சண்டிலிப்பாய் வடக்கு,Sandilipay North,J/141,4: උතුර/ வடக்கு/ Northern,1: යාපනය/ யாழ்பாணம்/ Jaffna,9: වලිකාමම් නිරිත සන්දිලිපායි/ வலிகாமம் ‎தென்‍மேற்கு (சந்திலிப்பாய்)/ Valikamam South-West (Sandilipay)
4-1-09-070,070,සන්දිලිපායි මැද,சண்டிலிப்பாய் மத்தி,Sandilipay Centre,J/142,4: උතුර/ வடக்கு/ Northern,1: යාපනය/ யாழ்பாணம்/ Jaffna,9: වලිකාමම් නිරිත සන්දිලිපායි/ வலிகாமம் ‎தென்‍மேற்கு (சந்திலிப்பாய்)/ Valikamam South-West (Sandilipay)
4-1-09-075,075,සන්දිලිපායි බස්නාහිර,சண்டிலிப்பாய் மேற்கு,Sandilipay West,J/143,4: උතුර/ வடக்கு/ Northern,1: යාපනය/ யாழ்பாணம்/ Jaffna,9: වලිකාමම් නිරිත සන්දිලිපායි/ வலிகாமம் ‎தென்‍மேற்கு (சந்திலிப்பாய்)/ Valikamam South-West (Sandilipay)
4-1-09-080,080,මාහියප්පිට්ටි,மாகியப்பிட்டி,Mahiyappiddy,J/144,4: උතුර/ வடக்கு/ Northern,1: යාපනය/ யாழ்பாணம்/ Jaffna,9: වලිකාමම් නිරිත සන්දිලිපායි/ வலிகாமம் ‎தென்‍மேற்கு (சந்திலிப்பாய்)/ Valikamam South-West (Sandilipay)
4-1-09-085,085,වඩලියඩෛප්පු,வடலியடைப்பு,Vadaliyadaippu,J/145,4: උතුර/ வடக்கு/ Northern,1: යාපනය/ யாழ்பாணம்/ Jaffna,9: වලිකාමම් නිරිත සන්දිලිපායි/ வலிகாமம் ‎தென்‍மேற்கு (சந்திலிப்பாய்)/ Valikamam South-West (Sandilipay)
4-1-09-090,090,පණ්ඩත්තරිප්පු,பண்டத்தரிப்பு,Pandaththarippu,J/146,4: උතුර/ வடக்கு/ Northern,1: යාපනය/ யாழ்பாணம்/ Jaffna,9: වලිකාමම් නිරිත සන්දිලිපායි/ வலிகாமம் ‎தென்‍மேற்கு (சந்திலிப்பாய்)/ Valikamam South-West (Sandilipay)
4-1-09-095,095,පිරාන්පට්ටු,பிரான்பற்று,Piranpattu,J/147,4: උතුර/ வடக்கு/ Northern,1: යාපනය/ யாழ்பாணம்/ Jaffna,9: වලිකාමම් නිරිත සන්දිලිපායි/ வலிகாமம் ‎தென்‍மேற்கு (சந்திலிப்பாய்)/ Valikamam South-West (Sandilipay)
4-1-09-100,100,සිලාලෙයි උතුර,சில்லாலை வடக்கு,Si‍lalai North,J/148,4: උතුර/ வடக்கு/ Northern,1: යාපනය/ யாழ்பாணம்/ Jaffna,9: වලිකාමම් නිරිත සන්දිලිපායි/ வலிகாமம் ‎தென்‍மேற்கு (சந்திலிப்பாய்)/ Valikamam South-West (Sandilipay)
4-1-09-105,105,සිලාලෙයි දකුණ,சில்லாலை தெற்கு,S‍ilalai South,J/149,4: උතුර/ வடக்கு/ Northern,1: යාපනය/ யாழ்பாணம்/ Jaffna,9: වලිකාමම් නිරිත සන්දිලිපායි/ வலிகாமம் ‎தென்‍மேற்கு (சந்திலிப்பாய்)/ Valikamam South-West (Sandilipay)
4-1-09-110,110,මාදගල් නැගෙනහිර,மாதகல் கிழக்கு,Mathagal East,J/150,4: උතුර/ வடக்கு/ Northern,1: යාපනය/ யாழ்பாணம்/ Jaffna,9: වලිකාමම් නිරිත සන්දිලිපායි/ வலிகாமம் ‎தென்‍மேற்கு (சந்திலிப்பாய்)/ Valikamam South-West (Sandilipay)
4-1-09-115,115,මාදගල් දකුණ,மாதகல் ‎தெற்கு,Mathagal South,J/151,4: උතුර/ வடக்கு/ Northern,1: යාපනය/ யாழ்பாணம்/ Jaffna,9: වලිකාමම් නිරිත සන්දිලිපායි/ வலிகாமம் ‎தென்‍மேற்கு (சந்திலிப்பாய்)/ Valikamam South-West (Sandilipay)
4-1-09-120,120,මාදගල් බටහිර,மாதகல் மேற்கு,Mathagal West,J/152,4: උතුර/ வடக்கு/ Northern,1: යාපනය/ யாழ்பாணம்/ Jaffna,9: වලිකාමම් නිරිත සන්දිලිපායි/ வலிகாமம் ‎தென்‍மேற்கு (சந்திலிப்பாய்)/ Valikamam South-West (Sandilipay)
4-1-09-125,125,පෙරියවිළාන්,பெரியவிளான்,Periyavilan,J/153,4: උතුර/ வடக்கு/ Northern,1: යාපනය/ யாழ்பாணம்/ Jaffna,9: වලිකාමම් නිරිත සන්දිලිපායි/ வலிகாமம் ‎தென்‍மேற்கு (சந்திலிப்பாய்)/ Valikamam South-West (Sandilipay)
4-1-09-130,130,මාරීසන්කූඩල්,மாரீசன்கூடல்,Maresankoodal,J/154,4: උතුර/ வடக்கு/ Northern,1: යාපනය/ யாழ்பாணம்/ Jaffna,9: වලිකාමම් නිරිත සන්දිලිපායි/ வலிகாமம் ‎தென்‍மேற்கு (சந்திலிப்பாய்)/ Valikamam South-West (Sandilipay)
4-1-09-135,135,ඉළවාළෙයි,இளவாலை,Ilavalai,J/155,4: උතුර/ வடக்கு/ Northern,1: යාපනය/ யாழ்பாணம்/ Jaffna,9: වලිකාමම් නිරිත සන්දිලිපායි/ வலிகாமம் ‎தென்‍மேற்கு (சந்திலிப்பாய்)/ Valikamam South-West (Sandilipay)
4-1-09-140,140,මුල්ලානෙයි,முள்ளாணை,Mullanai,J/156,4: උතුර/ வடக்கு/ Northern,1: යාපනය/ யாழ்பாணம்/ Jaffna,9: වලිකාමම් නිරිත සන්දිලිපායි/ வலிகாமம் ‎தென்‍மேற்கு (சந்திலிப்பாய்)/ Valikamam South-West (Sandilipay)
4-1-12-005,005,මල්ලාකම් දකුණ,மல்லாகம் தெற்கு,Mallakam South,J/212,4: උතුර/ வடக்கு/ Northern,1: යාපනය/ யாழ்பாணம்/ Jaffna,12: වලිකාමම් උතුර/ வலிகாமம் வடக்கு (‎தெல்லிப்பளை/ Valikamam North (Tellipallai)
4-1-12-010,010,මල්ලාකම් මධ්‍යම,மல்லாகம் மத்தி,Mallakam Centre,J/213,4: උතුර/ வடக்கு/ Northern,1: යාපනය/ யாழ்பாணம்/ Jaffna,12: වලිකාමම් උතුර/ வலிகாமம் வடக்கு (‎தெல்லிப்பளை/ Valikamam North (Tellipallai)
4-1-12-015,015,මල්ලාකම් උතුර,மல்லாகம் வடக்கு,Mallakam North,J/214,4: උතුර/ வடக்கு/ Northern,1: යාපනය/ யாழ்பாணம்/ Jaffna,12: වලිකාමම් උතුර/ வலிகாமம் வடக்கு (‎தெல்லிப்பளை/ Valikamam North (Tellipallai)
4-1-12-020,020,ආලවෙඩ්ඩි උතුර,அளவெட்டி வடக்கு,Alavedy North,J/215,4: උතුර/ வடக்கு/ Northern,1: යාපනය/ யாழ்பாணம்/ Jaffna,12: වලිකාමම් උතුර/ வலிகாமம் வடக்கு (‎தெல்லிப்பளை/ Valikamam North (Tellipallai)
4-1-12-025,025,ආලවෙඩ්ඩි මධ්‍යම,அளவெட்டி மத்தி,Alaveddy Centre,J/216,4: උතුර/ வடக்கு/ Northern,1: යාපනය/ யாழ்பாணம்/ Jaffna,12: වලිකාමම් උතුර/ வலிகாமம் வடக்கு (‎தெல்லிப்பளை/ Valikamam North (Tellipallai)
4-1-12-030,030,අලවෙඩ්ඩි  නැගෙනහිර,அளவெட்டி கிழக்கு,Alaveddy East,J/217,4: උතුර/ வடக்கு/ Northern,1: යාපනය/ யாழ்பாணம்/ Jaffna,12: වලිකාමම් උතුර/ வலிகாமம் வடக்கு (‎தெல்லிப்பளை/ Valikamam North (Tellipallai)
4-1-12-035,035,ගණේෂ්වරම්,கணேஸ்வரம்,Ganeswaram,J/218,4: උතුර/ வடக்கு/ Northern,1: යාපනය/ யாழ்பாணம்/ Jaffna,12: වලිකාමම් උතුර/ வலிகாமம் வடக்கு (‎தெல்லிப்பளை/ Valikamam North (Tellipallai)
4-1-12-040,040,අලවෙඩ්ඩි දකුණ,அளவெட்டி தெற்கு,Alaveddy South,J/219,4: උතුර/ வடக்கு/ Northern,1: යාපනය/ யாழ்பாணம்/ Jaffna,12: වලිකාමම් උතුර/ வலிகாமம் வடக்கு (‎தெல்லிப்பளை/ Valikamam North (Tellipallai)
4-1-12-045,045,අලවෙඩි  බටහිර,அளவெட்டி மேற்கு,Alaveddy West,J/220,4: උතුර/ வடக்கு/ Northern,1: යාපනය/ யாழ்பாணம்/ Jaffna,12: වලිකාමම් උතුර/ வலிகாமம் வடக்கு (‎தெல்லிப்பளை/ Valikamam North (Tellipallai)
4-1-12-050,050,ඉළවාලෙයි උතුර,இளவாலை வடக்கு,Ilavalai North,J/221,4: උතුර/ வடக்கு/ Northern,1: යාපනය/ யாழ்பாணம்/ Jaffna,12: වලිකාමම් උතුර/ வலிகாமம் வடக்கு (‎தெல்லிப்பளை/ Valikamam North (Tellipallai)
4-1-12-055,055,ඉළවාලෙයි උතුර බටහිර,இளவாலை வட மேற்கு,Ilavalai North West,J/222,4: උතුර/ வடக்கு/ Northern,1: යාපනය/ யாழ்பாணம்/ Jaffna,12: වලිකාමම් උතුර/ வலிகாமம் வடக்கு (‎தெல்லிப்பளை/ Valikamam North (Tellipallai)
4-1-12-060,060,විතහපුරම්,விதகபுரம்,Vithahapuram,J/223,4: උතුර/ வடக்கு/ Northern,1: යාපනය/ யாழ்பாணம்/ Jaffna,12: වලිකාමම් උතුර/ வலிகாமம் வடக்கு (‎தெல்லிப்பளை/ Valikamam North (Tellipallai)
4-1-12-065,065,පන්නාලෙයි,பன்னாலை,Pannalai,J/224,4: උතුර/ வடக்கு/ Northern,1: යාපනය/ யாழ்பாணம்/ Jaffna,12: වලිකාමම් උතුර/ வலிகாமம் வடக்கு (‎தெல்லிப்பளை/ Valikamam North (Tellipallai)
4-1-12-070,070,කොල්ලන්කලඩ්ඩි,கொல்லன்கலட்டி,Kollankaladdy,J/225,4: උතුර/ வடக்கு/ Northern,1: යාපනය/ யாழ்பாணம்/ Jaffna,12: වලිකාමම් උතුර/ வலிகாமம் வடக்கு (‎தெல்லிப்பளை/ Valikamam North (Tellipallai)
4-1-12-075,075,නගුලේෂ්වරම්,நகுலேஸ்வரம்,Naguleswaram,J/226,4: උතුර/ வடக்கு/ Northern,1: යාපනය/ யாழ்பாணம்/ Jaffna,12: වලිකාමම් උතුර/ வலிகாமம் வடக்கு (‎தெல்லிப்பளை/ Valikamam North (Tellipallai)
4-1-12-080,080,තෙල්ලිප්පලෙයි නැගෙනහිර,தெல்லிப்பளை கிழக்கு,Tellippalai East,J/227,4: උතුර/ வடக்கு/ Northern,1: යාපනය/ யாழ்பாணம்/ Jaffna,12: වලිකාමම් උතුර/ வலிகாமம் வடக்கு (‎தெல்லிப்பளை/ Valikamam North (Tellipallai)
4-1-12-085,085,තෙල්ලිප්පලෙයි,தெல்லிப்பளை,Tellippalai,J/228,4: උතුර/ வடக்கு/ Northern,1: යාපනය/ யாழ்பாணம்/ Jaffna,12: වලිකාමම් උතුර/ வலிகாமம் வடக்கு (‎தெல்லிப்பளை/ Valikamam North (Tellipallai)
4-1-12-090,090,තුර්කාපුරම්,துர்க்காபுரம்,Thurkkapuram,J/229,4: උතුර/ வடக்கு/ Northern,1: යාපනය/ யாழ்பாணம்/ Jaffna,12: වලිකාමම් උතුර/ வலிகாமம் வடக்கு (‎தெல்லிப்பளை/ Valikamam North (Tellipallai)
4-1-12-095,095,තන්තෙයි චෙල්වාපුරම්,தந்தை செல்வாபுரம்,Thanthai Chelvapuram,J/230,4: උතුර/ வடக்கு/ Northern,1: යාපනය/ யாழ்பாணம்/ Jaffna,12: වලිකාමම් උතුර/ வலிகாமம் வடக்கு (‎தெல்லிப்பளை/ Valikamam North (Tellipallai)
4-1-12-100,100,මාවිඩ්ඩපුරම්,மாவிட்டபுரம்,Maviddapuram,J/231,4: උතුර/ வடக்கு/ Northern,1: යාපනය/ யாழ்பாணம்/ Jaffna,12: වලිකාමම් උතුර/ வலிகாமம் வடக்கு (‎தெல்லிப்பளை/ Valikamam North (Tellipallai)
4-1-12-105,105,මාවිඩ්ඩපුරම් දකුණ,மாவிட்டபுரம் தெற்கு,Maviddapuram South,J/232,4: උතුර/ வடக்கு/ Northern,1: යාපනය/ யாழ்பாணம்/ Jaffna,12: වලිකාමම් උතුර/ வலிகாமம் வடக்கு (‎தெல்லிப்பளை/ Valikamam North (Tellipallai)
4-1-12-110,110,කංකසන්තුරේයි බටහිර,காங்கேசன்துறை  மேற்கு,Kankesanthurai West,J/233,4: උතුර/ வடக்கு/ Northern,1: යාපනය/ யாழ்பாணம்/ Jaffna,12: වලිකාමම් උතුර/ வலிகாமம் வடக்கு (‎தெல்லிப்பளை/ Valikamam North (Tellipallai)
4-1-12-115,115,කංකසන්තුරේයි මධ්‍යම,காங்கேசன்துறை  மத்தி,Kankesanthurai Centre,J/234,4: උතුර/ வடக்கு/ Northern,1: යාපනය/ யாழ்பாணம்/ Jaffna,12: වලිකාමම් උතුර/ வலிகாமம் வடக்கு (‎தெல்லிப்பளை/ Valikamam North (Tellipallai)
4-1-12-120,120,කංකසන්තුරේයි දකුණ,காங்கேசன்துறை தெற்கு,Kankesanthurai South,J/235,4: උතුර/ வடக்கு/ Northern,1: යාපනය/ யாழ்பாணம்/ Jaffna,12: වලිකාමම් උතුර/ வலிகாமம் வடக்கு (‎தெல்லிப்பளை/ Valikamam North (Tellipallai)
4-1-12-125,125,පළෙයි වීමන්කාමම් උතුර,பளை வீமன்காமம் வடக்கு,Palai Veemankamam North,J/236,4: උතුර/ வடக்கு/ Northern,1: යාපනය/ யாழ்பாணம்/ Jaffna,12: වලිකාමම් උතුර/ வலிகாமம் வடக்கு (‎தெல்லிப்பளை/ Valikamam North (Tellipallai)
4-1-12-130,130,පළෙයි වීමන්කාමම්  දකුණ,பளை வீமன்காமம் தெற்கு,Palai Veemankamam South,J/237,4: උතුර/ வடக்கு/ Northern,1: යාපනය/ யாழ்பாணம்/ Jaffna,12: වලිකාමම් උතුර/ வலிகாமம் வடக்கு (‎தெல்லிப்பளை/ Valikamam North (Tellipallai)
4-1-12-135,135,කඩ්ඩුවන්,கட்டுவன்,Kadduvan,J/238,4: උතුර/ வடக்கு/ Northern,1: යාපනය/ யாழ்பாணம்/ Jaffna,12: වලිකාමම් උතුර/ வலிகாமம் வடக்கு (‎தெல்லிப்பளை/ Valikamam North (Tellipallai)
4-1-12-140,140,කඩ්ඩුවන්  බටහිර,கட்டுவன் மேற்கு,Kadduvan West,J/239,4: උතුර/ வடக்கு/ Northern,1: යාපනය/ யாழ்பாணம்/ Jaffna,12: වලිකාමම් උතුර/ வலிகாமம் வடக்கு (‎தெல்லிப்பளை/ Valikamam North (Tellipallai)
4-1-12-145,145,තෙන්මයාලෙයි,தென்மயிலை,Thenmaylai,J/240,4: උතුර/ வடக்கு/ Northern,1: යාපනය/ யாழ்பாணம்/ Jaffna,12: වලිකාමම් උතුර/ வலிகாமம் வடக்கு (‎தெல்லிப்பளை/ Valikamam North (Tellipallai)
4-1-12-150,150,වරුත්තලෙයිවිලාන්,வறுத்தலைவிளான்,Varuththalaivilan,J/241,4: උතුර/ வடக்கு/ Northern,1: යාපනය/ யாழ்பாணம்/ Jaffna,12: වලිකාමම් උතුර/ வலிகாமம் வடக்கு (‎தெல்லிப்பளை/ Valikamam North (Tellipallai)
4-1-12-155,155,කුරුම්පසිඩ්ඩි,குரும்பசிட்டி,Kurumpasiddy,J/242,4: උතුර/ வடக்கு/ Northern,1: යාපනය/ யாழ்பாணம்/ Jaffna,12: වලිකාමම් උතුර/ வலிகாமம் வடக்கு (‎தெல்லிப்பளை/ Valikamam North (Tellipallai)
4-1-12-160,160,කුරුම්පසිඩ්ඩි නැ‍ගෙනහිර,குரும்பசிட்டி கிழக்கு,Kurumpasiddy East,J/243,4: උතුර/ வடக்கு/ Northern,1: යාපනය/ யாழ்பாணம்/ Jaffna,12: වලිකාමම් උතුර/ வலிகாமம் வடக்கு (‎தெல்லிப்பளை/ Valikamam North (Tellipallai)
4-1-12-165,165,වසාවිලාන් නැගෙනහිර,வசாவிளான் கிழக்கு,Vasavilan East,J/244,4: උතුර/ வடக்கு/ Northern,1: යාපනය/ யாழ்பாணம்/ Jaffna,12: වලිකාමම් උතුර/ வலிகாமம் வடக்கு (‎தெல்லிப்பளை/ Valikamam North (Tellipallai)
4-1-12-170,170,වසාවිලාන් බටහිර,வசாவிளான் மேற்கு,Vasavilan West,J/245,4: උතුර/ வடக்கு/ Northern,1: යාපනය/ யாழ்பாணம்/ Jaffna,12: වලිකාමම් උතුර/ வலிகாமம் வடக்கு (‎தெல்லிப்பளை/ Valikamam North (Tellipallai)
4-1-12-175,175,මයිලිඩ්ඩි උතුර,மயிலிட்டி வடக்கு,Myliddy North,J/246,4: උතුර/ வடக்கு/ Northern,1: යාපනය/ யாழ்பாணம்/ Jaffna,12: වලිකාමම් උතුර/ வலிகாமம் வடக்கு (‎தெல்லிப்பளை/ Valikamam North (Tellipallai)
4-1-12-180,180,තයිඩ්ඩි නැගෙනහිර,தையிட்டி கிழக்கு,Thaiyiddy East,J/247,4: උතුර/ வடக்கு/ Northern,1: යාපනය/ யாழ்பாணம்/ Jaffna,12: වලිකාමම් උතුර/ வலிகாமம் வடக்கு (‎தெல்லிப்பளை/ Valikamam North (Tellipallai)
4-1-12-185,185,මයිලිඩ්ඩිතුරෙයි දකුණ,மயிலிட்டித்துறை  தெற்கு,Myliddithurai South,J/248,4: උතුර/ வடக்கு/ Northern,1: යාපනය/ யாழ்பாணம்/ Jaffna,12: වලිකාමම් උතුර/ வலிகாமம் வடக்கு (‎தெல்லிப்பளை/ Valikamam North (Tellipallai)
4-1-12-190,190,තයිඩ්ඩි උතුර,தையிட்டி வடக்கு,Thaiyiddy North,J/249,4: උතුර/ வடக்கு/ Northern,1: යාපනය/ யாழ்பாணம்/ Jaffna,12: වලිකාමම් උතුර/ வலிகாமம் வடக்கு (‎தெல்லிப்பளை/ Valikamam North (Tellipallai)
4-1-12-195,195,තයිඩ්ඩි දකුණ,தயிடி தெற்கு,Thaiyiddy South,J/250,4: උතුර/ வடக்கு/ Northern,1: යාපනය/ யாழ்பாணம்/ Jaffna,12: වලිකාමම් උතුර/ வலிகாமம் வடக்கு (‎தெல்லிப்பளை/ Valikamam North (Tellipallai)
4-1-12-200,200,මයිලිඩ්ඩිතුරෙයි උතුර,மயிலிட்டித்துறை தெற்கு வடக்கு,Myliddythurai North,J/251,4: උතුර/ வடக்கு/ Northern,1: යාපනය/ யாழ்பாணம்/ Jaffna,12: වලිකාමම් උතුර/ வலிகாமம் வடக்கு (‎தெல்லிப்பளை/ Valikamam North (Tellipallai)
4-1-12-205,205,පලාලි දකුණ,பலாலி தெற்கு,Palaly South,J/252,4: උතුර/ வடக்கு/ Northern,1: යාපනය/ யாழ்பாணம்/ Jaffna,12: වලිකාමම් උතුර/ வலிகாமம் வடக்கு (‎தெல்லிப்பளை/ Valikamam North (Tellipallai)
4-1-12-210,210,පලාලි  නැ‍ගෙනහිර,பலாலி கிழக்கு,Palaly East,J/253,4: උතුර/ வடக்கு/ Northern,1: යාපනය/ யாழ்பாணம்/ Jaffna,12: වලිකාමම් උතුර/ வலிகாமம் வடக்கு (‎தெல்லிப்பளை/ Valikamam North (Tellipallai)
4-1-12-215,215,පලාලි   උතුර,பலாலி வடக்கு,Palaly North,J/254,4: උතුර/ வடக்கு/ Northern,1: යාපනය/ யாழ்பாணம்/ Jaffna,12: වලිකාමම් උතුර/ வலிகாமம் வடக்கு (‎தெல்லிப்பளை/ Valikamam North (Tellipallai)
4-1-12-220,220,පලාලි උතුර බටහිර,பலாலி வட மேற்கு,Palaly North West,J/255,4: උතුර/ வடக்கு/ Northern,1: යාපනය/ யாழ்பாணம்/ Jaffna,12: වලිකාමම් උතුර/ வலிகாமம் வடக்கு (‎தெல்லிப்பளை/ Valikamam North (Tellipallai)
4-1-12-225,225,පලාලි  බටහිර,பலாலி மேற்கு,Palaly West,J/256,4: උතුර/ வடக்கு/ Northern,1: යාපනය/ யாழ்பாணம்/ Jaffna,12: වලිකාමම් උතුර/ வலிகாமம் வடக்கு (‎தெல்லிப்பளை/ Valikamam North (Tellipallai)
4-1-15-005,005,උඩුවිල් දකුණ බටහිර,உடுவில் தென்மேற்கு,Uduvil South West,J/182,4: උතුර/ வடக்கு/ Northern,1: යාපනය/ யாழ்பாணம்/ Jaffna,15: වලිකාමම් දකුණ උඩුවිල් / வலிகாமம் தெற்கு (உடுவில்)/ Valikamam South (Uduvil)
4-1-15-010,010,උඩුවිල් දකුණ නැගෙනහිර,உடுவில் தென் கிழக்கு,Uduvil South  East,J/183,4: උතුර/ வடக்கு/ Northern,1: යාපනය/ யாழ்பாணம்/ Jaffna,15: වලිකාමම් දකුණ උඩුවිල් / வலிகாமம் தெற்கு (உடுவில்)/ Valikamam South (Uduvil)
4-1-15-015,015,උඩුවිල් මධ්‍යම,உடுவில் மத்தி,Uduvil Centre,J/184,4: උතුර/ வடக்கு/ Northern,1: යාපනය/ யாழ்பாணம்/ Jaffna,15: වලිකාමම් දකුණ උඩුවිල් / வலிகாமம் தெற்கு (உடுவில்)/ Valikamam South (Uduvil)
4-1-15-020,020,උඩුවිල්  මධ්‍යම උතුර,உடுவில் மத்தி வடக்கு,Uduvil Centre North,J/185,4: උතුර/ வடக்கு/ Northern,1: යාපනය/ யாழ்பாணம்/ Jaffna,15: වලිකාමම් දකුණ උඩුවිල් / வலிகாமம் தெற்கு (உடுவில்)/ Valikamam South (Uduvil)
4-1-15-025,025,උඩුවිල්  උතුර,உடுவில் வடக்கு,Uduvil North,J/186,4: උතුර/ வடக்கு/ Northern,1: යාපනය/ யாழ்பாணம்/ Jaffna,15: වලිකාමම් දකුණ උඩුවිල් / வலிகாமம் தெற்கு (உடுவில்)/ Valikamam South (Uduvil)
4-1-15-030,030,සන්ගුවලි,சங்குவேலி,Sanguvely,J/187,4: උතුර/ வடக்கு/ Northern,1: යාපනය/ யாழ்பாணம்/ Jaffna,15: වලිකාමම් දකුණ උඩුවිල් / வலிகாமம் தெற்கு (உடுவில்)/ Valikamam South (Uduvil)
4-1-15-035,035,ඉනුවිල් දකුණ බටහිර,இணுவில் தென் மேற்கு,Inuvil South West,J/188,4: උතුර/ வடக்கு/ Northern,1: යාපනය/ யாழ்பாணம்/ Jaffna,15: වලිකාමම් දකුණ උඩුවිල් / வலிகாமம் தெற்கு (உடுவில்)/ Valikamam South (Uduvil)
4-1-15-040,040,ඉනුවිල් නැගෙනහිර,இணுவில் கிழக்கு,Inuvil East,J/189,4: උතුර/ வடக்கு/ Northern,1: යාපනය/ யாழ்பாணம்/ Jaffna,15: වලිකාමම් දකුණ උඩුවිල් / வலிகாமம் தெற்கு (உடுவில்)/ Valikamam South (Uduvil)
4-1-15-045,045,ඉනුවිල්  උතුර නැගෙනහිර,இணுவில் வட கிழக்கு,Inuvil North  East,J/190,4: උතුර/ வடக்கு/ Northern,1: යාපනය/ யாழ்பாணம்/ Jaffna,15: වලිකාමම් දකුණ උඩුවිල් / வலிகாமம் தெற்கு (உடுவில்)/ Valikamam South (Uduvil)
4-1-15-050,050,ඉනුවිල්   බටහිර,இணுவில் மேற்கு,Inuvil West,J/191,4: උතුර/ வடக்கு/ Northern,1: යාපනය/ யாழ்பாணம்/ Jaffna,15: වලිකාමම් දකුණ උඩුවිල් / வலிகாமம் தெற்கு (உடுவில்)/ Valikamam South (Uduvil)
4-1-15-055,055,තාවඩි දකුණ,தாவடி தெற்கு,Thavady South,J/192,4: උතුර/ வடக்கு/ Northern,1: යාපනය/ யாழ்பாணம்/ Jaffna,15: වලිකාමම් දකුණ උඩුවිල් / வலிகாமம் தெற்கு (உடுவில்)/ Valikamam South (Uduvil)
4-1-15-060,060,තාවඩි නැගෙනහිර,தாவடி  கிழக்கு,Thavady East,J/193,4: උතුර/ வடக்கு/ Northern,1: යාපනය/ யாழ்பாணம்/ Jaffna,15: වලිකාමම් දකුණ උඩුවිල් / வலிகாமம் தெற்கு (உடுவில்)/ Valikamam South (Uduvil)
4-1-15-065,065,තාවඩි උතුර,தாவடி வடக்கு,Thavady North,J/194,4: උතුර/ வடக்கு/ Northern,1: යාපනය/ யாழ்பாணம்/ Jaffna,15: වලිකාමම් දකුණ උඩුවිල් / வலிகாமம் தெற்கு (உடுவில்)/ Valikamam South (Uduvil)
4-1-15-070,070,චුන්නාකම් නගරය උතුර,சுன்னாகம் நகரம் வடக்கு,Chunnakam Town North,J/195,4: උතුර/ வடக்கு/ Northern,1: යාපනය/ யாழ்பாணம்/ Jaffna,15: වලිකාමම් දකුණ උඩුවිල් / வலிகாமம் தெற்கு (உடுவில்)/ Valikamam South (Uduvil)
4-1-15-075,075,චුන්නාකම් නගරය දකුණ,சுன்னாகம் நகரம் தெற்கு,Chunnakam Town South,J/196,4: උතුර/ வடக்கு/ Northern,1: යාපනය/ யாழ்பாணம்/ Jaffna,15: වලිකාමම් දකුණ උඩුවිල් / வலிகாமம் தெற்கு (உடுவில்)/ Valikamam South (Uduvil)
4-1-15-080,080,චුන්නාකම් නගරය නැගෙනහිර,சுன்னாகம் நகரம் கிழக்கு,Chunnakam Town East,J/197,4: උතුර/ வடக்கு/ Northern,1: යාපනය/ யாழ்பாணம்/ Jaffna,15: වලිකාමම් දකුණ උඩුවිල් / வலிகாமம் தெற்கு (உடுவில்)/ Valikamam South (Uduvil)
4-1-15-085,085,චුන්නාකම් නගරය මධ්‍යම,சுன்னாகம் நகரம் மத்தி,Chunnakam  Town Centre,J/198,4: උතුර/ வடக்கு/ Northern,1: යාපනය/ யாழ்பாணம்/ Jaffna,15: වලිකාමම් දකුණ උඩුවිල් / வலிகாமம் தெற்கு (உடுவில்)/ Valikamam South (Uduvil)
4-1-15-090,090,චුන්නාකම් නගරය බටහිර,சுன்னாகம் நகரம் மேற்கு,Chunnakam  Town West,J/199,4: උතුර/ வடக்கு/ Northern,1: යාපනය/ யாழ்பாணம்/ Jaffna,15: වලිකාමම් දකුණ උඩුවිල් / வலிகாமம் தெற்கு (உடுவில்)/ Valikamam South (Uduvil)
4-1-15-095,095,කඳරෝඩෙයි,கந்தரோடை,Kantharodai,J/200,4: උතුර/ வடக்கு/ Northern,1: යාපනය/ யாழ்பாணம்/ Jaffna,15: වලිකාමම් දකුණ උඩුවිල් / வலிகாமம் தெற்கு (உடுவில்)/ Valikamam South (Uduvil)
4-1-15-100,100,එ්ළාලෙයි බටහිර,ஏழாலை  மேற்கு,Earlalai West,J/201,4: උතුර/ வடக்கு/ Northern,1: යාපනය/ யாழ்பாணம்/ Jaffna,15: වලිකාමම් දකුණ උඩුවිල් / வலிகாமம் தெற்கு (உடுவில்)/ Valikamam South (Uduvil)
4-1-15-105,105,ඒලාලෙයි දකුණ බටහිර,ஏழாலை தென் மேற்கு,Earlalai South West,J/202,4: උතුර/ வடக்கு/ Northern,1: යාපනය/ யாழ்பாணம்/ Jaffna,15: වලිකාමම් දකුණ උඩුවිල් / வலிகாமம் தெற்கு (உடுவில்)/ Valikamam South (Uduvil)
4-1-15-110,110,ඒලාලෙයි  දකුණ,ஏழாலை தெற்கு,Earlalai South,J/203,4: උතුර/ வடக்கு/ Northern,1: යාපනය/ யாழ்பாணம்/ Jaffna,15: වලිකාමම් දකුණ උඩුවිල් / வலிகாமம் தெற்கு (உடுவில்)/ Valikamam South (Uduvil)
4-1-15-115,115,ඒලාලෙයි නැගෙනහිර,ஏழாலை கிழக்கு,Earlalai East,J/204,4: උතුර/ வடக்கு/ Northern,1: යාපනය/ யாழ்பாணம்/ Jaffna,15: වලිකාමම් දකුණ උඩුවිල් / வலிகாமம் தெற்கு (உடுவில்)/ Valikamam South (Uduvil)
4-1-15-120,120,ඒලාලෙයි උතුර,ஏழாலை வடக்கு,Earlalai North,J/205,4: උතුර/ வடக்கு/ Northern,1: යාපනය/ யாழ்பாணம்/ Jaffna,15: වලිකාමම් දකුණ උඩුවිල් / வலிகாமம் தெற்கு (உடுவில்)/ Valikamam South (Uduvil)
4-1-15-125,125,ඒලාලෙයි  මධ්‍යම,ஏழாலை மத்தி,Earlalai Centre,J/206,4: උතුර/ வடக்கு/ Northern,1: යාපනය/ யாழ்பாணம்/ Jaffna,15: වලිකාමම් දකුණ උඩුවිල් / வலிகாமம் தெற்கு (உடுவில்)/ Valikamam South (Uduvil)
4-1-15-130,130,පුන්නාලෙයි කඩ්ඩුවන් දකුණ,புன்னாலைகட்டுவன் தெற்கு,Punnalaikadduvan South,J/207,4: උතුර/ வடக்கு/ Northern,1: යාපනය/ யாழ்பாணம்/ Jaffna,15: වලිකාමම් දකුණ උඩුවිල් / வலிகாமம் தெற்கு (உடுவில்)/ Valikamam South (Uduvil)
4-1-15-135,135,පුන්නාලෙයි කඩ්ඩුවන්   උතුර,புன்னாலைகட்டுவன் வடக்கு,Punnalaikadduvan  North,J/208,4: උතුර/ வடக்கு/ Northern,1: යාපනය/ யாழ்பாணம்/ Jaffna,15: වලිකාමම් දකුණ උඩුවිල් / வலிகாமம் தெற்கு (உடுவில்)/ Valikamam South (Uduvil)
4-1-15-140,140,ඊවිනෙයි,ஏவனை,Evinai,J/209,4: උතුර/ வடக்கு/ Northern,1: යාපනය/ யாழ்பாணம்/ Jaffna,15: වලිකාමම් දකුණ උඩුවිල් / வலிகாமம் தெற்கு (உடுவில்)/ Valikamam South (Uduvil)
4-1-15-145,145,කුප්පිලාන් දකුණ,குப்பிளான் தெற்கு,Kuppilan South,J/210,4: උතුර/ வடக்கு/ Northern,1: යාපනය/ யாழ்பாணம்/ Jaffna,15: වලිකාමම් දකුණ උඩුවිල් / வலிகாமம் தெற்கு (உடுவில்)/ Valikamam South (Uduvil)
4-1-15-150,150,කුප්පිලාන් උතුර,குப்பிளான் வடக்கு,Kuppilan  North,J/211,4: උතුර/ வடக்கு/ Northern,1: යාපනය/ யாழ்பாணம்/ Jaffna,15: වලිකාමම් දකුණ උඩුවිල් / வலிகாமம் தெற்கு (உடுவில்)/ Valikamam South (Uduvil)
4-1-18-005,005,ඉරුපාලෙයි දකුණ,இருபாலை தெற்கு,Irupalai South,J/257,4: උතුර/ வடக்கு/ Northern,1: යාපනය/ யாழ்பாணம்/ Jaffna,18: වලිකාමම් නැගෙනහිර/ வலிகாமம் கிழக்கு/ valikamam-East(kopayi)
4-1-18-010,010,ඉරුපාලෙයි නැගෙනහිර,இருபாலை கிழக்கு,Irupalai  East,J/258,4: උතුර/ வடக்கு/ Northern,1: යාපනය/ யாழ்பாணம்/ Jaffna,18: වලිකාමම් නැගෙනහිර/ வலிகாமம் கிழக்கு/ valikamam-East(kopayi)
4-1-18-015,015,කල්වියංකාඩු,கல்வியங்காடு,Kalviyankadu,J/259,4: උතුර/ வடக்கு/ Northern,1: යාපනය/ யாழ்பாணம்/ Jaffna,18: වලිකාමම් නැගෙනහිර/ வலிகாமம் கிழக்கு/ valikamam-East(kopayi)
4-1-18-020,020,කෝපායි දකුණ,கோப்பாய் தெற்கு,Kopay South,J/260,4: උතුර/ வடக்கு/ Northern,1: යාපනය/ யாழ்பாணம்/ Jaffna,18: වලිකාමම් නැගෙනහිර/ வலிகாமம் கிழக்கு/ valikamam-East(kopayi)
4-1-18-025,025,කෝපායි මැද,கோப்பாய் மத்தி,Kopay Center,J/261,4: උතුර/ வடக்கு/ Northern,1: යාපනය/ யாழ்பாணம்/ Jaffna,18: වලිකාමම් නැගෙනහිර/ வலிகாமம் கிழக்கு/ valikamam-East(kopayi)
4-1-18-030,030,කෝපායි උතුර,கோப்பாய் வடக்கு,Kopay North,J/262,4: උතුර/ வடக்கு/ Northern,1: යාපනය/ யாழ்பாணம்/ Jaffna,18: වලිකාමම් නැගෙනහිර/ வலிகாமம் கிழக்கு/ valikamam-East(kopayi)
4-1-18-035,035,උරුම්පිරායි බටහිර,உரும்பிராய்  மேற்கு,Urumpirai West,J/263,4: උතුර/ வடக்கு/ Northern,1: යාපනය/ யாழ்பாணம்/ Jaffna,18: වලිකාමම් නැගෙනහිර/ வலிகாமம் கிழக்கு/ valikamam-East(kopayi)
4-1-18-040,040,උරුම්පිරායි  උතුර,உரும்பிராய் வடக்கு,Urumpirai North,J/264,4: උතුර/ வடக்கு/ Northern,1: යාපනය/ யாழ்பாணம்/ Jaffna,18: වලිකාමම් නැගෙනහිර/ வலிகாமம் கிழக்கு/ valikamam-East(kopayi)
4-1-18-045,045,උරුම්පිරායි දකුණ,உரும்பிராய் தெற்கு,Urumpirai South,J/265,4: උතුර/ வடக்கு/ Northern,1: යාපනය/ யாழ்பாணம்/ Jaffna,18: වලිකාමම් නැගෙනහිර/ வலிகாமம் கிழக்கு/ valikamam-East(kopayi)
4-1-18-050,050,උරුම්පිරායි  නැගෙනහිර,உரும்பிராய் கிழக்கு,Urumpirai East,J/266,4: උතුර/ வடக்கு/ Northern,1: යාපනය/ யாழ்பாணம்/ Jaffna,18: වලිකාමම් නැගෙනහිර/ வலிகாமம் கிழக்கு/ valikamam-East(kopayi)
4-1-18-055,055,ඌරෙළු,ஊரெழு,Urelu,J/267,4: උතුර/ வடக்கு/ Northern,1: යාපනය/ யாழ்பாணம்/ Jaffna,18: වලිකාමම් නැගෙනහිර/ வலிகாமம் கிழக்கு/ valikamam-East(kopayi)
4-1-18-060,060,නීර්වේලි දකුණ,நீர்வேலி தெற்கு,Neervely South,J/268,4: උතුර/ வடக்கு/ Northern,1: යාපනය/ யாழ்பாணம்/ Jaffna,18: වලිකාමම් නැගෙනහිර/ வலிகாமம் கிழக்கு/ valikamam-East(kopayi)
4-1-18-065,065,නීර්වේලි උතුර,நீர்வேலி வடக்கு,Neervely North,J/269,4: උතුර/ வடக்கு/ Northern,1: යාපනය/ யாழ்பாணம்/ Jaffna,18: වලිකාමම් නැගෙනහිර/ வலிகாமம் கிழக்கு/ valikamam-East(kopayi)
4-1-18-070,070,නීර්වේලි බටහිර,நீர்வேலி மேற்கு,Neervely West,J/270,4: උතුර/ வடக்கு/ Northern,1: යාපනය/ யாழ்பாணம்/ Jaffna,18: වලිකාමම් නැගෙනහිර/ வலிகாமம் கிழக்கு/ valikamam-East(kopayi)
4-1-18-075,075,සිරුප්පිඩ්ඩි නැගෙනහිර,சிறுப்பிட்டி கிழக்கு,Siruppiddy East,J/271,4: උතුර/ வடக்கு/ Northern,1: යාපනය/ யாழ்பாணம்/ Jaffna,18: වලිකාමම් නැගෙනහිර/ வலிகாமம் கிழக்கு/ valikamam-East(kopayi)
4-1-18-080,080,සිරුප්පිඩ්ඩි බටහිර,சிறுப்பிட்டி  மேற்கு,Siruppiddy West,J/272,4: උතුර/ வடக்கு/ Northern,1: යාපනය/ யாழ்பாணம்/ Jaffna,18: වලිකාමම් නැගෙනහිර/ வலிகாமம் கிழக்கு/ valikamam-East(kopayi)
4-1-18-085,085,පුත්තූර් බටහිර,புத்தூர் மேற்கு,Puttur West,J/273,4: උතුර/ வடக்கு/ Northern,1: යාපනය/ யாழ்பாணம்/ Jaffna,18: වලිකාමම් නැගෙනහිර/ வலிகாமம் கிழக்கு/ valikamam-East(kopayi)
4-1-18-090,090,පුත්තූර් උතුර,புத்தூர் வடக்கு,Puttur North,J/274,4: උතුර/ வடக்கு/ Northern,1: යාපනය/ யாழ்பாணம்/ Jaffna,18: වලිකාමම් නැගෙනහිර/ வலிகாமம் கிழக்கு/ valikamam-East(kopayi)
4-1-18-095,095,නවකිරි,நவக்கிரி,Navakkiri,J/275,4: උතුර/ வடக்கு/ Northern,1: යාපනය/ யாழ்பாணம்/ Jaffna,18: වලිකාමම් නැගෙනහිර/ வலிகாமம் கிழக்கு/ valikamam-East(kopayi)
4-1-18-100,100,ආවරංකාල් නැගෙනහිර,ஆவரங்கால்  கிழக்கு,Avaranhal East,J/276,4: උතුර/ வடக்கு/ Northern,1: යාපනය/ யாழ்பாணம்/ Jaffna,18: වලිකාමම් නැගෙනහිර/ வலிகாமம் கிழக்கு/ valikamam-East(kopayi)
4-1-18-105,105,ආවරංකාල් බටහිර,ஆவரங்கால்  மேற்கு,Avarankal West,J/277,4: උතුර/ வடக்கு/ Northern,1: යාපනය/ யாழ்பாணம்/ Jaffna,18: වලිකාමම් නැගෙනහිර/ வலிகாமம் கிழக்கு/ valikamam-East(kopayi)
4-1-18-110,110,පුත්තූර් නැගෙනහිර,புத்தூர் கிழக்கு,Puttur East,J/278,4: උතුර/ வடக்கு/ Northern,1: යාපනය/ யாழ்பாணம்/ Jaffna,18: වලිකාමම් නැගෙනහිර/ வலிகாமம் கிழக்கு/ valikamam-East(kopayi)
4-1-18-115,115,අච්චේළු,அச்செழு,Achchelu,J/279,4: උතුර/ வடக்கு/ Northern,1: යාපනය/ யாழ்பாணம்/ Jaffna,18: වලිකාමම් නැගෙනහිර/ வலிகாமம் கிழக்கு/ valikamam-East(kopayi)
4-1-18-120,120,වාදරවත්තෙයි,வாதரவத்தை,Watharawaththai,J/280,4: උතුර/ வடக்கு/ Northern,1: යාපනය/ யாழ்பாணம்/ Jaffna,18: වලිකාමම් නැගෙනහිර/ வலிகாமம் கிழக்கு/ valikamam-East(kopayi)
4-1-18-125,125,පත්තමෙනි,பத்தமேனி,Paththaimeny,J/281,4: උතුර/ வடக்கு/ Northern,1: යාපනය/ யாழ்பாணம்/ Jaffna,18: වලිකාමම් නැගෙනහිර/ வலிகாமம் கிழக்கு/ valikamam-East(kopayi)
4-1-18-130,130,තම්පාලෙයි කදිරිපායි,தம்பாலை கதிரிப்பாய்,Thampalai Kathirippai,J/282,4: උතුර/ வடக்கு/ Northern,1: යාපනය/ யாழ்பாணம்/ Jaffna,18: වලිකාමම් නැගෙනහිර/ வலிகாமம் கிழக்கு/ valikamam-East(kopayi)
4-1-18-135,135,ඉඩෙයිකාඩු,இடைக்காடு,Idaikaddu,J/283,4: උතුර/ வடக்கு/ Northern,1: යාපනය/ யாழ்பாணம்/ Jaffna,18: වලිකාමම් නැගෙනහිර/ வலிகாமம் கிழக்கு/ valikamam-East(kopayi)
4-1-18-140,140,වළලායි,வளலாய்,Valalai,J/284,4: උතුර/ வடக்கு/ Northern,1: යාපනය/ யாழ்பாணம்/ Jaffna,18: වලිකාමම් නැගෙනහිර/ வலிகாமம் கிழக்கு/ valikamam-East(kopayi)
4-1-18-145,145,අච්චුවේලි උතුර,அச்சுவேலி வடக்கு,Atchuvely North,J/285,4: උතුර/ வடக்கு/ Northern,1: යාපනය/ யாழ்பாணம்/ Jaffna,18: වලිකාමම් නැගෙනහිර/ வலிகாமம் கிழக்கு/ valikamam-East(kopayi)
4-1-18-150,150,අච්චුවේලි දකුණ,அச்சுவேலி தெற்கு,Atchuvely South,J/286,4: උතුර/ வடக்கு/ Northern,1: යාපනය/ யாழ்பாணம்/ Jaffna,18: වලිකාමම් නැගෙනහිර/ வலிகாமம் கிழக்கு/ valikamam-East(kopayi)
4-1-18-155,155,අච්චු‍වේලි බටහිර,அச்சுவேலி மேற்கு,Atchuvely West,J/287,4: උතුර/ வடக்கு/ Northern,1: යාපනය/ யாழ்பாணம்/ Jaffna,18: වලිකාමම් නැගෙනහිර/ வலிகாமம் கிழக்கு/ valikamam-East(kopayi)
4-1-21-005,005,කරණවායි දකුණ,கரணவாய் தெற்கு,Karanavai South,J/348,4: උතුර/ வடக்கு/ Northern,1: යාපනය/ யாழ்பாணம்/ Jaffna,"21: වඩමාරච්චි දකුණ බටහිර කරවෙඩ්ඩි/ வடமராச்சி ‎தென்‍மேற்கு (கர‎வெட்டி)/ Vadamaradchy South-West, Karaveddy"
4-1-21-010,010,කරණවායි බටහිර,கரணவாய் மேற்கு,Karanavai West,J/349,4: උතුර/ வடக்கு/ Northern,1: යාපනය/ யாழ்பாணம்/ Jaffna,"21: වඩමාරච්චි දකුණ බටහිර කරවෙඩ්ඩි/ வடமராச்சி ‎தென்‍மேற்கு (கர‎வெட்டி)/ Vadamaradchy South-West, Karaveddy"
4-1-21-015,015,කරණවායි,கரணவாய்,Karanavai,J/350,4: උතුර/ வடக்கு/ Northern,1: යාපනය/ யாழ்பாணம்/ Jaffna,"21: වඩමාරච්චි දකුණ බටහිර කරවෙඩ්ඩි/ வடமராச்சி ‎தென்‍மேற்கு (கர‎வெட்டி)/ Vadamaradchy South-West, Karaveddy"
4-1-21-020,020,කරණවායි නැගෙනහිර,கரணவாய் கிழக்கு,Karanavai East,J/351,4: උතුර/ வடக்கு/ Northern,1: යාපනය/ யாழ்பாணம்/ Jaffna,"21: වඩමාරච්චි දකුණ බටහිර කරවෙඩ්ඩි/ வடமராச்சி ‎தென்‍மேற்கு (கர‎வெட்டி)/ Vadamaradchy South-West, Karaveddy"
4-1-21-025,025,උඩුප්පිඩඩි,உடுப்பிட்டி,Uduppidy,J/352,4: උතුර/ வடக்கு/ Northern,1: යාපනය/ யாழ்பாணம்/ Jaffna,"21: වඩමාරච්චි දකුණ බටහිර කරවෙඩ්ඩි/ வடமராச்சி ‎தென்‍மேற்கு (கர‎வெட்டி)/ Vadamaradchy South-West, Karaveddy"
4-1-21-030,030,උඩුප්පිඩ්ඩි උතුර,உடுபிட்டி வடக்கு,Uduppidy North,J/353,4: උතුර/ வடக்கு/ Northern,1: යාපනය/ யாழ்பாணம்/ Jaffna,"21: වඩමාරච්චි දකුණ බටහිර කරවෙඩ්ඩි/ வடமராச்சி ‎தென்‍மேற்கு (கர‎வெட்டி)/ Vadamaradchy South-West, Karaveddy"
4-1-21-035,035,උඩුප්පඩ්ඩි දකුණ,உடுப்பிட்டி தெற்கு,Uduppidy South,J/354,4: උතුර/ வடக்கு/ Northern,1: යාපනය/ யாழ்பாணம்/ Jaffna,"21: වඩමාරච්චි දකුණ බටහිර කරවෙඩ්ඩි/ வடமராச்சி ‎தென்‍மேற்கு (கர‎வெட்டி)/ Vadamaradchy South-West, Karaveddy"
4-1-21-040,040,වල්වෙඩ්ඩි,வல்வெட்டி,Valvetty,J/355,4: උතුර/ வடக்கு/ Northern,1: යාපනය/ யாழ்பாணம்/ Jaffna,"21: වඩමාරච්චි දකුණ බටහිර කරවෙඩ්ඩි/ வடமராச்சி ‎தென்‍மேற்கு (கர‎வெட்டி)/ Vadamaradchy South-West, Karaveddy"
4-1-21-045,045,වල්වෙඩ්ඩි මැද,வல்வெட்டி மத்தி,Valvetty Centre,J/356,4: උතුර/ வடக்கு/ Northern,1: යාපනය/ யாழ்பாணம்/ Jaffna,"21: වඩමාරච්චි දකුණ බටහිර කරවෙඩ්ඩි/ வடமராச்சி ‎தென்‍மேற்கு (கர‎வெட்டி)/ Vadamaradchy South-West, Karaveddy"
4-1-21-050,050,සමරබාහු,சமரபாகு,Samarabahu,J/357,4: උතුර/ வடக்கு/ Northern,1: යාපනය/ யாழ்பாணம்/ Jaffna,"21: වඩමාරච්චි දකුණ බටහිර කරවෙඩ්ඩි/ வடமராச்சி ‎தென்‍மேற்கு (கர‎வெட்டி)/ Vadamaradchy South-West, Karaveddy"
4-1-21-055,055,ඉමෙයාණන්,இமையாணன்,Imayanan,J/358,4: උතුර/ வடக்கு/ Northern,1: යාපනය/ யாழ்பாணம்/ Jaffna,"21: වඩමාරච්චි දකුණ බටහිර කරවෙඩ්ඩි/ வடமராச்சி ‎தென்‍மேற்கு (கர‎வெட்டி)/ Vadamaradchy South-West, Karaveddy"
4-1-21-060,060,ඉමෙයාණන් බටහිර,இமயனன் கிழக்கு,Imayanan West,J/359,4: උතුර/ வடக்கு/ Northern,1: යාපනය/ யாழ்பாணம்/ Jaffna,"21: වඩමාරච්චි දකුණ බටහිර කරවෙඩ්ඩි/ வடமராச்சி ‎தென்‍மேற்கு (கர‎வெட்டி)/ Vadamaradchy South-West, Karaveddy"
4-1-21-065,065,කරණවායි උතුර,கரணவாய் வடக்கு,Karanavai North,J/360,4: උතුර/ வடக்கு/ Northern,1: යාපනය/ யாழ்பாணம்/ Jaffna,"21: වඩමාරච්චි දකුණ බටහිර කරවෙඩ්ඩි/ வடமராச்சி ‎தென்‍மேற்கு (கர‎வெட்டி)/ Vadamaradchy South-West, Karaveddy"
4-1-21-070,070,කරණවායි උතුර බටහිර,கரணவாய் வடமேற்கு,Karanavai North West,J/361,4: උතුර/ வடக்கு/ Northern,1: යාපනය/ யாழ்பாணம்/ Jaffna,"21: වඩමාරච්චි දකුණ බටහිර කරවෙඩ්ඩි/ வடமராச்சி ‎தென்‍மேற்கு (கர‎வெட்டி)/ Vadamaradchy South-West, Karaveddy"
4-1-21-075,075,කරණවායි මැද,கரணவாய் மத்தி,Karanavai Centre,J/362,4: උතුර/ வடக்கு/ Northern,1: යාපනය/ யாழ்பாணம்/ Jaffna,"21: වඩමාරච්චි දකුණ බටහිර කරවෙඩ්ඩි/ வடமராச்சி ‎தென்‍மேற்கு (கர‎வெட்டி)/ Vadamaradchy South-West, Karaveddy"
4-1-21-080,080,කරවෙඩ්ඩි බටහිර,கர‎வெட்டி மேற்கு,Karaveddy West,J/363,4: උතුර/ வடக்கு/ Northern,1: යාපනය/ யாழ்பாணம்/ Jaffna,"21: වඩමාරච්චි දකුණ බටහිර කරවෙඩ්ඩි/ வடமராச்சி ‎தென்‍மேற்கு (கர‎வெட்டி)/ Vadamaradchy South-West, Karaveddy"
4-1-21-085,085,කරවෙඩ්ඩි උතුර,கர‎வெட்டி வடக்கு,Karaveddy North,J/364,4: උතුර/ வடக்கு/ Northern,1: යාපනය/ யாழ்பாணம்/ Jaffna,"21: වඩමාරච්චි දකුණ බටහිර කරවෙඩ්ඩි/ வடமராச்சி ‎தென்‍மேற்கு (கர‎வெட்டி)/ Vadamaradchy South-West, Karaveddy"
4-1-21-090,090,කරවෙඩ්ඩි දකුණ,கர‎வெட்டி தெற்கு,Karaveddy  South,J/365,4: උතුර/ வடக்கு/ Northern,1: යාපනය/ யாழ்பாணம்/ Jaffna,"21: වඩමාරච්චි දකුණ බටහිර කරවෙඩ්ඩි/ வடமராச்சி ‎தென்‍மேற்கு (கர‎வெட்டி)/ Vadamaradchy South-West, Karaveddy"
4-1-21-095,095,මත්තොනි,மத்தோணி,Maththony,J/366,4: උතුර/ வடக்கு/ Northern,1: යාපනය/ யாழ்பாணம்/ Jaffna,"21: වඩමාරච්චි දකුණ බටහිර කරවෙඩ්ඩි/ வடமராச்சி ‎தென்‍மேற்கு (கர‎வெட்டி)/ Vadamaradchy South-West, Karaveddy"
4-1-21-100,100,කරවෙඩ්ඩි මැද,கர‎வெட்டி மத்தி,Karaveddy Centre,J/367,4: උතුර/ வடக்கு/ Northern,1: යාපනය/ யாழ்பாணம்/ Jaffna,"21: වඩමාරච්චි දකුණ බටහිර කරවෙඩ්ඩි/ வடமராச்சி ‎தென்‍மேற்கு (கர‎வெட்டி)/ Vadamaradchy South-West, Karaveddy"
4-1-21-105,105,කරවෙඩ්ඩි නැගෙනහිර,கர‎வெட்டி கிழக்கு,Karaveddy East,J/368,4: උතුර/ வடக்கு/ Northern,1: යාපනය/ யாழ்பாணம்/ Jaffna,"21: වඩමාරච්චි දකුණ බටහිර කරවෙඩ්ඩි/ வடமராச்சி ‎தென்‍மேற்கு (கர‎வெட்டி)/ Vadamaradchy South-West, Karaveddy"
4-1-21-110,110,කඩඩෙයිවේලි,கட்டைவெலி,Kaddaiveli,J/369,4: උතුර/ வடக்கு/ Northern,1: යාපනය/ யாழ்பாணம்/ Jaffna,"21: වඩමාරච්චි දකුණ බටහිර කරවෙඩ්ඩි/ வடமராச்சி ‎தென்‍மேற்கு (கர‎வெட்டி)/ Vadamaradchy South-West, Karaveddy"
4-1-21-115,115,තුන්නාලෙයි දකුණ,துன்னாலை தெற்கு,Thunnalai South,J/370,4: උතුර/ வடக்கு/ Northern,1: යාපනය/ யாழ்பாணம்/ Jaffna,"21: වඩමාරච්චි දකුණ බටහිර කරවෙඩ්ඩි/ வடமராச்சி ‎தென்‍மேற்கு (கர‎வெட்டி)/ Vadamaradchy South-West, Karaveddy"
4-1-21-120,120,තුන්නාලෙයි නැගෙනහිර,துன்னாலை கிழக்கு,Thunnalai East,J/371,4: උතුර/ வடக்கு/ Northern,1: යාපනය/ யாழ்பாணம்/ Jaffna,"21: වඩමාරච්චි දකුණ බටහිර කරවෙඩ්ඩි/ வடமராச்சி ‎தென்‍மேற்கு (கர‎வெட்டி)/ Vadamaradchy South-West, Karaveddy"
4-1-21-125,125,තුන්නාලෙයි,துன்னாலை,Thunnalai,J/372,4: උතුර/ வடக்கு/ Northern,1: යාපනය/ யாழ்பாணம்/ Jaffna,"21: වඩමාරච්චි දකුණ බටහිර කරවෙඩ්ඩි/ வடமராச்சி ‎தென்‍மேற்கு (கர‎வெட்டி)/ Vadamaradchy South-West, Karaveddy"
4-1-21-130,130,තුන්නාලෙයි මැද,துன்னாலை மத்தி,Thunnalai Centre,J/373,4: උතුර/ வடக்கு/ Northern,1: යාපනය/ யாழ்பாணம்/ Jaffna,"21: වඩමාරච්චි දකුණ බටහිර කරවෙඩ්ඩි/ வடமராச்சி ‎தென்‍மேற்கு (கர‎வெட்டி)/ Vadamaradchy South-West, Karaveddy"
4-1-21-135,135,තුන්නාලෙයි බටහිර,துன்னாலை மேற்கு,Thunnalai West,J/374,4: උතුර/ வடக்கு/ Northern,1: යාපනය/ யாழ்பாணம்/ Jaffna,"21: වඩමාරච්චි දකුණ බටහිර කරවෙඩ්ඩි/ வடமராச்சி ‎தென்‍மேற்கு (கர‎வெட்டி)/ Vadamaradchy South-West, Karaveddy"
4-1-21-140,140,කෙල්ලිඅඩි උතුර,நெல்லியடி வடக்கு,Nelliaddy North,J/375,4: උතුර/ வடக்கு/ Northern,1: යාපනය/ யாழ்பாணம்/ Jaffna,"21: වඩමාරච්චි දකුණ බටහිර කරවෙඩ්ඩි/ வடமராச்சி ‎தென்‍மேற்கு (கர‎வெட்டி)/ Vadamaradchy South-West, Karaveddy"
4-1-21-145,145,කෙල්ලිඅඩි,நெல்லியடி,Nelliady,J/376,4: උතුර/ வடக்கு/ Northern,1: යාපනය/ யாழ்பாணம்/ Jaffna,"21: වඩමාරච්චි දකුණ බටහිර කරවෙඩ්ඩි/ வடமராச்சி ‎தென்‍மேற்கு (கர‎வெட்டி)/ Vadamaradchy South-West, Karaveddy"
4-1-21-150,150,කෙල්ලිඅඩි නැගෙනහිර,நெல்லியடி கிழக்கு,Nelliady East,J/377,4: උතුර/ வடக்கு/ Northern,1: යාපනය/ யாழ்பாணம்/ Jaffna,"21: වඩමාරච්චි දකුණ බටහිර කරවෙඩ්ඩි/ வடமராச்சி ‎தென்‍மேற்கு (கர‎வெட்டி)/ Vadamaradchy South-West, Karaveddy"
4-1-21-155,155,අල්වායි,அல்வாய்,Alvai,J/378,4: උතුර/ வடக்கு/ Northern,1: යාපනය/ யாழ்பாணம்/ Jaffna,"21: වඩමාරච්චි දකුණ බටහිර කරවෙඩ්ඩි/ வடமராச்சி ‎தென்‍மேற்கு (கர‎வெட்டி)/ Vadamaradchy South-West, Karaveddy"
4-1-21-160,160,අල්වායි දකුණ,அல்வாய் தெற்கு,Alvai South,J/379,4: උතුර/ வடக்கு/ Northern,1: යාපනය/ யாழ்பாணம்/ Jaffna,"21: වඩමාරච්චි දකුණ බටහිර කරවෙඩ්ඩි/ வடமராச்சி ‎தென்‍மேற்கு (கர‎வெட்டி)/ Vadamaradchy South-West, Karaveddy"
4-1-21-165,165,අල්වායි නැගෙනහිර,அல்வாய் கிழக்கு,Alvai East,J/380,4: උතුර/ வடக்கு/ Northern,1: යාපනය/ யாழ்பாணம்/ Jaffna,"21: වඩමාරච්චි දකුණ බටහිර කරවෙඩ්ඩි/ வடமராச்சி ‎தென்‍மேற்கு (கர‎வெட்டி)/ Vadamaradchy South-West, Karaveddy"
4-1-21-170,170,අත්තායි,அத்தாய்,Aththai,J/381,4: උතුර/ வடக்கு/ Northern,1: යාපනය/ யாழ்பாணம்/ Jaffna,"21: වඩමාරච්චි දකුණ බටහිර කරවෙඩ්ඩි/ வடமராச்சி ‎தென்‍மேற்கு (கர‎வெட்டி)/ Vadamaradchy South-West, Karaveddy"
4-1-21-175,175,කප්පුදු,கப்புது,Kapputhu,J/382,4: උතුර/ வடக்கு/ Northern,1: යාපනය/ யாழ்பாணம்/ Jaffna,"21: වඩමාරච්චි දකුණ බටහිර කරවෙඩ්ඩි/ வடமராச்சி ‎தென்‍மேற்கு (கர‎வெட்டி)/ Vadamaradchy South-West, Karaveddy"
4-1-24-005,005,මනාල්කාඩු,மனால்காடு,Manalkadu,J/418,4: උතුර/ வடக்கு/ Northern,1: යාපනය/ யாழ்பாணம்/ Jaffna,24: වඩමාරච්චි නැගෙනහිර (මරුතන්කේණි)/ வடமராச்சி கிழக்கு ( மருத்தங்‍கேணி)/ Vadamaradchi East (Maruthnkerny)
4-1-24-010,010,කුඩත්තනෙයි,குடத்தனை,Kudaththanai,J/419,4: උතුර/ வடக்கு/ Northern,1: යාපනය/ யாழ்பாணம்/ Jaffna,24: වඩමාරච්චි නැගෙනහිර (මරුතන්කේණි)/ வடமராச்சி கிழக்கு ( மருத்தங்‍கேணி)/ Vadamaradchi East (Maruthnkerny)
4-1-24-015,015,කුඩාත්තනෙයි කරෛයූර්,குடாதனை காரையூர்,Kudathanai Karaiyoor,J420,4: උතුර/ வடக்கு/ Northern,1: යාපනය/ யாழ்பாணம்/ Jaffna,24: වඩමාරච්චි නැගෙනහිර (මරුතන්කේණි)/ வடமராச்சி கிழக்கு ( மருத்தங்‍கேணி)/ Vadamaradchi East (Maruthnkerny)
4-1-24-020,020,පොට්පති,பொற்பதி,Potpathy,J/421,4: උතුර/ வடக்கு/ Northern,1: යාපනය/ யாழ்பாணம்/ Jaffna,24: වඩමාරච්චි නැගෙනහිර (මරුතන්කේණි)/ வடமராச்சி கிழக்கு ( மருத்தங்‍கேணி)/ Vadamaradchi East (Maruthnkerny)
4-1-24-025,025,අම්පන්,அம்பன்,Ampan,J/422,4: උතුර/ வடக்கு/ Northern,1: යාපනය/ யாழ்பாணம்/ Jaffna,24: වඩමාරච්චි නැගෙනහිර (මරුතන්කේණි)/ வடமராச்சி கிழக்கு ( மருத்தங்‍கேணி)/ Vadamaradchi East (Maruthnkerny)
4-1-24-030,030,නාගර්කෝවිල් නැගෙනහිර,நாகர்கோவில் கிழக்கு,Nagar Kovil East,J/423,4: උතුර/ வடக்கு/ Northern,1: යාපනය/ யாழ்பாணம்/ Jaffna,24: වඩමාරච්චි නැගෙනහිර (මරුතන්කේණි)/ வடமராச்சி கிழக்கு ( மருத்தங்‍கேணி)/ Vadamaradchi East (Maruthnkerny)
4-1-24-035,035,නාගර්කෝවිල බටහිර,நாகர்கோவில் மேற்கு,Nagar Kovil West,J/424,4: උතුර/ வடக்கு/ Northern,1: යාපනය/ யாழ்பாணம்/ Jaffna,24: වඩමාරච්චි නැගෙනහිර (මරුතන්කේණි)/ வடமராச்சி கிழக்கு ( மருத்தங்‍கேணி)/ Vadamaradchi East (Maruthnkerny)
4-1-24-040,040,නාගර්කෝවිල දකුණ,நாகர்கோவில் தெற்கு,Nagar Kovil South,J/425,4: උතුර/ வடக்கு/ Northern,1: යාපනය/ யாழ்பாணம்/ Jaffna,24: වඩමාරච්චි නැගෙනහිර (මරුතන්කේණි)/ வடமராச்சி கிழக்கு ( மருத்தங்‍கேணி)/ Vadamaradchi East (Maruthnkerny)
4-1-24-045,045,හෙම්පියන්පට්රු උතුර,செம்பியன்பற்று வடக்கு,Chempiyanpattu North,J/426,4: උතුර/ வடக்கு/ Northern,1: යාපනය/ யாழ்பாணம்/ Jaffna,24: වඩමාරච්චි නැගෙනහිර (මරුතන්කේණි)/ வடமராச்சி கிழக்கு ( மருத்தங்‍கேணி)/ Vadamaradchi East (Maruthnkerny)
4-1-24-050,050,සෙම්පියාන්පත්තු දකුණ,செம்பியன்பற்று தெற்கு,Chempianpattu South,J/427,4: උතුර/ வடக்கு/ Northern,1: යාපනය/ யாழ்பாணம்/ Jaffna,24: වඩමාරච්චි නැගෙනහිර (මරුතන්කේණි)/ வடமராச்சி கிழக்கு ( மருத்தங்‍கேணி)/ Vadamaradchi East (Maruthnkerny)
4-1-24-055,055,මරුදංකේණි,மருதங்‍கேணி,Maruthankerny,J/428,4: උතුර/ வடக்கு/ Northern,1: යාපනය/ யாழ்பாணம்/ Jaffna,24: වඩමාරච්චි නැගෙනහිර (මරුතන්කේණි)/ வடமராச்சி கிழக்கு ( மருத்தங்‍கேணி)/ Vadamaradchi East (Maruthnkerny)
4-1-24-060,060,වත්තිරායන්,வத்திராயன்,Vathirayan,J/429,4: උතුර/ வடக்கு/ Northern,1: යාපනය/ யாழ்பாணம்/ Jaffna,24: වඩමාරච්චි නැගෙනහිර (මරුතන්කේණි)/ வடமராச்சி கிழக்கு ( மருத்தங்‍கேணி)/ Vadamaradchi East (Maruthnkerny)
4-1-24-065,065,උඩුතුරෙයි,உடுத்துறை,Uduththurai,J/430,4: උතුර/ வடக்கு/ Northern,1: යාපනය/ யாழ்பாணம்/ Jaffna,24: වඩමාරච්චි නැගෙනහිර (මරුතන්කේණි)/ வடமராச்சி கிழக்கு ( மருத்தங்‍கேணி)/ Vadamaradchi East (Maruthnkerny)
4-1-24-070,070,ආළීයවළෙයි,ஆழியவளை,Aliyavalai,J/431,4: උතුර/ வடக்கு/ Northern,1: යාපනය/ யாழ்பாணம்/ Jaffna,24: වඩමාරච්චි නැගෙනහිර (මරුතන්කේණි)/ வடமராச்சி கிழக்கு ( மருத்தங்‍கேணி)/ Vadamaradchi East (Maruthnkerny)
4-1-24-075,075,වෙට්රිලෙයිකේණි,வெற்றிலைக்கேணி,Vetrilaikerny,J/432,4: උතුර/ வடக்கு/ Northern,1: යාපනය/ யாழ்பாணம்/ Jaffna,24: වඩමාරච්චි නැගෙනහිර (මරුතන්කේණි)/ வடமராச்சி கிழக்கு ( மருத்தங்‍கேணி)/ Vadamaradchi East (Maruthnkerny)
4-1-24-080,080,මුළ්ළියාන්,முள்ளியான்,Mullian,J/433,4: උතුර/ வடக்கு/ Northern,1: යාපනය/ யாழ்பாணம்/ Jaffna,24: වඩමාරච්චි නැගෙනහිර (මරුතන්කේණි)/ வடமராச்சி கிழக்கு ( மருத்தங்‍கேணி)/ Vadamaradchi East (Maruthnkerny)
4-1-24-085,085,පොක්කරුප්පු,போக்கறுப்பு,Pokkaruppu,J/434,4: උතුර/ வடக்கு/ Northern,1: යාපනය/ யாழ்பாணம்/ Jaffna,24: වඩමාරච්චි නැගෙනහිර (මරුතන්කේණි)/ வடமராச்சி கிழக்கு ( மருத்தங்‍கேணி)/ Vadamaradchi East (Maruthnkerny)
4-1-24-090,090,චුන්ඩිකුළම්,சுண்டிக்குளம்,Chundikulam,J/435,4: උතුර/ வடக்கு/ Northern,1: යාපනය/ யாழ்பாணம்/ Jaffna,24: වඩමාරච්චි නැගෙනහිර (මරුතන්කේණි)/ வடமராச்சி கிழக்கு ( மருத்தங்‍கேணி)/ Vadamaradchi East (Maruthnkerny)
4-1-27-005,005,තොණ්ඩමානාරු දකුණ,தொண்டமனாறு தெற்கு,Thondamanaru South,J/383,4: උතුර/ வடக்கு/ Northern,1: යාපනය/ யாழ்பாணம்/ Jaffna,27: වඩමිරච්චි උතුර/ வடமராச்சி வடக்கு (‍பேதுருமுணை)/ Vadamaradchi North (Point Pedro)
4-1-27-010,010,තොණ්ඩමානාරු උතුර,தொண்டமானாரு வடக்கு,Thondamanaru North,J/384,4: උතුර/ வடக்கு/ Northern,1: යාපනය/ யாழ்பாணம்/ Jaffna,27: වඩමිරච්චි උතුර/ வடமராச்சி வடக்கு (‍பேதுருமுணை)/ Vadamaradchi North (Point Pedro)
4-1-27-015,015,කෙරුඩාවිල් දකුණ,கெருடாவில் தெற்கு,Kerudavil South,J/385,4: උතුර/ வடக்கு/ Northern,1: යාපනය/ யாழ்பாணம்/ Jaffna,27: වඩමිරච්චි උතුර/ வடமராச்சி வடக்கு (‍பேதுருமுணை)/ Vadamaradchi North (Point Pedro)
4-1-27-020,020,කෙරුඩාවිල් උතුර,கெருடாவில் வடக்கு,Kerudavil North,J/386,4: උතුර/ வடக்கு/ Northern,1: යාපනය/ யாழ்பாணம்/ Jaffna,27: වඩමිරච්චි උතුර/ வடமராச்சி வடக்கு (‍பேதுருமுணை)/ Vadamaradchi North (Point Pedro)
4-1-27-025,025,කෙරුඩාවිල් නැගෙනහිර,கெருடாவில் கிழக்கு,Kerudavil East,J/387,4: උතුර/ வடக்கு/ Northern,1: යාපනය/ யாழ்பாணம்/ Jaffna,27: වඩමිරච්චි උතුර/ வடமராச்சி வடக்கு (‍பேதுருமுணை)/ Vadamaradchi North (Point Pedro)
4-1-27-030,030,වැල්වෙට්ටිතුරයි උතුර බටහිර,வல்வெட்டித்துரை வடமேற்கு,Valvettithurai North West,J/388,4: උතුර/ வடக்கு/ Northern,1: යාපනය/ யாழ்பாணம்/ Jaffna,27: වඩමිරච්චි උතුර/ வடமராச்சி வடக்கு (‍பேதுருமுணை)/ Vadamaradchi North (Point Pedro)
4-1-27-035,035,වල්වෙටිතුරෙයි උතුරු මධ්‍යම,வல்வெட்டித்துரை வடக்கு மத்தி,Valvettiturai North Centre,J/389,4: උතුර/ வடக்கு/ Northern,1: යාපනය/ யாழ்பாணம்/ Jaffna,27: වඩමිරච්චි උතුර/ வடமராச்சி வடக்கு (‍பேதுருமுணை)/ Vadamaradchi North (Point Pedro)
4-1-27-040,040,වල්වෙටිතුරෙයි උතුර නැගෙනහිර,வல்வெட்டித்துரை வட கிழக்கு,Valvettiturai North East,J/390,4: උතුර/ வடக்கு/ Northern,1: යාපනය/ யாழ்பாணம்/ Jaffna,27: වඩමිරච්චි උතුර/ வடமராச்சி வடக்கு (‍பேதுருமுணை)/ Vadamaradchi North (Point Pedro)
4-1-27-045,045,වල්වෙටිතුරෙයි දකුණ බටහිර,வெல்வெட்டித்துரை தென்மேற்கு,Valvettithurai South West,J/391,4: උතුර/ வடக்கு/ Northern,1: යාපනය/ யாழ்பாணம்/ Jaffna,27: වඩමිරච්චි උතුර/ வடமராச்சி வடக்கு (‍பேதுருமுணை)/ Vadamaradchi North (Point Pedro)
4-1-27-050,050,වල්වෙටිතුරයි දකුණ නැගෙනහිර,வல்வெட்டித்துரை தென்கிழக்கு,Valvettiturai South East,J/392,4: උතුර/ வடக்கு/ Northern,1: යාපනය/ யாழ்பாணம்/ Jaffna,27: වඩමිරච්චි උතුර/ வடமராச்சி வடக்கு (‍பேதுருமுணை)/ Vadamaradchi North (Point Pedro)
4-1-27-055,055,පොලිකණ්ඩි බටහිර,பொலிகண்டி மேற்கு,Polikandy West,J/393,4: උතුර/ வடக்கு/ Northern,1: යාපනය/ யாழ்பாணம்/ Jaffna,27: වඩමිරච්චි උතුර/ வடமராச்சி வடக்கு (‍பேதுருமுணை)/ Vadamaradchi North (Point Pedro)
4-1-27-060,060,පොලිකණ්ඩි නැගෙනහිර,பொலிகண்டி கிழக்கு,Polikandy East,J/394,4: උතුර/ வடக்கு/ Northern,1: යාපනය/ யாழ்பாணம்/ Jaffna,27: වඩමිරච්චි උතුර/ வடமராச்சி வடக்கு (‍பேதுருமுணை)/ Vadamaradchi North (Point Pedro)
4-1-27-065,065,පොලිකණ්ඩි දකුණ,பொலிகண்டி தெற்கு,Polikandy South,J/395,4: උතුර/ வடக்கு/ Northern,1: යාපනය/ யாழ்பாணம்/ Jaffna,27: වඩමිරච්චි උතුර/ வடமராச்சி வடக்கு (‍பேதுருமுணை)/ Vadamaradchi North (Point Pedro)
4-1-27-070,070,අල්වායි බටහිර,ஆல்வாய் மேற்கு,Alvai West,J/396,4: උතුර/ வடக்கு/ Northern,1: යාපනය/ யாழ்பாணம்/ Jaffna,27: වඩමිරච්චි උතුර/ வடமராச்சி வடக்கு (‍பேதுருமுணை)/ Vadamaradchi North (Point Pedro)
4-1-27-075,075,අල්වායි උතුර බටහිර,அல்வாய் வட மேற்கு,Alvai North West,J/397,4: උතුර/ வடக்கு/ Northern,1: යාපනය/ யாழ்பாணம்/ Jaffna,27: වඩමිරච්චි උතුර/ வடமராச்சி வடக்கு (‍பேதுருமுணை)/ Vadamaradchi North (Point Pedro)
4-1-27-080,080,අල්වායි උතුරු මධ්‍යම,அல்வாய் வட மத்தி,Alvai North Centre,J/398,4: උතුර/ வடக்கு/ Northern,1: යාපනය/ யாழ்பாணம்/ Jaffna,27: වඩමිරච්චි උතුර/ வடமராச்சி வடக்கு (‍பேதுருமுணை)/ Vadamaradchi North (Point Pedro)
4-1-27-085,085,වියපාරිමූලෙයි,வியாபாரிமூலை,Viyaparimoolai,J/399,4: උතුර/ வடக்கு/ Northern,1: යාපනය/ யாழ்பாணம்/ Jaffna,27: වඩමිරච්චි උතුර/ வடமராச்சி வடக்கு (‍பேதுருமுணை)/ Vadamaradchi North (Point Pedro)
4-1-27-090,090,අල්වායි උතුර,அல்வாய் வடக்கு,Alvai North,J/400,4: උතුර/ வடக்கு/ Northern,1: යාපනය/ யாழ்பாணம்/ Jaffna,27: වඩමිරච්චි උතුර/ வடமராச்சி வடக்கு (‍பேதுருமுணை)/ Vadamaradchi North (Point Pedro)
4-1-27-095,095,පේදුරුතුඩුව,பருத்தித்துறை,Point Pedro,J/401,4: උතුර/ வடக்கு/ Northern,1: යාපනය/ யாழ்பாணம்/ Jaffna,27: වඩමිරච්චි උතුර/ வடமராச்சி வடக்கு (‍பேதுருமுணை)/ Vadamaradchi North (Point Pedro)
4-1-27-100,100,පේදුරුතුඩුව දකුණ,பருத்தித்துறை  தெற்கு,Point Pedro South,J/402,4: උතුර/ வடக்கு/ Northern,1: යාපනය/ யாழ்பாணம்/ Jaffna,27: වඩමිරච්චි උතුර/ வடமராச்சி வடக்கு (‍பேதுருமுணை)/ Vadamaradchi North (Point Pedro)
4-1-27-105,105,පේදුරුතුඩුව නැගෙනහිර,பருத்தித்துறை கிழக்கு,Point Pedro East,J/403,4: උතුර/ வடக்கு/ Northern,1: යාපනය/ யாழ்பாணம்/ Jaffna,27: වඩමිරච්චි උතුර/ வடமராச்சி வடக்கு (‍பேதுருமுணை)/ Vadamaradchi North (Point Pedro)
4-1-27-110,110,තුම්පළෙයි,தும்பளை,Thumpalai,J/404,4: උතුර/ வடக்கு/ Northern,1: යාපනය/ யாழ்பாணம்/ Jaffna,27: වඩමිරච්චි උතුර/ வடமராச்சி வடக்கு (‍பேதுருமுணை)/ Vadamaradchi North (Point Pedro)
4-1-27-115,115,තුම්පළෙයි නැගෙනහිර,தும்பளை கிழக்கு,Thumpalai East,J/405,4: උතුර/ வடக்கு/ Northern,1: යාපනය/ யாழ்பாணம்/ Jaffna,27: වඩමිරච්චි උතුර/ வடமராச்சி வடக்கு (‍பேதுருமுணை)/ Vadamaradchi North (Point Pedro)
4-1-27-120,120,කට්කෝවළම්,கற்கோவளம்,Katkovalam,J/406,4: උතුර/ வடக்கு/ Northern,1: යාපනය/ யாழ்பாணம்/ Jaffna,27: වඩමිරච්චි උතුර/ வடமராச்சி வடக்கு (‍பேதுருமுணை)/ Vadamaradchi North (Point Pedro)
4-1-27-125,125,පුලෝලි උතුර,புலோலி வடக்கு,Puloly North,J/407,4: උතුර/ வடக்கு/ Northern,1: යාපනය/ யாழ்பாணம்/ Jaffna,27: වඩමිරච්චි උතුර/ வடமராச்சி வடக்கு (‍பேதுருமுணை)/ Vadamaradchi North (Point Pedro)
4-1-27-130,130,පුලෝලි උතුර නැගෙනහිර,புலோலி வட கிழக்கு,Puloly North East,J/408,4: උතුර/ வடக்கு/ Northern,1: යාපනය/ யாழ்பாணம்/ Jaffna,27: වඩමිරච්චි උතුර/ வடமராச்சி வடக்கு (‍பேதுருமுணை)/ Vadamaradchi North (Point Pedro)
4-1-27-135,135,පුලෝලි මධ්‍යම,புலோலி மத்தி,Puloly Centre,J/409,4: උතුර/ வடக்கு/ Northern,1: යාපනය/ யாழ்பாணம்/ Jaffna,27: වඩමිරච්චි උතුර/ வடமராச்சி வடக்கு (‍பேதுருமுணை)/ Vadamaradchi North (Point Pedro)
4-1-27-140,140,පුලෝලි බටහිර,புலோலி மேற்கு,Puloly West,J/410,4: උතුර/ வடக்கு/ Northern,1: යාපනය/ யாழ்பாணம்/ Jaffna,27: වඩමිරච්චි උතුර/ வடமராச்சி வடக்கு (‍பேதுருமுணை)/ Vadamaradchi North (Point Pedro)
4-1-27-145,145,පුලෝලි දකුණ බටහිර,புலோலி தென்மேற்கு,Puloly South West,J/411,4: උතුර/ வடக்கு/ Northern,1: යාපනය/ யாழ்பாணம்/ Jaffna,27: වඩමිරච්චි උතුර/ வடமராச்சி வடக்கு (‍பேதுருமுணை)/ Vadamaradchi North (Point Pedro)
4-1-27-150,150,පුලෝලි උතුර බටහිර,புலோலி வடமேற்கு,Puloly North West,J/412,4: උතුර/ வடக்கு/ Northern,1: යාපනය/ யாழ்பாணம்/ Jaffna,27: වඩමිරච්චි උතුර/ வடமராச்சி வடக்கு (‍பேதுருமுணை)/ Vadamaradchi North (Point Pedro)
4-1-27-155,155,පුලෝලි නැගෙනහිර,புலோலி கிழக்கு,Puloly East,J/413,4: උතුර/ வடக்கு/ Northern,1: යාපනය/ யாழ்பாணம்/ Jaffna,27: වඩමිරච්චි උතුර/ வடமராச்சி வடக்கு (‍பேதுருமுணை)/ Vadamaradchi North (Point Pedro)
4-1-27-160,160,පුලෝලි දකුණ,புலோலி  தெற்கு,Puloly South,J/414,4: උතුර/ வடக்கு/ Northern,1: යාපනය/ யாழ்பாணம்/ Jaffna,27: වඩමිරච්චි උතුර/ வடமராச்சி வடக்கு (‍பேதுருமுணை)/ Vadamaradchi North (Point Pedro)
4-1-27-165,165,මන්දිකෙයි,மன்திகை,Manthikai,J/415,4: උතුර/ வடக்கு/ Northern,1: යාපනය/ யாழ்பாணம்/ Jaffna,27: වඩමිරච්චි උතුර/ வடமராச்சி வடக்கு (‍பேதுருமுணை)/ Vadamaradchi North (Point Pedro)
4-1-27-170,170,වල්ලිපුරම්,வல்லிபுரம்,Vallipuram,J/416,4: උතුර/ வடக்கு/ Northern,1: යාපනය/ யாழ்பாணம்/ Jaffna,27: වඩමිරච්චි උතුර/ வடமராச்சி வடக்கு (‍பேதுருமுணை)/ Vadamaradchi North (Point Pedro)
4-1-27-175,175,තුන්නාලෙයි උතුර,துன்னாலை வடக்கு,Thunnalai North,J/417,4: උතුර/ வடக்கு/ Northern,1: යාපනය/ யாழ்பாணம்/ Jaffna,27: වඩමිරච්චි උතුර/ வடமராச்சி வடக்கு (‍பேதுருமுணை)/ Vadamaradchi North (Point Pedro)
4-1-30-005,005,කයිදඩි උතුර,கைதடி வடக்கு,Kaithady North,J/288,4: උතුර/ வடக்கு/ Northern,1: යාපනය/ யாழ்பாணம்/ Jaffna,30: තෙන්මාරච්චි/ ‎தென்மராச்சி (சாவக்கச்‍சேரி)/ Thenmaradchi (Chavakachcheri)
4-1-30-010,010,කයිදඩි නැගෙනහිර,கைதடி கிழக்கு,Kaithady East,J/289,4: උතුර/ வடக்கு/ Northern,1: යාපනය/ யாழ்பாணம்/ Jaffna,30: තෙන්මාරච්චි/ ‎தென்மராச்சி (சாவக்கச்‍சேரி)/ Thenmaradchi (Chavakachcheri)
4-1-30-015,015,කයිදඩි මැද,கைதடி மத்தி,Kaithady Centre,J/290,4: උතුර/ வடக்கு/ Northern,1: යාපනය/ யாழ்பாணம்/ Jaffna,30: තෙන්මාරච්චි/ ‎தென்மராச்சி (சாவக்கச்‍சேரி)/ Thenmaradchi (Chavakachcheri)
4-1-30-020,020,කයිදඩි දකුණ,கைதடி தெற்கு,Kaithady South,J/291,4: උතුර/ வடக்கு/ Northern,1: යාපනය/ யாழ்பாணம்/ Jaffna,30: තෙන්මාරච්චි/ ‎தென்மராச்சி (சாவக்கச்‍சேரி)/ Thenmaradchi (Chavakachcheri)
4-1-30-025,025,කයිදඩි දකුණ නැගෙනහිර,கைதடி தென் கிழக்கு,Kaithady South East,J/292,4: උතුර/ வடக்கு/ Northern,1: යාපනය/ யாழ்பாணம்/ Jaffna,30: තෙන්මාරච්චි/ ‎தென்மராச்சி (சாவக்கச்‍சேரி)/ Thenmaradchi (Chavakachcheri)
4-1-30-030,030,කයිදඩි බස්නාහිර,கைதடி மேற்கு,Kaithady West,J/293,4: උතුර/ வடக்கு/ Northern,1: යාපනය/ யாழ்பாணம்/ Jaffna,30: තෙන්මාරච්චි/ ‎தென்மராச்சி (சாவக்கச்‍சேரி)/ Thenmaradchi (Chavakachcheri)
4-1-30-035,035,නවට්කුලි බස්නාහිර,நாவற்குழி மேற்கு,Navatkuli West,J/294,4: උතුර/ வடக்கு/ Northern,1: යාපනය/ யாழ்பாணம்/ Jaffna,30: තෙන්මාරච්චි/ ‎தென்மராச்சி (சாவக்கச்‍சேரி)/ Thenmaradchi (Chavakachcheri)
4-1-30-040,040,නාවට්කුලි නැගෙනහිර,நாவற்குழி கிழக்கு,Navatkuli East,J/295,4: උතුර/ வடக்கு/ Northern,1: යාපනය/ யாழ்பாணம்/ Jaffna,30: තෙන්මාරච්චි/ ‎தென்மராச்சி (சாவக்கச்‍சேரி)/ Thenmaradchi (Chavakachcheri)
4-1-30-045,045,කෝවිලාකණ්ඩි,கோவில் கண்டி,Kovilakkandy,J/296,4: උතුර/ வடக்கு/ Northern,1: යාපනය/ யாழ்பாணம்/ Jaffna,30: තෙන්මාරච්චි/ ‎தென்மராச்சி (சாவக்கச்‍சேரி)/ Thenmaradchi (Chavakachcheri)
4-1-30-050,050,කයිදඩි නාවට්කුලි,கைதடி நாவற்குழி,Kaithady Navatkuli,J/297,4: උතුර/ வடக்கு/ Northern,1: යාපනය/ யாழ்பாணம்/ Jaffna,30: තෙන්මාරච්චි/ ‎தென்மராச்சி (சாவக்கச்‍சேரி)/ Thenmaradchi (Chavakachcheri)
4-1-30-055,055,මරවන්පුලවු,மறவன்புழு,Maravanpulo,J/298,4: උතුර/ வடக்கு/ Northern,1: යාපනය/ யாழ்பாணம்/ Jaffna,30: තෙන්මාරච්චි/ ‎தென்மராச்சி (சாவக்கச்‍சேரி)/ Thenmaradchi (Chavakachcheri)
4-1-30-060,060,දනංකලප්පු,தனங்கிளப்பு,Thanankalappu,J/299,4: උතුර/ வடக்கு/ Northern,1: යාපනය/ யாழ்பாணம்/ Jaffna,30: තෙන්මාරච්චි/ ‎தென்மராச்சி (சாவக்கச்‍சேரி)/ Thenmaradchi (Chavakachcheri)
4-1-30-065,065,චාවකච්චේරි නගරය,சாவக்கச்‍சேரி நகரம்,Chavakachcheri Town,J/300,4: උතුර/ வடக்கு/ Northern,1: යාපනය/ யாழ்பாணம்/ Jaffna,30: තෙන්මාරච්චි/ ‎தென்மராச்சி (சாவக்கச்‍சேரி)/ Thenmaradchi (Chavakachcheri)
4-1-30-070,070,කෝවිට්කුඩියිරුප්පු,கோயிற் குடியிருப்பு,Kovilkudiiruppu,J/301,4: උතුර/ வடக்கு/ Northern,1: යාපනය/ யாழ்பாணம்/ Jaffna,30: තෙන්මාරච්චි/ ‎தென்மராச்சி (சாவக்கச்‍சேரி)/ Thenmaradchi (Chavakachcheri)
4-1-30-075,075,සංකත්තානෙයි,சங்கத்தானை,Sangaththanai,J/302,4: උතුර/ வடக்கு/ Northern,1: යාපනය/ யாழ்பாணம்/ Jaffna,30: තෙන්මාරච්චි/ ‎தென்மராச்சி (சாவக்கச்‍சேரி)/ Thenmaradchi (Chavakachcheri)
4-1-30-080,080,චාවකච්චේරි උතුර,சாவகச்‍சேரி வடக்கு,Chavakachcheri North,J/303,4: උතුර/ வடக்கு/ Northern,1: යාපනය/ யாழ்பாணம்/ Jaffna,30: තෙන්මාරච්චි/ ‎தென்மராச்சி (சாவக்கச்‍சேரி)/ Thenmaradchi (Chavakachcheri)
4-1-30-085,085,මණ්ඩුවිල්,மண்டுவில்,Manduvil,J/304,4: උතුර/ வடக்கு/ Northern,1: යාපනය/ யாழ்பாணம்/ Jaffna,30: තෙන්මාරච්චි/ ‎தென்மராச்சி (சாவக்கச்‍சேரி)/ Thenmaradchi (Chavakachcheri)
4-1-30-090,090,කල්වයල්,கல்வயல்,Kalvayal,J/305,4: උතුර/ வடக்கு/ Northern,1: යාපනය/ யாழ்பாணம்/ Jaffna,30: තෙන්මාරච්චි/ ‎தென்மராச்சி (சாவக்கச்‍சேரி)/ Thenmaradchi (Chavakachcheri)
4-1-30-095,095,නුණාවිල් නැගෙනහිර,நுணாவில் கிழக்கு,Nunavil East,J/306,4: උතුර/ வடக்கு/ Northern,1: යාපනය/ யாழ்பாணம்/ Jaffna,30: තෙන්මාරච්චි/ ‎தென்மராச்சி (சாவக்கச்‍சேரி)/ Thenmaradchi (Chavakachcheri)
4-1-30-100,100,නුණාවිල් මැද,நுணாவில் மத்தி,Nunavil Centre,J/307,4: උතුර/ வடக்கு/ Northern,1: යාපනය/ யாழ்பாணம்/ Jaffna,30: තෙන්මාරච්චි/ ‎தென்மராச்சி (சாவக்கச்‍சேரி)/ Thenmaradchi (Chavakachcheri)
4-1-30-105,105,නුණාවිල් බස්නාහිර,நுணாவில் மேற்கு,Nunavil West,J/308,4: උතුර/ வடக்கு/ Northern,1: යාපනය/ யாழ்பாணம்/ Jaffna,30: තෙන්මාරච්චි/ ‎தென்மராச்சி (சாவக்கச்‍சேரி)/ Thenmaradchi (Chavakachcheri)
4-1-30-110,110,කයිදඩි නුණාවිල්,கைதடி நுணாவில்,Kaithady Nunavil,J/309,4: උතුර/ வடக்கு/ Northern,1: යාපනය/ யாழ்பாணம்/ Jaffna,30: තෙන්මාරච්චි/ ‎தென்மராச்சி (சாவக்கச்‍சேரி)/ Thenmaradchi (Chavakachcheri)
4-1-30-115,115,තෙන් මඩ්ඩුවිල්,தென்மட்டுவில்,Then Madduvil,J/310,4: උතුර/ வடக்கு/ Northern,1: යාපනය/ யாழ்பாணம்/ Jaffna,30: තෙන්මාරච්චි/ ‎தென்மராச்சி (சாவக்கச்‍சேரி)/ Thenmaradchi (Chavakachcheri)
4-1-30-120,120,මඩ්ඩුවිල් නුණාවිල්,மட்டுவில் நுணாவில்,Madduvil Nunavil,J/311,4: උතුර/ வடக்கு/ Northern,1: යාපනය/ யாழ்பாணம்/ Jaffna,30: තෙන්මාරච්චි/ ‎தென்மராச்சி (சாவக்கச்‍சேரி)/ Thenmaradchi (Chavakachcheri)
4-1-30-125,125,මඩ්ඩුවිල් මැද,மட்டுவில் மத்தி,Madduvil Centre,J/312,4: උතුර/ வடக்கு/ Northern,1: යාපනය/ யாழ்பாணம்/ Jaffna,30: තෙන්මාරච්චි/ ‎தென்மராச்சி (சாவக்கச்‍சேரி)/ Thenmaradchi (Chavakachcheri)
4-1-30-130,130,මඩ්ඩුවිල් උතුර,மத்துவில்  வடக்கு,Madduvil North,J/313,4: උතුර/ வடக்கு/ Northern,1: යාපනය/ யாழ்பாணம்/ Jaffna,30: තෙන්මාරච්චි/ ‎தென்மராச்சி (சாவக்கச்‍சேரி)/ Thenmaradchi (Chavakachcheri)
4-1-30-135,135,මඩ්ඩුවිල් නැගෙනහිර,மத்துவில் கிழக்கு,Madduvil East,J/314,4: උතුර/ வடக்கு/ Northern,1: යාපනය/ யாழ்பாணம்/ Jaffna,30: තෙන්මාරච්චි/ ‎தென்மராச்சி (சாவக்கச்‍சேரி)/ Thenmaradchi (Chavakachcheri)
4-1-30-140,140,සන්දි‍රපුරම්,சந்திரபுரம்,Chandrapuram,J/315,4: උතුර/ வடக்கு/ Northern,1: යාපනය/ யாழ்பாணம்/ Jaffna,30: තෙන්මාරච්චි/ ‎தென்மராச்சி (சாவக்கச்‍சேரி)/ Thenmaradchi (Chavakachcheri)
4-1-30-145,145,සරසාලෙයි දකුණ,சரசாலை தெற்கு,Sarasalai South,J/316,4: උතුර/ வடக்கு/ Northern,1: යාපනය/ யாழ்பாணம்/ Jaffna,30: තෙන්මාරච්චි/ ‎தென்மராச்சி (சாவக்கச்‍சேரி)/ Thenmaradchi (Chavakachcheri)
4-1-30-150,150,සරසාලෙයි උතුර,சரசாலை வடக்கு,Sarasalai North,J/317,4: උතුර/ வடக்கு/ Northern,1: යාපනය/ யாழ்பாணம்/ Jaffna,30: තෙන්මාරච්චි/ ‎தென்மராச்சி (சாவக்கச்‍சேரி)/ Thenmaradchi (Chavakachcheri)
4-1-30-155,155,මීසාලෙයි උතුර,மீசாலை வடக்கு,Meesalai North,J/318,4: උතුර/ வடக்கு/ Northern,1: යාපනය/ யாழ்பாணம்/ Jaffna,30: තෙන්මාරච්චි/ ‎தென்மராச்சி (சாவக்கச்‍சேரி)/ Thenmaradchi (Chavakachcheri)
4-1-30-160,160,මීසාලෙයි බස්නාහිර,மீசாலை மேற்கு,Meesalai West,J/319,4: උතුර/ வடக்கு/ Northern,1: යාපනය/ யாழ்பாணம்/ Jaffna,30: තෙන්මාරච්චි/ ‎தென்மராச்சி (சாவக்கச்‍சேரி)/ Thenmaradchi (Chavakachcheri)
4-1-30-165,165,රාමාවිල්,ராமாவில்,Ramavil,J/320,4: උතුර/ வடக்கு/ Northern,1: යාපනය/ யாழ்பாணம்/ Jaffna,30: තෙන්මාරච්චි/ ‎தென்மராச்சி (சாவக்கச்‍சேரி)/ Thenmaradchi (Chavakachcheri)
4-1-30-170,170,මීසාලෙයි නැගෙනහිර,மிருசுவில் கிழக்கு,Meesalai East,J/321,4: උතුර/ வடக்கு/ Northern,1: යාපනය/ யாழ்பாணம்/ Jaffna,30: තෙන්මාරච්චි/ ‎தென்மராச்சி (சாவக்கச்‍சேரி)/ Thenmaradchi (Chavakachcheri)
4-1-30-175,175,අල්ලාරෙයි,அல்லாரை,Allarai,J/322,4: උතුර/ வடக்கு/ Northern,1: යාපනය/ யாழ்பாணம்/ Jaffna,30: තෙන්මාරච්චි/ ‎தென்மராச்சி (சாவக்கச்‍சேரி)/ Thenmaradchi (Chavakachcheri)
4-1-30-180,180,වෙල්ලාම් පෝක්කඩ්ඩි,வெள்ளாம் போக்காட்டி,Vellampokkadi,J/323,4: උතුර/ வடக்கு/ Northern,1: යාපනය/ யாழ்பாணம்/ Jaffna,30: තෙන්මාරච්චි/ ‎தென்மராச்சி (சாவக்கச்‍சேரி)/ Thenmaradchi (Chavakachcheri)
4-1-30-185,185,කච්චායි,கச்சாய்,Kachchai,J/324,4: උතුර/ வடக்கு/ Northern,1: යාපනය/ யாழ்பாணம்/ Jaffna,30: තෙන්මාරච්චි/ ‎தென்மராச்சி (சாவக்கச்‍சேரி)/ Thenmaradchi (Chavakachcheri)
4-1-30-190,190,පාලාවි,பாலாவி,Palavi,J/325,4: උතුර/ வடக்கு/ Northern,1: යාපනය/ யாழ்பாணம்/ Jaffna,30: තෙන්මාරච්චි/ ‎தென்மராச்சி (சாவக்கச்‍சேரி)/ Thenmaradchi (Chavakachcheri)
4-1-30-195,195,කොඩිකාමම් උතුර,கொடிகாமம் வடக்கு,Kodikamam North,J/326,4: උතුර/ வடக்கு/ Northern,1: යාපනය/ யாழ்பாணம்/ Jaffna,30: තෙන්මාරච්චි/ ‎தென்மராச்சி (சாவக்கச்‍சேரி)/ Thenmaradchi (Chavakachcheri)
4-1-30-200,200,කොඩිකාමම් මධ්‍යම,கொடிகாமம் மத்தி,Kodikamam Centre,J/327,4: උතුර/ வடக்கு/ Northern,1: යාපනය/ யாழ்பாணம்/ Jaffna,30: තෙන්මාරච්චි/ ‎தென்மராச்சி (சாவக்கச்‍சேரி)/ Thenmaradchi (Chavakachcheri)
4-1-30-205,205,කොඩිකාමම් දකුණ,கொடிகாமம் தெற்கு,Kodikamam South,J/328,4: උතුර/ வடக்கு/ Northern,1: යාපනය/ யாழ்பாணம்/ Jaffna,30: තෙන්මාරච්චි/ ‎தென்மராச்சி (சாவக்கச்‍சேரி)/ Thenmaradchi (Chavakachcheri)
4-1-30-210,210,උසන්,உசன்,Usan,J/329,4: උතුර/ வடக்கு/ Northern,1: යාපනය/ யாழ்பாணம்/ Jaffna,30: තෙන්මාරච්චි/ ‎தென்மராச்சி (சாவக்கச்‍சேரி)/ Thenmaradchi (Chavakachcheri)
4-1-30-215,215,කරම්පකම්,காரம்பாஹம்,Karampagam,J/330,4: උතුර/ வடக்கு/ Northern,1: යාපනය/ யாழ்பாணம்/ Jaffna,30: තෙන්මාරච්චි/ ‎தென்மராச்சி (சாவக்கச்‍சேரி)/ Thenmaradchi (Chavakachcheri)
4-1-30-220,220,විඩතෙට්පලෙයි,விடத்தற்பளை,Vidaththtpalai,J/331,4: උතුර/ வடக்கு/ Northern,1: යාපනය/ யாழ்பாணம்/ Jaffna,30: තෙන්මාරච්චි/ ‎தென்மராச்சி (சாவக்கச்‍சேரி)/ Thenmaradchi (Chavakachcheri)
4-1-30-225,225,කෙට්පේලි,கெற்பெலி,Ketpely,J/332,4: උතුර/ வடக்கு/ Northern,1: යාපනය/ யாழ்பாணம்/ Jaffna,30: තෙන්මාරච්චි/ ‎தென்மராச்சி (சாவக்கச்‍சேரி)/ Thenmaradchi (Chavakachcheri)
4-1-30-230,230,එළුතුමඩ්ඩුවාල් දකුණ,எழுதும்ட்டுவாழ் தெற்கு,Eluthumadduval South,J/333,4: උතුර/ வடக்கு/ Northern,1: යාපනය/ யாழ்பாணம்/ Jaffna,30: තෙන්මාරච්චි/ ‎தென்மராச்சி (சாவக்கச்‍சேரி)/ Thenmaradchi (Chavakachcheri)
4-1-30-235,235,එළුතුමඩ්ඩුවාල් උතුර,எழுதுமட்டுவாள் வடக்கு,Eluthumadduval North,J/334,4: උතුර/ வடக்கு/ Northern,1: යාපනය/ யாழ்பாணம்/ Jaffna,30: තෙන්මාරච්චි/ ‎தென்மராச்சி (சாவக்கச்‍சேரி)/ Thenmaradchi (Chavakachcheri)
4-1-30-240,240,මිරුසුවිල් උතුර,மிருசுவில் வடக்கு,Mirusuvil North,J/335,4: උතුර/ வடக்கு/ Northern,1: යාපනය/ யாழ்பாணம்/ Jaffna,30: තෙන්මාරච්චි/ ‎தென்மராச்சி (சாவக்கச்‍சேரி)/ Thenmaradchi (Chavakachcheri)
4-1-30-245,245,මිරුසුවිල් දකුණ,மிர்ஸுவில் தெற்கு,Mirusuvil South,J/336,4: උතුර/ வடக்கு/ Northern,1: යාපනය/ யாழ்பாணம்/ Jaffna,30: තෙන්මාරච්චි/ ‎தென்மராச்சி (சாவக்கச்‍சேரி)/ Thenmaradchi (Chavakachcheri)
4-1-30-250,250,කුඩමියන්,குடமியன்,Kudamiyan,J/337,4: උතුර/ வடக்கு/ Northern,1: යාපනය/ யாழ்பாணம்/ Jaffna,30: තෙන්මාරච්චි/ ‎தென்மராச்சி (சாவக்கச்‍சேரி)/ Thenmaradchi (Chavakachcheri)
4-1-30-255,255,නාවට්කාඩු,நாவற்காடு,Navatkadu,J/338,4: උතුර/ வடக்கு/ Northern,1: යාපනය/ யாழ்பாணம்/ Jaffna,30: තෙන්මාරච්චි/ ‎தென்மராச்சி (சாவக்கச்‍சேரி)/ Thenmaradchi (Chavakachcheri)
4-1-30-260,260,වරණි උතුර,வரணி வடக்கு,Varani North,J/339,4: උතුර/ வடக்கு/ Northern,1: යාපනය/ யாழ்பாணம்/ Jaffna,30: තෙන්මාරච්චි/ ‎தென்மராச்சி (சாவக்கச்‍சேரி)/ Thenmaradchi (Chavakachcheri)
4-1-30-265,265,මාසේරි,மாசேரி,Masery,J/340,4: උතුර/ வடக்கு/ Northern,1: යාපනය/ யாழ்பாணம்/ Jaffna,30: තෙන්මාරච්චි/ ‎தென்மராச்சி (சாவக்கச்‍சேரி)/ Thenmaradchi (Chavakachcheri)
4-1-30-270,270,ඉඩෙයිකුරිච්චි,இடைக்குறிச்சி,Idaikkurichchi,J/341,4: උතුර/ வடக்கு/ Northern,1: යාපනය/ யாழ்பாணம்/ Jaffna,30: තෙන්මාරච්චි/ ‎தென்மராச்சி (சாவக்கச்‍சேரி)/ Thenmaradchi (Chavakachcheri)
4-1-30-275,275,කරම්පෙයිකුරිච්චි,கரம்பைக் குறிச்சி,Karambaikurichchi,J/342,4: උතුර/ வடக்கு/ Northern,1: යාපනය/ யாழ்பாணம்/ Jaffna,30: තෙන්මාරච්චි/ ‎தென்மராச்சி (சாவக்கச்‍சேரி)/ Thenmaradchi (Chavakachcheri)
4-1-30-280,280,වරණි ඉයට්රාලෙයි,வாரணி- இயற்றாலைலை,Varani Iyattalai,J/343,4: උතුර/ வடக்கு/ Northern,1: යාපනය/ யாழ்பாணம்/ Jaffna,30: තෙන්මාරච්චි/ ‎தென்மராச்சி (சாவக்கச்‍சேரி)/ Thenmaradchi (Chavakachcheri)
4-1-30-285,285,තාවලෙයි ඉයට්රාලෙයි,தாவளை - இயத்தாலை,Thavalai Iyattalai,J/344,4: උතුර/ வடக்கு/ Northern,1: යාපනය/ யாழ்பாணம்/ Jaffna,30: තෙන්මාරච්චි/ ‎தென்மராச்சி (சாவக்கச்‍சேரி)/ Thenmaradchi (Chavakachcheri)
4-1-30-290,290,මන්දුවිල් නැගෙනහිර,மந்துவில் கிழக்கு,Manthuvil East,J/345,4: උතුර/ வடக்கு/ Northern,1: යාපනය/ யாழ்பாணம்/ Jaffna,30: තෙන්මාරච්චි/ ‎தென்மராச்சி (சாவக்கச்‍சேரி)/ Thenmaradchi (Chavakachcheri)
4-1-30-295,295,මන්තුවිල් බටහිර,மத்துவில் மேற்கு,Manthuvil West,J/346,4: උතුර/ வடக்கு/ Northern,1: යාපනය/ யாழ்பாணம்/ Jaffna,30: තෙන්මාරච්චි/ ‎தென்மராச்சி (சாவக்கச்‍சேரி)/ Thenmaradchi (Chavakachcheri)
4-1-30-300,300,මන්තුවිල් උතුර,மண்துவில் வடக்கு,Manthuvil North,J/347,4: උතුර/ வடக்கு/ Northern,1: යාපනය/ யாழ்பாணம்/ Jaffna,30: තෙන්මාරච්චි/ ‎தென்மராச்சி (சாவக்கச்‍சேரி)/ Thenmaradchi (Chavakachcheri)
4-1-33-005,005,අරියාලෙයි නිරිත,அரியாலை தென்மேற்கு (கிழக்கு),Ariyalai South West,J/93,4: උතුර/ வடக்கு/ Northern,1: යාපනය/ யாழ்பாணம்/ Jaffna,33: නල්ලූර්/ நல்லூர்/ Nallur
4-1-33-010,010,අරියාලෙයි නැගෙනහිර,அரியாலை கிழக்கு,Ariyalai East,J/90,4: උතුර/ வடக்கு/ Northern,1: යාපනය/ யாழ்பாணம்/ Jaffna,33: නල්ලූර්/ நல்லூர்/ Nallur
4-1-33-015,015,අරියාලෙයි වයඹ,அரியாலை வடமேற்கு,Ariyalai North West,J/91,4: උතුර/ வடக்கு/ Northern,1: යාපනය/ யாழ்பாணம்/ Jaffna,33: නල්ලූර්/ நல்லூர்/ Nallur
4-1-33-020,020,අරියාලෙයි මැද බස්නාහිර,அரியாலை மேற்கு (மத்தி),Ariyalai Center West,J/92,4: උතුර/ வடக்கு/ Northern,1: යාපනය/ யாழ்பாணம்/ Jaffna,33: නල්ලූර්/ நல்லூர்/ Nallur
4-1-33-025,025,අරියාලෛයි නිරිත,அறியாலை தென்மேற்கு (வடக்கு),Ariyalai South West(East),J/89,4: උතුර/ வடக்கு/ Northern,1: යාපනය/ யாழ்பாணம்/ Jaffna,33: නල්ලූර්/ நல்லூர்/ Nallur
4-1-33-030,030,අරියා‍ලෙයි උතුරු මැද,அரியாலை மத்தி வடக்கு,Ariyalai Centre North,J/94,4: උතුර/ வடக்கு/ Northern,1: යාපනය/ யாழ்பாணம்/ Jaffna,33: නල්ලූර්/ நல்லூர்/ Nallur
4-1-33-035,035,අරියාලෙයි මැද,அரியாலை மத்தி,Ariyalai Centre,J/95,4: උතුර/ வடக்கு/ Northern,1: යාපනය/ யாழ்பாணம்/ Jaffna,33: නල්ලූර්/ நல்லூர்/ Nallur
4-1-33-040,040,අරියාලෙයි මැද දකුණ,அரியாலை மத்தி தெற்கு,Ariyalai Center South,J/96,4: උතුර/ வடக்கு/ Northern,1: යාපනය/ யாழ்பாணம்/ Jaffna,33: නල්ලූර්/ நல்லூர்/ Nallur
4-1-33-045,045,අයියනාර් කෝවිලඩි,ஐயனார்  கோவிலடி,Iyanar Kovilady,J/97,4: උතුර/ வடக்கு/ Northern,1: යාපනය/ யாழ்பாணம்/ Jaffna,33: නල්ලූර්/ நல்லூர்/ Nallur
4-1-33-050,050,වණ්ණාර්පණ්ණෙයි උතුර,வண்ணார்பண்ணை வடமேற்கு (வடக்கு),Vannarpannai North,J/98,4: උතුර/ வடக்கு/ Northern,1: යාපනය/ யாழ்பாணம்/ Jaffna,33: නල්ලූර්/ நல்லூர்/ Nallur
4-1-33-055,055,වණ්ණාර්පණ්ණෛ වයඹ,வண்ணார் பண்ணை  வடமேற்கு (மேற்கு),Vannarponnai North West,J/99,4: උතුර/ வடக்கு/ Northern,1: යාපනය/ யாழ்பாணம்/ Jaffna,33: නල්ලූර්/ நல்லூர்/ Nallur
4-1-33-060,060,වණ්ණාර්පණ්ණෙයි ඊසාන,வண்ணார்பண்ணை கிழக்கு (வடக்கு),Vannarpannai North East ( Part ),J/100,4: උතුර/ வடக்கு/ Northern,1: යාපනය/ யாழ்பாணம்/ Jaffna,33: නල්ලූර්/ நல்லூர்/ Nallur
4-1-33-065,065,වණ්ණාර්පණ්ණෛ දකුණ,வண்ணார் பண்ணை தெற்கு,Vannarponnai N.E.(South),J/101,4: උතුර/ வடக்கு/ Northern,1: යාපනය/ யாழ்பாணம்/ Jaffna,33: නල්ලූර්/ நல்லூர்/ Nallur
4-1-33-070,070,කඳර්මඩම් වයඹ,கந்தர்மடம் வடமேற்கு,Kantharmadam North West,J/102,4: උතුර/ வடக்கு/ Northern,1: යාපනය/ யாழ்பாணம்/ Jaffna,33: නල්ලූර්/ நல்லூர்/ Nallur
4-1-33-075,075,කඳර්මඩම් ඊසාන (කොටස),கந்தர்மடம் வட கிழக்கு,Kantharmadam North East (Part),J/103,4: උතුර/ வடக்கு/ Northern,1: යාපනය/ யாழ்பாணம்/ Jaffna,33: නල්ලූර්/ நல்லூர்/ Nallur
4-1-33-080,080,කඳර්මඩම් නිරිත (කො‍ටස),கந்தர்மடம் தென்மேற்கு,Kantharmadam South West,J/104,4: උතුර/ வடக்கு/ Northern,1: යාපනය/ யாழ்பாணம்/ Jaffna,33: නල්ලූර්/ நல்லூர்/ Nallur
4-1-33-085,085,කඳර්මඩම් ගිනිකොණ,கந்தர்மடம் தென் கிழக்கு,Kantharmadam South East,J/105,4: උතුර/ வடக்கு/ Northern,1: යාපනය/ யாழ்பாணம்/ Jaffna,33: නල්ලූර්/ நல்லூர்/ Nallur
4-1-33-090,090,නල්ලූර් උතුර,நல்லூர் வடக்கு,Nallur North,J/106,4: උතුර/ வடக்கு/ Northern,1: යාපනය/ யாழ்பாணம்/ Jaffna,33: නල්ලූර්/ நல்லூர்/ Nallur
4-1-33-095,095,නල්ලුර් රාජධානිය,நல்லூர் ராஜதானி,Nallur Rajadaniya,J/107,4: උතුර/ வடக்கு/ Northern,1: යාපනය/ யாழ்பாணம்/ Jaffna,33: නල්ලූර්/ நல்லூர்/ Nallur
4-1-33-100,100,නල්ලූර් දකුණ,நல்லூர் தெற்கு,Nallur South,J/108,4: උතුර/ வடக்கு/ Northern,1: යාපනය/ யாழ்பாணம்/ Jaffna,33: නල්ලූර්/ நல்லூர்/ Nallur
4-1-33-105,105,සංකිලියන් තෝප්පු,சங்கிலியந் தோப்பு,Sangiliyanthoppu,J/109,4: උතුර/ வடக்கு/ Northern,1: යාපනය/ யாழ்பாணம்/ Jaffna,33: නල්ලූර්/ நல்லூர்/ Nallur
4-1-33-110,110,තිරුනෙල්වේලි බස්නාහිර,திருநெல்வேலி மேற்கு,Thirunelvelly West,J/110,4: උතුර/ வடக்கு/ Northern,1: යාපනය/ யாழ்பாணம்/ Jaffna,33: නල්ලූර්/ நல்லூர்/ Nallur
4-1-33-115,115,තිරු‍නෙල්වෙලි මැද දකුණ,திருநெல்வேலி மத்தி தெற்கு,Thirunelvely Centre South,J/111,4: උතුර/ வடக்கு/ Northern,1: යාපනය/ யாழ்பாணம்/ Jaffna,33: නල්ලූර්/ நல்லூர்/ Nallur
4-1-33-120,120,තිරුනෙල්වේලි ගිණිකොණ,திருநெல்வேலி தென் கிழக்கு,Thirunelvely  South East,J/112,4: උතුර/ வடக்கு/ Northern,1: යාපනය/ யாழ்பாணம்/ Jaffna,33: නල්ලූර්/ நல்லூர்/ Nallur
4-1-33-125,125,තිරුනෙල්වේලි ඊසාන,திருநெல்வேலி வட கிழக்கு,Thirunelve‍ly North East,J/113,4: උතුර/ வடக்கு/ Northern,1: යාපනය/ யாழ்பாணம்/ Jaffna,33: නල්ලූර්/ நல்லூர்/ Nallur
4-1-33-130,130,තිරුනෙල්වේලි මැද උතුර,திருநெல்வேலி மத்தி வடக்கு,Thirunelvelly Centre North,J/114,4: උතුර/ வடக்கு/ Northern,1: යාපනය/ யாழ்பாணம்/ Jaffna,33: නල්ලූර්/ நல்லூர்/ Nallur
4-1-33-135,135,කෝණ්ඩාවිල් වයඹ,கோண்டாவில் வடமேற்கு,Kondavil North West,J/115,4: උතුර/ வடக்கு/ Northern,1: යාපනය/ யாழ்பாணம்/ Jaffna,33: නල්ලූර්/ நல்லூர்/ Nallur
4-1-33-140,140,කෝණ්ඩාවිල් නිරිත,கோண்டாவில் தென்மேற்கு,Kondavil South West,J/116,4: උතුර/ வடக்கு/ Northern,1: යාපනය/ யாழ்பாணம்/ Jaffna,33: නල්ලූර්/ நல்லூர்/ Nallur
4-1-33-145,145,කෝණ්ඩාවිල් මැද බස්නාහිර,கோண்டாவில்  மத்தி மேற்கு,Kondavil Centre  West,J/117,4: උතුර/ வடக்கு/ Northern,1: යාපනය/ யாழ்பாணம்/ Jaffna,33: නල්ලූර්/ நல்லூர்/ Nallur
4-1-33-150,150,කෝණ්ඩාවිල් මැද නැගෙනහිර,கோண்டாவில் மத்தி கிழக்கு,Kondavil Centre  East,J/118,4: උතුර/ வடக்கு/ Northern,1: යාපනය/ யாழ்பாணம்/ Jaffna,33: නල්ලූර්/ நல்லூர்/ Nallur
4-1-33-155,155,කෝණ්ඩාවිල් ඊසාන,கோண்டாவில்  வட கிழக்கு,Kondavil North East,J/119,4: උතුර/ வடக்கு/ Northern,1: යාපනය/ யாழ்பாணம்/ Jaffna,33: නල්ලූර්/ நல்லூர்/ Nallur
4-1-33-160,160,කෝණ්ඩාවිල් ගිනිකොණ,கோண்டாவில்  தென் கிழக்கு,Kondavil South East,J/120,4: උතුර/ வடக்கு/ Northern,1: යාපනය/ யாழ்பாணம்/ Jaffna,33: නල්ලූර්/ நல்லூர்/ Nallur
4-1-33-165,165,කොක්කුවිල් ඊසාන,கொக்குவில் வட கிழக்கு,Kokuvil North East,J/121,4: උතුර/ வடக்கு/ Northern,1: යාපනය/ யாழ்பாணம்/ Jaffna,33: නල්ලූර්/ நல்லூர்/ Nallur
4-1-33-170,170,කොක්කුවිල් නැගෙනහිර,கொக்குவில் கிழக்கு,Kokuvil East,J/122,4: උතුර/ வடக்கு/ Northern,1: යාපනය/ யாழ்பாணம்/ Jaffna,33: නල්ලූර්/ நல்லூர்/ Nallur
4-1-33-175,175,කොක්කුවිල් ගිණිකොණ,கொக்குவில் தென் கிழக்கு,Kokuvil South East,J/123,4: උතුර/ வடக்கு/ Northern,1: යාපනය/ யாழ்பாணம்/ Jaffna,33: නල්ලූර්/ நல்லூர்/ Nallur
4-1-33-180,180,කොක්කුවිල් වයඹ,கொக்குவில் வட மேற்கு,Kokuvil North West,J/124,4: උතුර/ வடக்கு/ Northern,1: යාපනය/ யாழ்பாணம்/ Jaffna,33: නල්ලූර්/ நல்லூர்/ Nallur
4-1-33-185,185,කොක්කුවිල් බස්නාහිර,கொக்குவில் தென் மேற்கு,Kokuvil West,J/125,4: උතුර/ வடக்கு/ Northern,1: යාපනය/ யாழ்பாணம்/ Jaffna,33: නල්ලූර්/ நல்லூர்/ Nallur
4-1-33-190,190,කොක්කුවිල් මැද නැගෙනහිර,கொக்குவில் மத்திய கிழக்கு,Kokuvil Centre East,J/126,4: උතුර/ வடக்கு/ Northern,1: යාපනය/ யாழ்பாணம்/ Jaffna,33: නල්ලූර්/ நல்லூர்/ Nallur
4-1-33-195,195,කොක්කුවිල් නිරිත,கொக்குவில் தென்  மேற்கு,Kokuvil South West,J/127,4: උතුර/ வடக்கு/ Northern,1: යාපනය/ யாழ்பாணம்/ Jaffna,33: නල්ලූර්/ நல்லூர்/ Nallur
4-1-33-200,200,කොක්කුවිල් මැද බස්නාහිර,கொக்குவில் மத்தி (மேற்கு),Kokuvil Centre West,J/128,4: උතුර/ வடக்கு/ Northern,1: යාපනය/ யாழ்பாணம்/ Jaffna,33: නල්ලූර්/ நல்லூர்/ Nallur
4-1-36-005,005,නෙඩුංකුලම්,நெடுங்குளம்,Nedunkulam,J/61,4: උතුර/ வடக்கு/ Northern,1: යාපනය/ யாழ்பாணம்/ Jaffna,36: යාපනය/ யாழ்ப்பாணம்/ Jaffna
4-1-36-010,010,කොළුම්පුතුරෙයි නැගෙනහිර,கொழும்புத்துறை கிழக்கு,Columbuthurai East,J/62,4: උතුර/ வடக்கு/ Northern,1: යාපනය/ யாழ்பாணம்/ Jaffna,36: යාපනය/ யாழ்ப்பாணம்/ Jaffna
4-1-36-015,015,කොළුම්පුතුරෙයි බටහිර,கொழும்புத்துறை மேற்கு,Columbuthurai West,J/63,4: උතුර/ வடக்கு/ Northern,1: යාපනය/ யாழ்பாணம்/ Jaffna,36: යාපනය/ யாழ்ப்பாணம்/ Jaffna
4-1-36-020,020,පාසෙයියූර් නැගෙනහිර,பாசையூர் கிழக்கு,Passaiyoor East,J/64,4: උතුර/ வடக்கு/ Northern,1: යාපනය/ யாழ்பாணம்/ Jaffna,36: යාපනය/ யாழ்ப்பாணம்/ Jaffna
4-1-36-025,025,පාසෙයියූර් බටහිර,பாசையூர் மேற்கு,Passaiyoor West,J/65,4: උතුර/ வடக்கு/ Northern,1: යාපනය/ யாழ்பாணம்/ Jaffna,36: යාපනය/ யாழ்ப்பாணம்/ Jaffna
4-1-36-030,030,ඊච්චමෝඩ්ඩැයි,ஈச்சமோட்டை,Eachchamoddai,J/66,4: උතුර/ வடக்கு/ Northern,1: යාපනය/ யாழ்பாணம்/ Jaffna,36: යාපනය/ யாழ்ப்பாணம்/ Jaffna
4-1-36-035,035,තිරුනගර්,திருநகர்,Thirunagar,J/67,4: උතුර/ வடக்கு/ Northern,1: යාපනය/ யாழ்பாணம்/ Jaffna,36: යාපනය/ யாழ்ப்பாணம்/ Jaffna
4-1-36-040,040,රෙක්ලමේෂන් නැගෙනහිර,ரெக்கிளமேசன் கிழக்கு,Reclamation East,J/68,4: උතුර/ வடக்கு/ Northern,1: යාපනය/ யாழ்பாணம்/ Jaffna,36: යාපනය/ யாழ்ப்பாணம்/ Jaffna
4-1-36-045,045,රෙක්ලමේෂන් බටහිර,ரெக்கிளமேசன் மேற்கு,Reclamation West,J/69,4: උතුර/ வடக்கு/ Northern,1: යාපනය/ யாழ்பாணம்/ Jaffna,36: යාපනය/ யாழ்ப்பாணம்/ Jaffna
4-1-36-050,050,ගුරුනගර් නැගෙනහිර,குருநகர் கிழக்கு,Gurunagar East,J/70,4: උතුර/ வடக்கு/ Northern,1: යාපනය/ யாழ்பாணம்/ Jaffna,36: යාපනය/ யாழ்ப்பாணம்/ Jaffna
4-1-36-055,055,ගුරුනගර් බටහිර,குருநகர் மேற்கு,Gurunagar West,J/71,4: උතුර/ வடக்கு/ Northern,1: යාපනය/ யாழ்பாணம்/ Jaffna,36: යාපනය/ யாழ்ப்பாணம்/ Jaffna
4-1-36-060,060,ස්මෝල් බසාර්,சின்னக்கடை,Small Bazaar,J/72,4: උතුර/ வடக்கு/ Northern,1: යාපනය/ யாழ்பாணம்/ Jaffna,36: යාපනය/ யாழ்ப்பாணம்/ Jaffna
4-1-36-065,065,යාපනය නගර් බටහිර,யாழ்நகர் மேற்கு,Jaffna Town West,J/73,4: උතුර/ வடக்கு/ Northern,1: යාපනය/ யாழ்பாணம்/ Jaffna,36: යාපනය/ யாழ்ப்பாணம்/ Jaffna
4-1-36-070,070,යාපනය නගර් නැගෙනහිර,யாழ்நகர் கிழக்கு,Jaffna Town East,J/74,4: උතුර/ வடக்கு/ Northern,1: යාපනය/ யாழ்பாணம்/ Jaffna,36: යාපනය/ யாழ்ப்பாணம்/ Jaffna
4-1-36-075,075,චුන්ඩිකුලි දකුණ,சுண்டுக்குளி தெற்கு,Chundikuly South,J/75,4: උතුර/ வடக்கு/ Northern,1: යාපනය/ யாழ்பாணம்/ Jaffna,36: යාපනය/ யாழ்ப்பாணம்/ Jaffna
4-1-36-080,080,චුණ්ඩිකුළි උතුර,சுண்டுக்குளி வடக்கு,Chundikuly North,J/76,4: උතුර/ வடக்கு/ Northern,1: යාපනය/ யாழ்பாணம்/ Jaffna,36: යාපනය/ யாழ்ப்பாணம்/ Jaffna
4-1-36-085,085,මරුදඩි,மருதடி,Maruthady,J/77,4: උතුර/ வடக்கு/ Northern,1: යාපනය/ யாழ்பாணம்/ Jaffna,36: යාපනය/ யாழ்ப்பாணம்/ Jaffna
4-1-36-090,090,අතියඩි,அத்தியடி,Aththiady,J/78,4: උතුර/ வடக்கு/ Northern,1: යාපනය/ யாழ்பாணம்/ Jaffna,36: යාපනය/ யாழ்ப்பாணம்/ Jaffna
4-1-36-095,095,සිරාම්පියඩි,சிறாம்பியடி,Sirampiyady,J/79,4: උතුර/ வடக்கு/ Northern,1: යාපනය/ யாழ்பாணம்/ Jaffna,36: යාපනය/ யாழ்ப்பாணம்/ Jaffna
4-1-36-100,100,ග්‍රෑන්ඩ් බසාර්,பெரியகடை,Grand Bazaar,J/80,4: උතුර/ வடக்கு/ Northern,1: යාපනය/ யாழ்பாணம்/ Jaffna,36: යාපනය/ யாழ்ப்பாணம்/ Jaffna
4-1-36-105,105,කෝඩ්ඩෙයි,கோட்டை,Fort,J/81,4: උතුර/ வடக்கு/ Northern,1: යාපනය/ யாழ்பாணம்/ Jaffna,36: යාපනය/ யாழ்ப்பாணம்/ Jaffna
4-1-36-110,110,වණ්ණාර්පණ්ණෙයි,வண்ணார்பண்ணை,Vannarpannai,J/82,4: උතුර/ வடக்கு/ Northern,1: යාපනය/ யாழ்பாணம்/ Jaffna,36: යාපනය/ யாழ்ப்பாணம்/ Jaffna
4-1-36-115,115,කොඩ්ඩඩි,கொட்டடி,Koddady,J/83,4: උතුර/ வடக்கு/ Northern,1: යාපනය/ யாழ்பாணம்/ Jaffna,36: යාපනය/ யாழ்ப்பாணம்/ Jaffna
4-1-36-120,120,නාවාන්තුරෙයි දකුණ,நாவாந்துறை தெற்கு,Navanthurai South,J/84,4: උතුර/ வடக்கு/ Northern,1: යාපනය/ யாழ்பாணம்/ Jaffna,36: යාපනය/ யாழ்ப்பாணம்/ Jaffna
4-1-36-125,125,නාවාන්තුරෙයි උතුර,நாவாந்துறை வடக்கு,Navanthurai North,J/85,4: උතුර/ வடக்கு/ Northern,1: යාපනය/ யாழ்பாணம்/ Jaffna,36: යාපනය/ யாழ்ப்பாணம்/ Jaffna
4-1-36-130,130,මූර් වීදිය දකුණ,சோனகதெரு தெற்கு,Moor Street South,J/86,4: උතුර/ வடக்கு/ Northern,1: යාපනය/ யாழ்பாணம்/ Jaffna,36: යාපනය/ யாழ்ப்பாணம்/ Jaffna
4-1-36-135,135,මූර් වීදිය උතුර,சோனகதெரு வடக்கு,Moor Street North,J/87,4: උතුර/ வடக்கு/ Northern,1: යාපනය/ யாழ்பாணம்/ Jaffna,36: යාපනය/ யாழ்ப்பாணம்/ Jaffna
4-1-36-140,140,නව මූර් වීදිය,புதிய சோனகதெரு,New Moor Street,J/88,4: උතුර/ வடக்கு/ Northern,1: යාපනය/ யாழ்பாணம்/ Jaffna,36: යාපනය/ யாழ்ப்பாணம்/ Jaffna
4-1-39-005,005,මණ්ඩෙයිතීවු නැගෙනහිර,மண்டைதீவு கிழக்கு,Mandaitivu East,J/7,4: උතුර/ வடக்கு/ Northern,1: යාපනය/ யாழ்பாணம்/ Jaffna,"39: දිවයින දකුණ වෙලණෙයි/ தீவு ‎தெற்கு (‍வேலணி)/ Island South ,Velanai"
4-1-39-010,010,මණ්ඩෙයිතීවු බටහිර,மண்டைதீவு மேற்கு,Mandaitivu West,J/8,4: උතුර/ வடக்கு/ Northern,1: යාපනය/ யாழ்பாணம்/ Jaffna,"39: දිවයින දකුණ වෙලණෙයි/ தீவு ‎தெற்கு (‍வேலணி)/ Island South ,Velanai"
4-1-39-015,015,මණ්ඩෙයිතිවු දකුණ,மண்டைதீவு தெற்கு,Mandaitivu South,J/9,4: උතුර/ வடக்கு/ Northern,1: යාපනය/ யாழ்பாணம்/ Jaffna,"39: දිවයින දකුණ වෙලණෙයි/ தீவு ‎தெற்கு (‍வேலணி)/ Island South ,Velanai"
4-1-39-020,020,අල්ලෙයිප්පිඩ්ඩි,அல்லைப்பிட்டி,Allaipiddy,J/10,4: උතුර/ வடக்கு/ Northern,1: යාපනය/ யாழ்பாணம்/ Jaffna,"39: දිවයින දකුණ වෙලණෙයි/ தீவு ‎தெற்கு (‍வேலணி)/ Island South ,Velanai"
4-1-39-025,025,මණ්කුම්පාන්,மண்கும்பான்,Mankumpan,J/11,4: උතුර/ வடக்கு/ Northern,1: යාපනය/ யாழ்பாணம்/ Jaffna,"39: දිවයින දකුණ වෙලණෙයි/ தீவு ‎தெற்கு (‍வேலணி)/ Island South ,Velanai"
4-1-39-030,030,වේලණෙයි උතුර,வேலணை வடக்கு,Velanai North,J/12,4: උතුර/ வடக்கு/ Northern,1: යාපනය/ யாழ்பாணம்/ Jaffna,"39: දිවයින දකුණ වෙලණෙයි/ தீவு ‎தெற்கு (‍வேலணி)/ Island South ,Velanai"
4-1-39-035,035,වේලණෙයි ඊසාන,வேலணை வட கிழக்கு,Velanai North East,J/13,4: උතුර/ வடக்கு/ Northern,1: යාපනය/ யாழ்பாணம்/ Jaffna,"39: දිවයින දකුණ වෙලණෙයි/ தீவு ‎தெற்கு (‍வேலணி)/ Island South ,Velanai"
4-1-39-040,040,වේලණෙයි නැගෙනහිර,வேலணை கிழக்கு,Velanai East,J/14,4: උතුර/ வடக்கு/ Northern,1: යාපනය/ யாழ்பாணம்/ Jaffna,"39: දිවයින දකුණ වෙලණෙයි/ தீவு ‎தெற்கு (‍வேலணி)/ Island South ,Velanai"
4-1-39-045,045,වෙලණෙයි ගිණිකොණ,வேலனை தென் கிழக்கு,Velanai South East,J/15,4: උතුර/ வடக்கு/ Northern,1: යාපනය/ யாழ்பாணம்/ Jaffna,"39: දිවයින දකුණ වෙලණෙයි/ தீவு ‎தெற்கு (‍வேலணி)/ Island South ,Velanai"
4-1-39-050,050,වේලණෙයි  මධ්‍යම නැගෙනහිර,வேலணை கிழக்கு மத்தி,Velanai Center East,J/16,4: උතුර/ வடக்கு/ Northern,1: යාපනය/ யாழ்பாணம்/ Jaffna,"39: දිවයින දකුණ වෙලණෙයි/ தீவு ‎தெற்கு (‍வேலணி)/ Island South ,Velanai"
4-1-39-055,055,වේළණෙයි දකුණ,வேலணை  தெற்கு,Velanai South,J/17,4: උතුර/ வடக்கு/ Northern,1: යාපනය/ யாழ்பாணம்/ Jaffna,"39: දිවයින දකුණ වෙලණෙයි/ தீவு ‎தெற்கு (‍வேலணி)/ Island South ,Velanai"
4-1-39-060,060,වේලණෙයි බටහිර මධ්‍යම,வேலானை மேற்கு மத்தி,Velanai center west,J/18,4: උතුර/ வடக்கு/ Northern,1: යාපනය/ யாழ்பாணம்/ Jaffna,"39: දිවයින දකුණ වෙලණෙයි/ தீவு ‎தெற்கு (‍வேலணி)/ Island South ,Velanai"
4-1-39-065,065,වේලණෙයි බටහිර,வேலானை மேற்கு,Velanai West,J/19,4: උතුර/ வடக்கு/ Northern,1: යාපනය/ யாழ்பாணம்/ Jaffna,"39: දිවයින දකුණ වෙලණෙයි/ தீவு ‎தெற்கு (‍வேலணி)/ Island South ,Velanai"
4-1-39-070,070,සරවණෙයි නැගෙනහිර,சரவணை கிழக்கு,Saravanai East,J/20,4: උතුර/ வடக்கு/ Northern,1: යාපනය/ யாழ்பாணம்/ Jaffna,"39: දිවයින දකුණ වෙලණෙයි/ தீவு ‎தெற்கு (‍வேலணி)/ Island South ,Velanai"
4-1-39-075,075,සරවණෙයි බටහිර,சரவணைமேற்கு,Saravanai West,J/21,4: උතුර/ வடக்கு/ Northern,1: යාපනය/ யாழ்பாணம்/ Jaffna,"39: දිවයින දකුණ වෙලණෙයි/ தீவு ‎தெற்கு (‍வேலணி)/ Island South ,Velanai"
4-1-39-080,080,පුංකුඩුතිව් ඊසාන,புங்குடுதீவு வட கிழக்கு,Pungudutivu North East,J/22,4: උතුර/ வடக்கு/ Northern,1: යාපනය/ யாழ்பாணம்/ Jaffna,"39: දිවයින දකුණ වෙලණෙයි/ தீவு ‎தெற்கு (‍வேலணி)/ Island South ,Velanai"
4-1-39-085,085,පුකුඩුතීවු නැගෙනහිර,புங்குடுதீவு கிழக்கு,Pungudutivu East,J/23,4: උතුර/ வடக்கு/ Northern,1: යාපනය/ யாழ்பாணம்/ Jaffna,"39: දිවයින දකුණ වෙලණෙයි/ தீவு ‎தெற்கு (‍வேலணி)/ Island South ,Velanai"
4-1-39-090,090,පුංකුඩුතිවු ගිනිකොණ,புங்குடுதீவு தென் கிழக்கு,Pungudutivu South East,J/24,4: උතුර/ வடக்கு/ Northern,1: යාපනය/ யாழ்பாணம்/ Jaffna,"39: දිවයින දකුණ වෙලණෙයි/ தீவு ‎தெற்கு (‍வேலணி)/ Island South ,Velanai"
4-1-39-095,095,පුංකුඩුතීවු ගිණිකොණ,புங்குடுதீவு,Pungudutivu East South,J/25,4: උතුර/ வடக்கு/ Northern,1: යාපනය/ யாழ்பாணம்/ Jaffna,"39: දිවයින දකුණ වෙලණෙයි/ தீவு ‎தெற்கு (‍வேலணி)/ Island South ,Velanai"
4-1-39-100,100,පුංකුඩුතිව් දකුණ,புங்குடுதீவு தெற்கு,Pungudutivu South,J/26,4: උතුර/ வடக்கு/ Northern,1: යාපනය/ யாழ்பாணம்/ Jaffna,"39: දිවයින දකුණ වෙලණෙයි/ தீவு ‎தெற்கு (‍வேலணி)/ Island South ,Velanai"
4-1-39-105,105,පුංකුඩුතීවු උතුර,புங்குடுதீவு வடக்கு,Pungudutivu North,J/27,4: උතුර/ வடக்கு/ Northern,1: යාපනය/ யாழ்பாணம்/ Jaffna,"39: දිවයින දකුණ වෙලණෙයි/ தீவு ‎தெற்கு (‍வேலணி)/ Island South ,Velanai"
4-1-39-110,110,පුංකුඩුතිව් මධ්‍යම උතුර,புங்குடுதீவு மத்தி வடக்கு,Pungudutivu Centre North,J/28,4: උතුර/ வடக்கு/ Northern,1: යාපනය/ யாழ்பாணம்/ Jaffna,"39: දිවයින දකුණ වෙලණෙයි/ தீவு ‎தெற்கு (‍வேலணி)/ Island South ,Velanai"
4-1-39-115,115,පුංකුඩුතිව් නිරිත,புங்குடுதீவு தென் மேற்கு,Pungudutivu South West,J/29,4: උතුර/ வடக்கு/ Northern,1: යාපනය/ யாழ்பாணம்/ Jaffna,"39: දිවයින දකුණ වෙලණෙයි/ தீவு ‎தெற்கு (‍வேலணி)/ Island South ,Velanai"
4-1-39-120,120,පුංකුඩුතිව් මධ්‍යම බටහිර,புங்குடுதீவு மத்தி தெற்கு,Pungudutivu Centre west,J/30,4: උතුර/ வடக்கு/ Northern,1: යාපනය/ யாழ்பாணம்/ Jaffna,"39: දිවයින දකුණ වෙලණෙයි/ தீவு ‎தெற்கு (‍வேலணி)/ Island South ,Velanai"
4-1-39-125,125,පුංකුඩුතිව් මධ්‍යම නැගෙනහිර,புங்குடுதீவு மத்திய   கிழக்கு,Pungudutivu Centre East,J/31,4: උතුර/ வடக்கு/ Northern,1: යාපනය/ யாழ்பாணம்/ Jaffna,"39: දිවයින දකුණ වෙලණෙයි/ தீவு ‎தெற்கு (‍வேலணி)/ Island South ,Velanai"
4-1-39-130,130,පුංකුඩුතිව් උතුර බටහිර,புங்குடுதீவு வட மேற்கு,Pungudutivu North West,J/32,4: උතුර/ வடக்கு/ Northern,1: යාපනය/ யாழ்பாணம்/ Jaffna,"39: දිවයින දකුණ වෙලණෙයි/ தீவு ‎தெற்கு (‍வேலணி)/ Island South ,Velanai"
4-1-39-135,135,පුංකුඩුතිව් බටහිර,புங்குடுதீவு மேற்கு,Pungudutivu West,J/33,4: උතුර/ வடக்கு/ Northern,1: යාපනය/ யாழ்பாணம்/ Jaffna,"39: දිවයින දකුණ වෙලණෙයි/ தீவு ‎தெற்கு (‍வேலணி)/ Island South ,Velanai"
4-1-39-140,140,නයිනාතිවු උතුර,நயினாதீவு வடக்கு,Nainativu North,J/34,4: උතුර/ வடக்கு/ Northern,1: යාපනය/ யாழ்பாணம்/ Jaffna,"39: දිවයින දකුණ වෙලණෙයි/ தீவு ‎தெற்கு (‍வேலணி)/ Island South ,Velanai"
4-1-39-145,145,නයිනාතීවු මධ්‍යම,நயினாதீவு மத்தி,Nainativu Center,J/35,4: උතුර/ வடக்கு/ Northern,1: යාපනය/ யாழ்பாணம்/ Jaffna,"39: දිවයින දකුණ වෙලණෙයි/ தீவு ‎தெற்கு (‍வேலணி)/ Island South ,Velanai"
4-1-39-150,150,නයිනාතිවු දකුණ,நயினாதீவு தெற்கு,Nainativu South,J/36,4: උතුර/ வடக்கு/ Northern,1: යාපනය/ யாழ்பாணம்/ Jaffna,"39: දිවයින දකුණ වෙලණෙයි/ தீவு ‎தெற்கு (‍வேலணி)/ Island South ,Velanai"
4-1-42-005,005,ඩෙල්ෆ්ට්     බටහිර,நெடுந்தீவு மேற்கு,Delft West,J/01,4: උතුර/ வடக்கு/ Northern,1: යාපනය/ யாழ்பாணம்/ Jaffna,42: ඩෙල්ප්ට් / ‎டெல்ப்/ Delft
4-1-42-010,010,ඩෙල්ෆ්ට්   දකුණ,நெடுந்தீவு தெற்கு,Delft South,J/02,4: උතුර/ வடக்கு/ Northern,1: යාපනය/ யாழ்பாணம்/ Jaffna,42: ඩෙල්ප්ට් / ‎டெல்ப்/ Delft
4-1-42-015,015,ඩෙල්ෆ්ට් මධ්‍යම බටහිර,நெடுந்தீவு  மத்தி மேற்கு,Delft Centre West,J/03,4: උතුර/ வடக்கு/ Northern,1: යාපනය/ யாழ்பாணம்/ Jaffna,42: ඩෙල්ප්ට් / ‎டெல்ப்/ Delft
4-1-42-020,020,ඩෙල්ෆ්ට් මධ්‍යම,‎நெடுந்தீவு மத்தி,Delft Centre,J/04,4: උතුර/ வடக்கு/ Northern,1: යාපනය/ யாழ்பாணம்/ Jaffna,42: ඩෙල්ප්ට් / ‎டெல்ப்/ Delft
4-1-42-025,025,ඩෙල්ෆ්ට් මධ්‍යම නැගෙනහිර,நெடுந்தீவு  மத்தி கிழக்கு,Delft Center East,J/05,4: උතුර/ வடக்கு/ Northern,1: යාපනය/ யாழ்பாணம்/ Jaffna,42: ඩෙල්ප්ට් / ‎டெல்ப்/ Delft
4-1-42-030,030,ඩෙල්ෆ්ට් නැගෙනහිර,நெடுந்தீவு கிழக்கு,Delft East,J/06,4: උතුර/ வடக்கு/ Northern,1: යාපනය/ யாழ்பாணம்/ Jaffna,42: ඩෙල්ප්ට් / ‎டெல்ப்/ Delft
4-1-45-005,005,කාරෙයිනගර් උතුර,காரைநகர் வடக்கு,Karainagar North,,4: උතුර/ வடக்கு/ Northern,1: යාපනය/ யாழ்பாணம்/ Jaffna,45: කාරෙයිනගර්/ காரைநகர்/ Karainagar
4-1-45-010,010,කාරෙයිනගර් ඊසාන,காரைநகா் வடகிழக்கு,Karainagar North East,,4: උතුර/ வடக்கு/ Northern,1: යාපනය/ யாழ்பாணம்/ Jaffna,45: කාරෙයිනගර්/ காரைநகர்/ Karainagar
4-1-45-015,015,කාරෙයිනගර් නැගෙනහිර,காரைநகர் வடக்கு,Karainagar East,,4: උතුර/ வடக்கு/ Northern,1: යාපනය/ யாழ்பாணம்/ Jaffna,45: කාරෙයිනගර්/ காரைநகர்/ Karainagar
4-1-45-020,020,කාරෙයිනගර් මැද,காரைநகர் மத்தி,Karainagar Centre,,4: උතුර/ வடக்கு/ Northern,1: යාපනය/ யாழ்பாணம்/ Jaffna,45: කාරෙයිනගර්/ காரைநகர்/ Karainagar
4-1-45-025,025,කාරෙයිනගර් වයඹ,காரைநகர் வட மேற்கு,Karainagar North West,,4: උතුර/ வடக்கு/ Northern,1: යාපනය/ யாழ்பாணம்/ Jaffna,45: කාරෙයිනගර්/ காரைநகர்/ Karainagar
4-1-45-030,030,කාරෙයිනගර් බටහිර,காரைநகர்  மேற்கு,Karainagar West,,4: උතුර/ வடக்கு/ Northern,1: යාපනය/ யாழ்பாணம்/ Jaffna,45: කාරෙයිනගර්/ காரைநகர்/ Karainagar
4-1-45-035,035,කාරෙයිනගර් දකුණ නැගෙනහිර,காரைநகர் தென்கிழக்கு,Karainagar South East,,4: උතුර/ வடக்கு/ Northern,1: යාපනය/ யாழ்பாணம்/ Jaffna,45: කාරෙයිනගර්/ காரைநகர்/ Karainagar
4-1-45-040,040,කාරෙයිනගර් දකුණ,காரைநகர்  தெற்கு,Karainagar South,,4: උතුර/ வடக்கு/ Northern,1: යාපනය/ யாழ்பாணம்/ Jaffna,45: කාරෙයිනගර්/ காரைநகர்/ Karainagar
4-1-45-045,045,කරෙයිනගර් නිරිත,காரைநகர் தென்மேற்கு,Karainagar South West,,4: උතුර/ வடக்கு/ Northern,1: යාපනය/ யாழ்பாணம்/ Jaffna,45: කාරෙයිනගර්/ காரைநகர்/ Karainagar
