GN List,,,,,,,,
LIFe Code,GN Code,Name in Sinhala,Name in Tamil,Name in English,MPA Code,Province,District,Divisional Secretariat
1-1-03-005,005,සම්මන්ත්‍රණපුර,சம்மந்திரணபுர,Sammanthranapura,,1: බස්නාහිර/ மேற்கு/ Western,1: කොළඹ/ ‎கொழும்பு/ Colombo,3: කොළඹ/ கொழும்பு/ Colombo
1-1-03-010,010,මට්ටක්කුලිය,மட்டக்குளி,Mattakkuliya,C26,1: බස්නාහිර/ மேற்கு/ Western,1: කොළඹ/ ‎கொழும்பு/ Colombo,3: කොළඹ/ கொழும்பு/ Colombo
1-1-03-015,015,මෝදර,மோத‍ரை,Modara,C27,1: බස්නාහිර/ மேற்கு/ Western,1: කොළඹ/ ‎கொழும்பு/ Colombo,3: කොළඹ/ கொழும்பு/ Colombo
1-1-03-020,020,මාදම්පිටිය,மாதம்பிட்டிய,Madampitiya,C19,1: බස්නාහිර/ மேற்கு/ Western,1: කොළඹ/ ‎கொழும்பு/ Colombo,3: කොළඹ/ கொழும்பு/ Colombo
1-1-03-025,025,මහවත්ත,மஹவத்தை,Mahawatta,C20,1: බස්නාහිර/ மேற்கு/ Western,1: කොළඹ/ ‎கொழும்பு/ Colombo,3: කොළඹ/ கொழும்பு/ Colombo
1-1-03-030,030,අළුත්මාවත,அளுத்மாவத்தை,Aluthmawatha,C3,1: බස්නාහිර/ மேற்கு/ Western,1: කොළඹ/ ‎கொழும்பு/ Colombo,3: කොළඹ/ கொழும்பு/ Colombo
1-1-03-035,035,ලුණුපොකුණ,ளுணு‎பொக்குண,Lunupokuna,C18,1: බස්නාහිර/ மேற்கு/ Western,1: කොළඹ/ ‎கொழும்பு/ Colombo,3: කොළඹ/ கொழும்பு/ Colombo
1-1-03-040,040,බ්ලූමැන්ඩල්,புளூ‎மெண்டல்,Bloemendhal,C4,1: බස්නාහිර/ மேற்கு/ Western,1: කොළඹ/ ‎கொழும்பு/ Colombo,3: කොළඹ/ கொழும்பு/ Colombo
1-1-03-045,045,කොටහේන නැගෙනහිර,‎கொட்டாஞ்‍சேணை கிழக்கு,Kotahena East,C16,1: බස්නාහිර/ மேற்கு/ Western,1: කොළඹ/ ‎கொழும்பு/ Colombo,3: කොළඹ/ கொழும்பு/ Colombo
1-1-03-050,050,කොටහේන  බටහිර,‎கொட்டாஞ்‍சேணை ‍மேற்கு,Kotahena West,C17,1: බස්නාහිර/ மேற்கு/ Western,1: කොළඹ/ ‎கொழும்பு/ Colombo,3: කොළඹ/ கொழும்பு/ Colombo
1-1-03-055,055,කොච්චිකඩේ උතුර,‎கொச்சிகடை வடக்கு,Kochchikade North,C14,1: බස්නාහිර/ மேற்கு/ Western,1: කොළඹ/ ‎கொழும்பு/ Colombo,3: කොළඹ/ கொழும்பு/ Colombo
1-1-03-060,060,ජින්තුපිටිය,ஜிந்துப்பிட்டி,Jinthupitiya,C11,1: බස්නාහිර/ மேற்கு/ Western,1: කොළඹ/ ‎கொழும்பு/ Colombo,3: කොළඹ/ கொழும்பு/ Colombo
1-1-03-065,065,මසංගස් වීදිය​,மசங்கஸ் வீதி,Massangar Street,C25,1: බස්නාහිර/ மேற்கு/ Western,1: කොළඹ/ ‎கொழும்பு/ Colombo,3: කොළඹ/ கொழும்பு/ Colombo
1-1-03-070,070,නිව් බසාර්,புதிய பசார்,New Bazaar,C29,1: බස්නාහිර/ மேற்கு/ Western,1: කොළඹ/ ‎கொழும்பு/ Colombo,3: කොළඹ/ கொழும்பு/ Colombo
1-1-03-075,075,ග්‍රෑන්ඩ්පාස් දකුණ,கி‍ரேண்ட்பாஸ் ‎தெற்கு,Grandpass South,C8,1: බස්නාහිර/ மேற்கு/ Western,1: කොළඹ/ ‎கொழும்பு/ Colombo,3: කොළඹ/ கொழும்பு/ Colombo
1-1-03-080,080,ග්‍රෑන්ඩ්පාස්  උතුර,கி‍ரேண்ட்பாஸ் வடக்கு,Grandpass North,C7,1: බස්නාහිර/ மேற்கு/ Western,1: කොළඹ/ ‎கொழும்பு/ Colombo,3: කොළඹ/ கொழும்பு/ Colombo
1-1-03-085,085,නවගම්පුර,நவகம்புர,Nawagampura,C28,1: බස්නාහිර/ மேற்கு/ Western,1: කොළඹ/ ‎கொழும்பு/ Colombo,3: කොළඹ/ கொழும்பு/ Colombo
1-1-03-090,090,මාලිගාවත්ත  නැගෙනහිර,மாளிகாவத்தை கிழக்கு,Maligawatta East,C22,1: බස්නාහිර/ மேற்கு/ Western,1: කොළඹ/ ‎கொழும்பு/ Colombo,3: කොළඹ/ கொழும்பு/ Colombo
1-1-03-095,095,ඛෙත්තාරාම,‎கெத்தாராமை,Kettarama,C13,1: බස්නාහිර/ மேற்கு/ Western,1: කොළඹ/ ‎கொழும்பு/ Colombo,3: කොළඹ/ கொழும்பு/ Colombo
1-1-03-100,100,අළුත්කඩේ  නැගෙනහිර,புதுக்கடை கிழக்கு,Aluthkade East,C2,1: බස්නාහිර/ மேற்கு/ Western,1: කොළඹ/ ‎கொழும்பு/ Colombo,3: කොළඹ/ கொழும்பு/ Colombo
1-1-03-105,105,අළුත්කඩේ බටහිර,புதுக்கடை ‍மேற்கு,Aluthkade West,C2,1: බස්නාහිර/ மேற்கு/ Western,1: කොළඹ/ ‎கொழும்பு/ Colombo,3: කොළඹ/ கொழும்பு/ Colombo
1-1-03-110,110,කොච්චිකඩේ  දකුණ,‎கொச்சிக்கடை தெற்கு,Kochchikade South,C15,1: බස්නාහිර/ மேற்கு/ Western,1: කොළඹ/ ‎கொழும்பு/ Colombo,3: කොළඹ/ கொழும்பு/ Colombo
1-1-03-115,115,පිටකොටුව,புறக்‍கோட்டை,Pettah,C31,1: බස්නාහිර/ மேற்கு/ Western,1: කොළඹ/ ‎கொழும்பு/ Colombo,3: කොළඹ/ கொழும்பு/ Colombo
1-1-03-120,120,කොටුව,கோட்டை,Fort,C5,1: බස්නාහිර/ மேற்கு/ Western,1: කොළඹ/ ‎கொழும்பு/ Colombo,3: කොළඹ/ கொழும்பு/ Colombo
1-1-03-125,125,ගාලුමුවදොර,காலி முகத்துவாரம,Galle Face,C6,1: බස්නාහිර/ மேற்கு/ Western,1: කොළඹ/ ‎கொழும்பு/ Colombo,3: කොළඹ/ கொழும்பு/ Colombo
1-1-03-130,130,කොම්පඤ්ඤ වීදිය,‎கொம்பணித்‎தெரு,Slave Island,C33,1: බස්නාහිර/ மேற்கு/ Western,1: කොළඹ/ ‎கொழும்பு/ Colombo,3: කොළඹ/ கொழும்பு/ Colombo
1-1-03-135,135,හුණුපිටිය,ஹுணுப்பிட்டிய,Hunupitiya,C9,1: බස්නාහිර/ மேற்கு/ Western,1: කොළඹ/ ‎கொழும்பு/ Colombo,3: කොළඹ/ கொழும்பு/ Colombo
1-1-03-140,140,සුදුවැල්ල,சுது‎வெல்ல,Suduwella,C34,1: බස්නාහිර/ மேற்கு/ Western,1: කොළඹ/ ‎கொழும்பு/ Colombo,3: කොළඹ/ கொழும்பு/ Colombo
1-1-03-145,145,කෙසෙල්වත්ත,வாழைத்‍தோட்டம் (கெசெல்வத்த),Keselwatta,C12,1: බස්නාහිර/ மேற்கு/ Western,1: කොළඹ/ ‎கொழும்பு/ Colombo,3: කොළඹ/ கொழும்பு/ Colombo
1-1-03-150,150,පංචිකාවත්ත,பஞ்சிக்காவத்தை,Panchikawatta,C30,1: බස්නාහිර/ மேற்கு/ Western,1: කොළඹ/ ‎கொழும்பு/ Colombo,3: කොළඹ/ கொழும்பு/ Colombo
1-1-03-155,155,මාලිගාවත්ත බටහිර,மாளிகாவத்தை ‍மேற்கு,Maligawatta West,C23,1: බස්නාහිර/ மேற்கு/ Western,1: කොළඹ/ ‎கொழும்பு/ Colombo,3: කොළඹ/ கொழும்பு/ Colombo
1-1-03-160,160,මාලිගාකන්ද,மாளிகாகந்தை,Maligakanda,C21,1: බස්නාහිර/ மேற்கு/ Western,1: කොළඹ/ ‎கொழும்பு/ Colombo,3: කොළඹ/ கொழும்பு/ Colombo
1-1-03-165,165,මරදාන,மரதானை,Maradana,C24,1: බස්නාහිර/ மேற்கு/ Western,1: කොළඹ/ ‎கொழும்பு/ Colombo,3: කොළඹ/ கொழும்பு/ Colombo
1-1-03-170,170,ඉබ්බන්වල,இப்பங்‎வெலை,Ibbanwala,C10,1: බස්නාහිර/ மேற்கு/ Western,1: කොළඹ/ ‎கொழும்பு/ Colombo,3: කොළඹ/ கொழும்பு/ Colombo
1-1-03-175,175,වෑකන්ද,வேகந்த,Wekanda,C35,1: බස්නාහිර/ மேற்கு/ Western,1: කොළඹ/ ‎கொழும்பு/ Colombo,3: කොළඹ/ கொழும்பு/ Colombo
1-1-06-005,005,වදුල්ල,வதுல்ல,Wadulla,509D,1: බස්නාහිර/ மேற்கு/ Western,1: කොළඹ/ ‎கொழும்பு/ Colombo,6: කොළොන්නාව/ கொ‎லண்ணா‍வை/ Kolonnawa
1-1-06-010,010,සේදවත්ත,சேதவத்த,Sedawatta,509A,1: බස්නාහිර/ மேற்கு/ Western,1: කොළඹ/ ‎கொழும்பு/ Colombo,6: කොළොන්නාව/ கொ‎லண்ணா‍வை/ Kolonnawa
1-1-06-015,015,හල්මුල්ල,ஹல்முல்ல,Halmulla,509C,1: බස්නාහිර/ மேற்கு/ Western,1: කොළඹ/ ‎கொழும்பு/ Colombo,6: කොළොන්නාව/ கொ‎லண்ணா‍வை/ Kolonnawa
1-1-06-020,020,කොටුවිල,கொட்டுவில,Kotuvila,509,1: බස්නාහිර/ மேற்கு/ Western,1: කොළඹ/ ‎கொழும்பு/ Colombo,6: කොළොන්නාව/ கொ‎லண்ணா‍வை/ Kolonnawa
1-1-06-025,025,වෙහෙරගොඩ,‎வெஹர‎கொட,Veheragoda,509B,1: බස්නාහිර/ மேற்கு/ Western,1: කොළඹ/ ‎கொழும்பு/ Colombo,6: කොළොන්නාව/ கொ‎லண்ணா‍வை/ Kolonnawa
1-1-06-030,030,ඔරුගොඩවත්ත,ஒறு‎கொடவத்த,Orugodawatta,510A,1: බස්නාහිර/ மேற்கு/ Western,1: කොළඹ/ ‎கொழும்பு/ Colombo,6: කොළොන්නාව/ கொ‎லண்ணா‍வை/ Kolonnawa
1-1-06-035,035,මිතොටමුල්ල,மீ‎தொட்டமுல்ல,Meethotamulla,510,1: බස්නාහිර/ மேற்கு/ Western,1: කොළඹ/ ‎கொழும்பு/ Colombo,6: කොළොන්නාව/ கொ‎லண்ணா‍வை/ Kolonnawa
1-1-06-040,040,වෙලේවත්ත,‍‍‍வெ‍‍லேவத்த,Welewaththa,508A,1: බස්නාහිර/ மேற்கு/ Western,1: කොළඹ/ ‎கொழும்பு/ Colombo,6: කොළොන්නාව/ கொ‎லண்ணா‍வை/ Kolonnawa
1-1-06-045,045,කිත්තම්පහුව,கித்தும்பஹுவ,Kiththampahuwa,508,1: බස්නාහිර/ மேற்கு/ Western,1: කොළඹ/ ‎கொழும்பு/ Colombo,6: කොළොන්නාව/ கொ‎லண்ணா‍வை/ Kolonnawa
1-1-06-050,050,වෙන්නවත්ත,‎வென்னவத்த,Wennawatta,507,1: බස්නාහිර/ மேற்கு/ Western,1: කොළඹ/ ‎கொழும்பு/ Colombo,6: කොළොන්නාව/ கொ‎லண்ணா‍வை/ Kolonnawa
1-1-06-055,055,මහබුත්ගමුව බී,மஹ புத்கமுவ B,Mahabuthgamuwa B,506C,1: බස්නාහිර/ மேற்கு/ Western,1: කොළඹ/ ‎கொழும்பு/ Colombo,6: කොළොන්නාව/ கொ‎லண்ணா‍வை/ Kolonnawa
1-1-06-060,060,කුඩා බුත්ගමුව,குடா புத்கமுவ,Kuda Buthgamuwa,506A,1: බස්නාහිර/ மேற்கு/ Western,1: කොළඹ/ ‎கொழும்பு/ Colombo,6: කොළොන්නාව/ கொ‎லண்ணா‍வை/ Kolonnawa
1-1-06-065,065,කැලණිමුල්ල,‎‎கெளணிமுல்ல,Kelanimulla,504,1: බස්නාහිර/ மேற்கு/ Western,1: කොළඹ/ ‎கொழும்பு/ Colombo,6: කොළොන්නාව/ கொ‎லண்ணா‍வை/ Kolonnawa
1-1-06-070,070,අඔත‍ලේ,அம்பத்தலே,Ambathale,501A,1: බස්නාහිර/ மேற்கு/ Western,1: කොළඹ/ ‎கொழும்பு/ Colombo,6: කොළොන්නාව/ கொ‎லண்ணா‍வை/ Kolonnawa
1-1-06-075,075,මුල්ලේරියාව  උතුර,முல்லேரியாவ வடக்கு,Mulleriyawa North,501,1: බස්නාහිර/ மேற்கு/ Western,1: කොළඹ/ ‎கொழும்பு/ Colombo,6: කොළොන්නාව/ கொ‎லண்ணா‍வை/ Kolonnawa
1-1-06-080,080,බැලගම,‍‍பெ‍லேகம   வீிதி,Belagama,504A,1: බස්නාහිර/ மேற்கு/ Western,1: කොළඹ/ ‎கொழும்பு/ Colombo,6: කොළොන්නාව/ கொ‎லண்ணா‍வை/ Kolonnawa
1-1-06-085,085,කොටිකාවත්ත  නැගෙනහිර,‎கொட்டிகாவத்தை கிழக்கு,Kotikawatta East,505,1: බස්නාහිර/ மேற்கு/ Western,1: කොළඹ/ ‎கொழும்பு/ Colombo,6: කොළොන්නාව/ கொ‎லண்ணா‍வை/ Kolonnawa
1-1-06-090,090,මහ බුත්ගමුව ඒ,மஹ புத்கமுவ‍ A,Maha Buthgamuwa A,506,1: බස්නාහිර/ மேற்கு/ Western,1: කොළඹ/ ‎கொழும்பு/ Colombo,6: කොළොන්නාව/ கொ‎லண்ணா‍வை/ Kolonnawa
1-1-06-095,095,මහ බුත්ගමුව සී,மஹ புத்கமுவ‍ C,Maha Buthgamuwa C,506D,1: බස්නාහිර/ மேற்கு/ Western,1: කොළඹ/ ‎கொழும்பு/ Colombo,6: කොළොන්නාව/ கொ‎லண்ணா‍வை/ Kolonnawa
1-1-06-100,100,වැල්ලමිපිටිය,‎வெல்லம்பிட்டிய,Wellampitiya,511,1: බස්නාහිර/ மேற்கு/ Western,1: කොළඹ/ ‎கொழும்பு/ Colombo,6: කොළොන්නාව/ கொ‎லண்ணா‍வை/ Kolonnawa
1-1-06-105,105,කුරුණියාවත්ත,குரினியாவத்‍தை,Kuriniyawatta,510B,1: බස්නාහිර/ மேற்கு/ Western,1: කොළඹ/ ‎கொழும்பு/ Colombo,6: කොළොන්නාව/ கொ‎லண்ணா‍வை/ Kolonnawa
1-1-06-110,110,කොළොන්නාව,‎கொ‎லண்ணா‍வை,Kolonnawa,512,1: බස්නාහිර/ மேற்கு/ Western,1: කොළඹ/ ‎கொழும்பு/ Colombo,6: කොළොන්නාව/ கொ‎லண்ணா‍வை/ Kolonnawa
1-1-06-115,115,දහම්පුර,தஹம்பு‍ரை,Dahampura,511A,1: බස්නාහිර/ மேற்கு/ Western,1: කොළඹ/ ‎கொழும்பு/ Colombo,6: කොළොන්නාව/ கொ‎லண்ணா‍வை/ Kolonnawa
1-1-06-120,120,සිංහපුර,சிங்கபு‍ரை,Singhapura,512B,1: බස්නාහිර/ மேற்கு/ Western,1: කොළඹ/ ‎கொழும்பு/ Colombo,6: කොළොන්නාව/ கொ‎லண்ணா‍வை/ Kolonnawa
1-1-06-125,125,මෙගොඩ කොලොන්නාව,‎மெகொட ‎கொ‎லொண்ணா‍வ,Megoda Kolonnawa,513A,1: බස්නාහිර/ மேற்கு/ Western,1: කොළඹ/ ‎கொழும்பு/ Colombo,6: කොළොන්නාව/ கொ‎லண்ணா‍வை/ Kolonnawa
1-1-06-130,130,බෝපැත්ත,‍‎‍போ‎பெத்த,Bopeththa,513D,1: බස්නාහිර/ மேற்கு/ Western,1: කොළඹ/ ‎கொழும்பு/ Colombo,6: කොළොන්නාව/ கொ‎லண்ணா‍வை/ Kolonnawa
1-1-06-135,135,බටලන්ද‍හේන,பட்டலந்த‍‍‍ஹேண,Batalandahena,506B,1: බස්නාහිර/ மேற்கு/ Western,1: කොළඹ/ ‎கொழும்பு/ Colombo,6: කොළොන්නාව/ கொ‎லண்ணா‍வை/ Kolonnawa
1-1-06-140,140,කොටිකාවත්ත බටහිර,‎கொட்டிக்காவத்‍தை ‍மேற்கு,Kotikawatta West,505C,1: බස්නාහිර/ மேற்கு/ Western,1: කොළඹ/ ‎கொழும்பு/ Colombo,6: කොළොන්නාව/ கொ‎லண்ணா‍வை/ Kolonnawa
1-1-06-145,145,මුල්ලේරියාව  දකුණ,முள்‍ளேரியா‍வை ‎தெற்கு,Mulleriyawa South,503A,1: බස්නාහිර/ மேற்கு/ Western,1: කොළඹ/ ‎கொழும்பு/ Colombo,6: කොළොන්නාව/ கொ‎லண்ணா‍வை/ Kolonnawa
1-1-06-150,150,මල්ගම,மல்கம,Malgama,503C,1: බස්නාහිර/ மேற்கு/ Western,1: කොළඹ/ ‎கொழும்பு/ Colombo,6: කොළොන්නාව/ கொ‎லண்ணா‍வை/ Kolonnawa
1-1-06-155,155,උඩුමුල්ල  උතුර,உடுமுல்ல வடக்கு,Udumulla North,502,1: බස්නාහිර/ மேற்கு/ Western,1: කොළඹ/ ‎கொழும்பு/ Colombo,6: කොළොන්නාව/ கொ‎லண்ணா‍வை/ Kolonnawa
1-1-06-160,160,මාළිගාගොඩැල්ල,மாலிகா‎கொ‎டெல்ல,Maligagodella,502B,1: බස්නාහිර/ மேற்கு/ Western,1: කොළඹ/ ‎கொழும்பு/ Colombo,6: කොළොන්නාව/ கொ‎லண்ணா‍வை/ Kolonnawa
1-1-06-165,165,රාජසිංහගම,ராஜசிங்ககம,Rajasinghagama,502C,1: බස්නාහිර/ மேற்கு/ Western,1: කොළඹ/ ‎கொழும்பு/ Colombo,6: කොළොන්නාව/ கொ‎லண்ணா‍வை/ Kolonnawa
1-1-06-170,170,උඩුමුල්ල   දකුණ,உடுமுள்ள ‎தெற்கு,Udumulla South,502A,1: බස්නාහිර/ மேற்கு/ Western,1: කොළඹ/ ‎கொழும்பு/ Colombo,6: කොළොන්නාව/ கொ‎லண்ணா‍வை/ Kolonnawa
1-1-06-175,175,හිඹුටාන   නැගෙනහිර,ஹிம்புட்டாண கிழக்கு,Himbutana East,503B,1: බස්නාහිර/ மேற்கு/ Western,1: කොළඹ/ ‎கொழும்பு/ Colombo,6: කොළොන්නාව/ கொ‎லண்ணா‍வை/ Kolonnawa
1-1-06-180,180,හිඹුටාන   බටහිර,ஹிம்புட்டாண ‍மேற்கு,Himbutana West,503,1: බස්නාහිර/ மேற்கு/ Western,1: කොළඹ/ ‎கொழும்பு/ Colombo,6: කොළොන්නාව/ கொ‎லண்ணா‍வை/ Kolonnawa
1-1-06-185,185,මල්පුර,மல்புர,Malpura,505A,1: බස්නාහිර/ மேற்கு/ Western,1: කොළඹ/ ‎கொழும்பு/ Colombo,6: කොළොන්නාව/ கொ‎லண்ணா‍வை/ Kolonnawa
1-1-06-190,190,ගොතටුව නව නගරය,‎கொத்தட்டுவ புது நகரம்,Gothatuwa New Town,505B,1: බස්නාහිර/ மேற்கு/ Western,1: කොළඹ/ ‎கொழும்பு/ Colombo,6: කොළොන්නාව/ கொ‎லண்ணா‍வை/ Kolonnawa
1-1-06-195,195,කජුගහවත්ත,கஜுகஹவத்த,Kajugahawatta,513C,1: බස්නාහිර/ மேற்கு/ Western,1: කොළඹ/ ‎கொழும்பு/ Colombo,6: කොළොන්නාව/ கொ‎லண்ணா‍வை/ Kolonnawa
1-1-06-200,200,ගොතටුව,‎கொத்தட்டுவ,Gothatuwa,513,1: බස්නාහිර/ மேற்கு/ Western,1: කොළඹ/ ‎கொழும்பு/ Colombo,6: කොළොන්නාව/ கொ‎லண்ணா‍வை/ Kolonnawa
1-1-06-205,205,සාලමුල්ල,சாலமுல்ல,Salamulla,512A,1: බස්නාහිර/ மேற்கு/ Western,1: කොළඹ/ ‎கொழும்பு/ Colombo,6: කොළොන්නාව/ கொ‎லண்ணா‍வை/ Kolonnawa
1-1-06-210,210,විජයපුර,விஜயபுர,Wijayapura,512D,1: බස්නාහිර/ மேற்கு/ Western,1: කොළඹ/ ‎கொழும்பு/ Colombo,6: කොළොන්නාව/ கொ‎லண்ணா‍வை/ Kolonnawa
1-1-06-215,215,ගජබාපුර,கஜபாபுர,Gajabapura,512C,1: බස්නාහිර/ மேற்கு/ Western,1: කොළඹ/ ‎கொழும்பு/ Colombo,6: කොළොන්නාව/ கொ‎லண்ணா‍வை/ Kolonnawa
1-1-06-220,220,මාදින්නාගොඩ,மாதிண்ண‎கொட,Madinnagoda,513B,1: බස්නාහිර/ மேற்கு/ Western,1: කොළඹ/ ‎கொழும்பு/ Colombo,6: කොළොන්නාව/ கொ‎லண்ணா‍வை/ Kolonnawa
1-1-06-225,225,ඇල්හේන,எல்ஹேண,Elhena,513E,1: බස්නාහිර/ மேற்கு/ Western,1: කොළඹ/ ‎கொழும்பு/ Colombo,6: කොළොන්නාව/ கொ‎லண்ணா‍வை/ Kolonnawa
1-1-06-230,230,දොඩමිගහහේන,‎தொடம்கஹ்ஹே‍ண,Dodamgahahena,505D,1: බස්නාහිර/ மேற்கு/ Western,1: කොළඹ/ ‎கொழும்பு/ Colombo,6: කොළොන්නාව/ கொ‎லண்ணா‍வை/ Kolonnawa
1-1-09-005,005,වැලිවිට,‎வெலிவிட்ட,Welivita,475,1: බස්නාහිර/ மேற்கு/ Western,1: කොළඹ/ ‎கொழும்பு/ Colombo,9: කඩුවෙල/ கடு‎வெ‍லை/ Kaduwela
1-1-09-010,010,රග්ගහවත්ත,ரக்கஹவத்த,Raggahawatta,474A,1: බස්නාහිර/ மேற்கு/ Western,1: කොළඹ/ ‎கொழும்பு/ Colombo,9: කඩුවෙල/ கடு‎வெ‍லை/ Kaduwela
1-1-09-015,015,හේවාගම,‍‍‍‎‍ஹேவாகம,Hewagama,474,1: බස්නාහිර/ மேற்கு/ Western,1: කොළඹ/ ‎கொழும்பு/ Colombo,9: කඩුවෙල/ கடு‎வெ‍லை/ Kaduwela
1-1-09-020,020,කඩුවෙල,கடு‎வெ‍ல,Kaduwela,473A,1: බස්නාහිර/ மேற்கு/ Western,1: කොළඹ/ ‎கொழும்பு/ Colombo,9: කඩුවෙල/ கடு‎வெ‍லை/ Kaduwela
1-1-09-025,025,පහළ බෝමිරිය,பஹள ‍‎‍போமிரிய,Pahala Bomiriya,472A,1: බස්නාහිර/ மேற்கு/ Western,1: කොළඹ/ ‎கொழும்பு/ Colombo,9: කඩුවෙල/ கடு‎வெ‍லை/ Kaduwela
1-1-09-030,030,ඉහළ බෝමිරිය,இஹள ‍போமிரிய,Ihala Bomiriya,471,1: බස්නාහිර/ மேற்கு/ Western,1: කොළඹ/ ‎கொழும்பு/ Colombo,9: කඩුවෙල/ கடு‎வெ‍லை/ Kaduwela
1-1-09-035,035,වැකේවත්ත,‍‎‍வே‎கெவிட்ட,Wekewatta,471A,1: බස්නාහිර/ மேற்கு/ Western,1: කොළඹ/ ‎கொழும்பு/ Colombo,9: කඩුවෙල/ கடு‎வெ‍லை/ Kaduwela
1-1-09-040,040,නවගමුව,நவகமுவ,Nawagamuwa,470,1: බස්නාහිර/ மேற்கு/ Western,1: කොළඹ/ ‎கொழும்பு/ Colombo,9: කඩුවෙල/ கடு‎வெ‍லை/ Kaduwela
1-1-09-045,045,පහළ බෝමිරිය බී,கீழ்  ‍‎‍போமிரிய B,Pahala Bomiriya B,472B,1: බස්නාහිර/ மேற்கு/ Western,1: කොළඹ/ ‎கொழும்பு/ Colombo,9: කඩුවෙල/ கடு‎வெ‍லை/ Kaduwela
1-1-09-050,050,වැලිහිඳ,‎வெலிகின்ன,Welihinda,488A,1: බස්නාහිර/ மேற்கு/ Western,1: කොළඹ/ ‎கொழும்பு/ Colombo,9: කඩුවෙල/ கடு‎வெ‍லை/ Kaduwela
1-1-09-055,055,කොතලාවල,‎கொத்தலாவல,Kothalawala,473,1: බස්නාහිර/ மேற்கு/ Western,1: කොළඹ/ ‎கொழும்பு/ Colombo,9: කඩුවෙල/ கடு‎வெ‍லை/ Kaduwela
1-1-09-060,060,මහදෙනිය,மஹ‎தெணிய,Mahadeniya,475A,1: බස්නාහිර/ மேற்கு/ Western,1: කොළඹ/ ‎கொழும்பு/ Colombo,9: කඩුවෙල/ கடு‎வெ‍லை/ Kaduwela
1-1-09-065,065,තලාහේන  උතුර,தலஹேண வடக்கு,Thalahena North,478,1: බස්නාහිර/ மேற்கு/ Western,1: කොළඹ/ ‎கொழும்பு/ Colombo,9: කඩුවෙල/ கடு‎வெ‍லை/ Kaduwela
1-1-09-070,070,මාළ‍‍ෙඔ  උතුර,மால‍பே வடக்கு,Malabe North,476B,1: බස්නාහිර/ மேற்கு/ Western,1: කොළඹ/ ‎கொழும்பு/ Colombo,9: කඩුවෙල/ கடு‎வெ‍லை/ Kaduwela
1-1-09-075,075,තුන්අදහේන,துணடஹேண,Thunadahena,488B,1: බස්නාහිර/ மேற்கு/ Western,1: කොළඹ/ ‎கொழும்பு/ Colombo,9: කඩුවෙල/ கடு‎வெ‍லை/ Kaduwela
1-1-09-080,080,කොරතොට,‎கொர‎‎தொட்ட,Korathota,488,1: බස්නාහිර/ மேற்கு/ Western,1: කොළඹ/ ‎கொழும்பு/ Colombo,9: කඩුවෙල/ கடு‎வெ‍லை/ Kaduwela
1-1-09-085,085,නවගමුව දකුණ,நவகமுவ ‎தெற்கு,Nawagamuwa South,470A,1: බස්නාහිර/ மேற்கு/ Western,1: කොළඹ/ ‎கொழும்பு/ Colombo,9: කඩුවෙල/ கடு‎வெ‍லை/ Kaduwela
1-1-09-090,090,බටේ‍වෙල,ப‍‍ட்டே‎வெல,Batewela,480C,1: බස්නාහිර/ மேற்கு/ Western,1: කොළඹ/ ‎கொழும்பு/ Colombo,9: කඩුවෙල/ கடு‎வெ‍லை/ Kaduwela
1-1-09-095,095,රණාල,ரணால,Ranala,469,1: බස්නාහිර/ மேற்கு/ Western,1: කොළඹ/ ‎கொழும்பு/ Colombo,9: කඩුවෙල/ கடு‎வெ‍லை/ Kaduwela
1-1-09-100,100,දැඩිගමුව,‎தெடிகமுவ,Dedigamuwa,480A,1: බස්නාහිර/ மேற்கு/ Western,1: කොළඹ/ ‎கொழும்பு/ Colombo,9: කඩුවෙල/ கடு‎வெ‍லை/ Kaduwela
1-1-09-105,105,ඇඔල්ලදෙණිය,எம்பில்லா‎தெணிய,Embilladeniya,480B,1: බස්නාහිර/ மேற்கு/ Western,1: කොළඹ/ ‎கொழும்பு/ Colombo,9: කඩුවෙල/ கடு‎வெ‍லை/ Kaduwela
1-1-09-110,110,වැලිපිල්ලැව,‎‎வெலிபில்‍லேவ,Welipillewa,480,1: බස්නාහිර/ மேற்கு/ Western,1: කොළඹ/ ‎கொழும்பு/ Colombo,9: කඩුවෙල/ கடு‎வெ‍லை/ Kaduwela
1-1-09-115,115,ශාන්තාලෝකගම,சாந்தா‍லோககம,Shanthalokagama,487A,1: බස්නාහිර/ மேற்கு/ Western,1: කොළඹ/ ‎கொழும்பு/ Colombo,9: කඩුවෙල/ கடு‎வெ‍லை/ Kaduwela
1-1-09-120,120,පෝරේ,‍‍‍‍‍‍‎‍போ‍ரே,Pore,489,1: බස්නාහිර/ மேற்கு/ Western,1: කොළඹ/ ‎கொழும்பு/ Colombo,9: කඩුවෙල/ கடு‎வெ‍லை/ Kaduwela
1-1-09-125,125,මාලබේ නැගෙනහිර,மால‍‍‍பே கிழக்கு,Malabe East,476,1: බස්නාහිර/ மேற்கு/ Western,1: කොළඹ/ ‎கொழும்பு/ Colombo,9: කඩුවෙල/ கடு‎வெ‍லை/ Kaduwela
1-1-09-130,130,මාල‍බේ බටහිර,மால‍‍‍பே ‍மேற்கு,Malabe West,476A,1: බස්නාහිර/ மேற்கு/ Western,1: කොළඹ/ ‎கொழும்பு/ Colombo,9: කඩුවෙල/ கடு‎வெ‍லை/ Kaduwela
1-1-09-135,135,තලංගම උතුර බී,தலங்கம வடக்கு B,Thalangama North B,477A,1: බස්නාහිර/ மேற்கு/ Western,1: කොළඹ/ ‎கொழும்பு/ Colombo,9: කඩුවෙල/ கடு‎வெ‍லை/ Kaduwela
1-1-09-140,140,තලාහේන  දකුණ,தலா‍ஹேண வடக்கு,Thalahena South,478A,1: බස්නාහිර/ மேற்கு/ Western,1: කොළඹ/ ‎கொழும்பு/ Colombo,9: කඩුවෙල/ கடு‎வெ‍லை/ Kaduwela
1-1-09-145,145,මුත්තෙට්ටුගොඩ,முத்‎தெடு‎‎கொட,Muttettugoda,477B,1: බස්නාහිර/ மேற்கு/ Western,1: කොළඹ/ ‎கொழும்பு/ Colombo,9: කඩුවෙල/ கடு‎வெ‍லை/ Kaduwela
1-1-09-150,150,තලංගම උතුර ඒ,தலங்கம வடக்கு A,Thalangama North A,477,1: බස්නාහිර/ மேற்கு/ Western,1: කොළඹ/ ‎கொழும்பு/ Colombo,9: කඩුවෙල/ கடு‎வெ‍லை/ Kaduwela
1-1-09-155,155,වල්පොල,வல்‎பொல,Walpola,491A,1: බස්නාහිර/ மேற்கு/ Western,1: කොළඹ/ ‎கொழும்பு/ Colombo,9: කඩුවෙල/ கடு‎வெ‍லை/ Kaduwela
1-1-09-160,160,කළපලුවාව,கலபாலு‎வெவ,Kalapaluwawa,491,1: බස්නාහිර/ மேற்கு/ Western,1: කොළඹ/ ‎கொழும்பு/ Colombo,9: කඩුවෙල/ கடு‎வெ‍லை/ Kaduwela
1-1-09-165,165,කොටුවේගොඩ,‎‎கொட்டு‍வே‎கொட,Kotuwegoda,491B,1: බස්නාහිර/ மேற்கு/ Western,1: කොළඹ/ ‎கொழும்பு/ Colombo,9: කඩුවෙල/ கடு‎வெ‍லை/ Kaduwela
1-1-09-170,170,සුභූතිපුර,சு‍பூதிபுர,Subhoothipura,492,1: බස්නාහිර/ மேற்கு/ Western,1: කොළඹ/ ‎கொழும்பு/ Colombo,9: කඩුවෙල/ கடு‎வெ‍லை/ Kaduwela
1-1-09-175,175,උඩුමුල්ල,உடுமுல்ல,Udumulla,492C,1: බස්නාහිර/ மேற்கு/ Western,1: කොළඹ/ ‎கொழும்பு/ Colombo,9: කඩුවෙල/ கடு‎வெ‍லை/ Kaduwela
1-1-09-180,180,බත්තරමුල්ල උතුර,பத்தரமுல்ல வடக்கு,Battaramulla North,492B,1: බස්නාහිර/ மேற்கு/ Western,1: කොළඹ/ ‎கொழும்பு/ Colombo,9: කඩුවෙල/ கடு‎வெ‍லை/ Kaduwela
1-1-09-185,185,බටපොත,பட்ட‎பொத,Batapotha,479E,1: බස්නාහිර/ மேற்கு/ Western,1: කොළඹ/ ‎கொழும்பு/ Colombo,9: කඩුවෙල/ கடு‎வெ‍லை/ Kaduwela
1-1-09-190,190,පොතුඅරාව,‎பொதுஅராவ,Pothuarawa,477C,1: බස්නාහිර/ மேற்கு/ Western,1: කොළඹ/ ‎கொழும்பு/ Colombo,9: කඩුවෙල/ கடு‎வெ‍லை/ Kaduwela
1-1-09-195,195,හෝකන්දර   උතුර,‍‍‍‍‍‎‍ஹோகந்தர வடக்கு,Hokandara North,494,1: බස්නාහිර/ மேற்கு/ Western,1: කොළඹ/ ‎கொழும்பு/ Colombo,9: කඩුවෙල/ கடு‎வெ‍லை/ Kaduwela
1-1-09-200,200,ඔරුවල,ஒருவல,Oruwala,487,1: බස්නාහිර/ மேற்கு/ Western,1: කොළඹ/ ‎கொழும்பு/ Colombo,9: කඩුවෙල/ கடு‎வெ‍லை/ Kaduwela
1-1-09-205,205,අතුරුගිරිය,அத்துருகிரிய,Athurugiriya,490,1: බස්නාහිර/ மேற்கு/ Western,1: කොළඹ/ ‎கொழும்பு/ Colombo,9: කඩුවෙල/ கடு‎வெ‍லை/ Kaduwela
1-1-09-210,210,තල්දියවල,தல்டியவல,Thaldiyawala,490B,1: බස්නාහිර/ மேற்கு/ Western,1: කොළඹ/ ‎கொழும்பு/ Colombo,9: කඩුවෙල/ கடு‎வெ‍லை/ Kaduwela
1-1-09-215,215,බොරලුගොඩ,‎பொரலு‎கொட,Boralugoda,489A,1: බස්නාහිර/ மேற்கு/ Western,1: කොළඹ/ ‎கொழும்பு/ Colombo,9: කඩුවෙල/ கடு‎வெ‍லை/ Kaduwela
1-1-09-220,220,හෝකන්දර නැගෙනහිර,‍‍‎‍ஹோகந்தர கிழக்கு,Hokandara East,494A,1: බස්නාහිර/ மேற்கு/ Western,1: කොළඹ/ ‎கொழும்பு/ Colombo,9: කඩුවෙල/ கடு‎வெ‍லை/ Kaduwela
1-1-09-225,225,අරංගල,அரங்கல,Arangala,494B,1: බස්නාහිර/ மேற்கு/ Western,1: කොළඹ/ ‎கொழும்பு/ Colombo,9: කඩුවෙල/ கடு‎வெ‍லை/ Kaduwela
1-1-09-230,230,ඇවරිහේන,எவரி‍ஹேண,Evarihena,495A,1: බස්නාහිර/ மேற்கு/ Western,1: කොළඹ/ ‎கொழும்பு/ Colombo,9: කඩුවෙල/ கடு‎வெ‍லை/ Kaduwela
1-1-09-235,235,කුමාරගේ වත්ත,குமார‍கேவத்த,Kumaragewatta,479D,1: බස්නාහිර/ மேற்கு/ Western,1: කොළඹ/ ‎கொழும்பு/ Colombo,9: කඩුවෙල/ கடு‎வெ‍லை/ Kaduwela
1-1-09-240,240,ජයවඩනගම,ஜெயவர்த்தன கம,Jayawadanagama,479,1: බස්නාහිර/ மேற்கு/ Western,1: කොළඹ/ ‎கொழும்பு/ Colombo,9: කඩුවෙල/ கடு‎வெ‍லை/ Kaduwela
1-1-09-245,245,අරුප්පිටිය,அருப்பிட்டிய,Aruppitiya,479F,1: බස්නාහිර/ மேற்கு/ Western,1: කොළඹ/ ‎கொழும்பு/ Colombo,9: කඩුවෙල/ கடு‎வெ‍லை/ Kaduwela
1-1-09-250,250,ආසිරි උයන,ஆசிரிஉயண,Asiri Uyana,479B,1: බස්නාහිර/ மேற்கு/ Western,1: කොළඹ/ ‎கொழும்பு/ Colombo,9: කඩුවෙල/ கடு‎வெ‍லை/ Kaduwela
1-1-09-255,255,බත්තරමුල්ල ‍   දකුණ,பத்தரமுல்ல ‎தெற்கு,Battaramulla South,492A,1: බස්නාහිර/ மேற்கு/ Western,1: කොළඹ/ ‎கொழும்பு/ Colombo,9: කඩුවෙල/ கடு‎வெ‍லை/ Kaduwela
1-1-09-260,260,රජමල්වත්ත,இரஜமல்வத்த,Rajamalwatta,492D,1: බස්නාහිර/ மேற்கு/ Western,1: කොළඹ/ ‎கொழும்பு/ Colombo,9: කඩුවෙල/ கடு‎வெ‍லை/ Kaduwela
1-1-09-265,265,පහළවෙල,பஹல‎வெல,Pahalawela,479A,1: බස්නාහිර/ மேற்கு/ Western,1: කොළඹ/ ‎கொழும்பு/ Colombo,9: කඩුවෙල/ கடு‎வெ‍லை/ Kaduwela
1-1-09-270,270,වික්‍රමසිංහපුර,விக்கிரமசிங்கபுர,Wickramasinghapura,479C,1: බස්නාහිර/ மேற்கு/ Western,1: කොළඹ/ ‎கொழும்பு/ Colombo,9: කඩුවෙල/ கடு‎வெ‍லை/ Kaduwela
1-1-09-275,275,වැල්ලන්ගිරිය,‎வெல்லங்கிரிய,Wellangiriya,495,1: බස්නාහිර/ மேற்கு/ Western,1: කොළඹ/ ‎கொழும்பு/ Colombo,9: කඩුවෙල/ கடு‎வெ‍லை/ Kaduwela
1-1-09-280,280,හෝකන්දර දකුණ,‍‍‎‍ஹோகந்தர ‎தெற்கு,Hokandara South,494C,1: බස්නාහිර/ மேற்கு/ Western,1: කොළඹ/ ‎கொழும்பு/ Colombo,9: කඩුවෙල/ கடு‎வெ‍லை/ Kaduwela
1-1-09-285,285,අතුරුගිරියදකුණ,அத்துருகிரிய ‎தெற்கு,Athurugiriya South,490A,1: බස්නාහිර/ மேற்கு/ Western,1: කොළඹ/ ‎கொழும்பு/ Colombo,9: කඩුවෙල/ கடு‎வெ‍லை/ Kaduwela
1-1-12-005,005,ජල්තර,ஜல்தர,Jalthara,449,1: බස්නාහිර/ மேற்கு/ Western,1: කොළඹ/ ‎கொழும்பு/ Colombo,12: හෝමාගම/ ஹோமாகம/ Homagama
1-1-12-010,010,හේන්පිට,‍‎‍ஹேண்பிட்ட,Henpita,451,1: බස්නාහිර/ மேற்கு/ Western,1: කොළඹ/ ‎கொழும்பு/ Colombo,12: හෝමාගම/ ஹோமாகம/ Homagama
1-1-12-015,015,ආටිගල බටහිර,அடிகல ‍மேற்கு,Atigala West,446A,1: බස්නාහිර/ மேற்கு/ Western,1: කොළඹ/ ‎கொழும்பு/ Colombo,12: හෝමාගම/ ஹோமாகம/ Homagama
1-1-12-020,020,ආටිගල නැගෙනහිර,அடிகல கிழக்கு,Atigala East,446,1: බස්නාහිර/ மேற்கு/ Western,1: කොළඹ/ ‎கொழும்பு/ Colombo,12: හෝමාගම/ ஹோமாகம/ Homagama
1-1-12-025,025,බටවල,பட்டவல,Batawala,450,1: බස්නාහිර/ மேற்கு/ Western,1: කොළඹ/ ‎கொழும்பு/ Colombo,12: හෝමාගම/ ஹோமாகம/ Homagama
1-1-12-030,030,වල්පිට,வல்பிட்ட,Walpita,450A,1: බස්නාහිර/ மேற்கு/ Western,1: කොළඹ/ ‎கொழும்பு/ Colombo,12: හෝමාගම/ ஹோமாகம/ Homagama
1-1-12-035,035,නාවලමුල්ල,நாவலமுல்ல,Nawalamulla,482D,1: බස්නාහිර/ மேற்கு/ Western,1: කොළඹ/ ‎கொழும்பு/ Colombo,12: හෝමාගම/ ஹோமாகம/ Homagama
1-1-12-040,040,මීගස්මුල්ල,மீகஸ்முல்ல,Meegasmulla,482E,1: බස්නාහිර/ மேற்கு/ Western,1: කොළඹ/ ‎கொழும்பு/ Colombo,12: හෝමාගම/ ஹோமாகம/ Homagama
1-1-12-045,045,හබරකඩ  උතුර,ஹபரகட வடக்கு,Habarakada North,481,1: බස්නාහිර/ மேற்கு/ Western,1: කොළඹ/ ‎கொழும்பு/ Colombo,12: හෝමාගම/ ஹோமாகம/ Homagama
1-1-12-050,050,මුල්ලේගම උතුර,முல்‍லேகம வடக்கு,Mullegama North,481D,1: බස්නාහිර/ மேற்கு/ Western,1: කොළඹ/ ‎கொழும்பு/ Colombo,12: හෝමාගම/ ஹோமாகம/ Homagama
1-1-12-055,055,මුල්ලේගම දකුණ,முல்‍லேகம ‎தெற்கு,Mullegama South,481A,1: බස්නාහිර/ மேற்கு/ Western,1: කොළඹ/ ‎கொழும்பு/ Colombo,12: හෝමාගම/ ஹோமாகம/ Homagama
1-1-12-060,060,හබරකඩ  දකුණ,ஹபரகட ‎தெற்கு,Habarakada South,481B,1: බස්නාහිර/ மேற்கு/ Western,1: කොළඹ/ ‎கொழும்பு/ Colombo,12: හෝමාගම/ ஹோமாகம/ Homagama
1-1-12-065,065,පනාගොඩ නගරය,பலாங்‎கொடை நகரம்,Panagoda Town,482B,1: බස්නාහිර/ மேற்கு/ Western,1: කොළඹ/ ‎கொழும்பு/ Colombo,12: හෝමාගම/ ஹோமாகம/ Homagama
1-1-12-070,070,හේනවත්ත,‍ஹேனவத்த,Henawatta,482C,1: බස්නාහිර/ மேற்கு/ Western,1: කොළඹ/ ‎கொழும்பு/ Colombo,12: හෝමාගම/ ஹோமாகம/ Homagama
1-1-12-075,075,මිගොඩ   උතුර,மீ‎கெகொடை வடக்கு,Meegoda North,447,1: බස්නාහිර/ மேற்கு/ Western,1: කොළඹ/ ‎கொழும்பு/ Colombo,12: හෝමාගම/ ஹோமாகம/ Homagama
1-1-12-080,080,පානලුව,பனலுவ,Panaluwa,447B,1: බස්නාහිර/ மேற்கு/ Western,1: කොළඹ/ ‎கொழும்பு/ Colombo,12: හෝමාගම/ ஹோமாகம/ Homagama
1-1-12-085,085,වටරැක උතුර,வட்ட‍ரேகா வடக்கு,Watareka North,448B,1: බස්නාහිර/ மேற்கு/ Western,1: කොළඹ/ ‎கொழும்பு/ Colombo,12: හෝමාගම/ ஹோமாகம/ Homagama
1-1-12-090,090,මීගොඩ දකුණ,மீ‎கொடை ‎தெற்கு,Meegoda South,447A,1: බස්නාහිර/ மேற்கு/ Western,1: කොළඹ/ ‎கொழும்பு/ Colombo,12: හෝමාගම/ ஹோமாகம/ Homagama
1-1-12-095,095,ගොඩගම උතුර,‎கொடகம வடக்கு,Godagama North,483,1: බස්නාහිර/ மேற்கு/ Western,1: කොළඹ/ ‎கொழும்பு/ Colombo,12: හෝමාගම/ ஹோமாகம/ Homagama
1-1-12-100,100,පනාගොඩ බටහිර,பனா‎கொடை ‍மேற்கு,Panagoda West,482,1: බස්නාහිර/ மேற்கு/ Western,1: කොළඹ/ ‎கொழும்பு/ Colombo,12: හෝමාගම/ ஹோமாகம/ Homagama
1-1-12-105,105,පනාගොඩ නැගෙනහිර,பனா‎கொடை கிழக்கு,Panagoda East,482A,1: බස්නාහිර/ மேற்கு/ Western,1: කොළඹ/ ‎கொழும்பு/ Colombo,12: හෝමාගම/ ஹோமாகம/ Homagama
1-1-12-110,110,හබරකඩ වත්ත,ஹபரகட வத்த,Habarakada Watta,481C,1: බස්නාහිර/ மேற்கு/ Western,1: කොළඹ/ ‎கொழும்பு/ Colombo,12: හෝමාගම/ ஹோமாகம/ Homagama
1-1-12-115,115,හෝමාගම උතුර,‍‎‍ஹோமாகம வடக்கு,Homagama North,486,1: බස්නාහිර/ மேற்கு/ Western,1: කොළඹ/ ‎கொழும்பு/ Colombo,12: හෝමාගම/ ஹோமாகம/ Homagama
1-1-12-120,120,හෝමාගම  බස්නාහිර,‍‎‍ஹோமாகம ‍மேற்கு,Homagama West,486B,1: බස්නාහිර/ மேற்கு/ Western,1: කොළඹ/ ‎கொழும்பு/ Colombo,12: හෝමාගම/ ஹோமாகம/ Homagama
1-1-12-125,125,හෝමාගම  දකුණ,‍‎‍ஹோமாகம ‎தெற்கு,Homagama South,486F,1: බස්නාහිර/ மேற்கு/ Western,1: කොළඹ/ ‎கொழும்பு/ Colombo,12: හෝමාගම/ ஹோமாகம/ Homagama
1-1-12-130,130,ගලවිලවත්ත  උතුර,கலவிலவத்த  வடக்கு,Galavilawatta North,486C,1: බස්නාහිර/ மேற்கு/ Western,1: කොළඹ/ ‎கொழும்பு/ Colombo,12: හෝමාගම/ ஹோமாகம/ Homagama
1-1-12-135,135,හෝමාගම නගරය,‍‎‍ஹோமாகம நகரம்,Homagama Town,486A,1: බස්නාහිර/ மேற்கு/ Western,1: කොළඹ/ ‎கொழும்பு/ Colombo,12: හෝමාගම/ ஹோமாகம/ Homagama
1-1-12-140,140,හෝමාගම නැගෙනහිර,‍‎‍ஹோமாகம கிழக்கு,Homagama East,486D,1: බස්නාහිර/ மேற்கு/ Western,1: කොළඹ/ ‎கொழும்பு/ Colombo,12: හෝමාගම/ ஹோமாகம/ Homagama
1-1-12-145,145,පිටිපන නගරය,பிட்டிபன நகரம்,Pitipana Town,484B,1: බස්නාහිර/ மேற்கு/ Western,1: කොළඹ/ ‎கொழும்பு/ Colombo,12: හෝමාගම/ ஹோமாகம/ Homagama
1-1-12-150,150,ගොඩගම  දකුණ,‎கொடகம ‎தெற்கு,Godagama South,483A,1: බස්නාහිර/ மேற்கு/ Western,1: කොළඹ/ ‎கொழும்பு/ Colombo,12: හෝමාගම/ ஹோமாகம/ Homagama
1-1-12-155,155,කුරුදුවත්ත,குருந்துவத்த,Kurunduwatta,448C,1: බස්නාහිර/ மேற்கு/ Western,1: කොළඹ/ ‎கொழும்பு/ Colombo,12: හෝමාගම/ ஹோமாகம/ Homagama
1-1-12-160,160,ගැහැනුවල,‎கெ‎ஹெணுவல,Gehenuwala,447C,1: බස්නාහිර/ மேற்கு/ Western,1: කොළඹ/ ‎கொழும்பு/ Colombo,12: හෝමාගම/ ஹோமாகம/ Homagama
1-1-12-165,165,වටරැක දකුණ,வட்ட‍ரேகா ‎தெற்கு,Watareka South,448,1: බස්නාහිර/ மேற்கு/ Western,1: කොළඹ/ ‎கொழும்பு/ Colombo,12: හෝමාගම/ ஹோமாகம/ Homagama
1-1-12-170,170,ඕවිටිගම,ஓட்டிகம,Ovitigama,448A,1: බස්නාහිර/ மேற்கு/ Western,1: කොළඹ/ ‎கொழும்பு/ Colombo,12: හෝමාගම/ ஹோமாகம/ Homagama
1-1-12-175,175,කඳනවත්ත,கந்தானவத்த,Kandhanawatta,484D,1: බස්නාහිර/ மேற்கு/ Western,1: කොළඹ/ ‎கொழும்பு/ Colombo,12: හෝමාගම/ ஹோமாகம/ Homagama
1-1-12-180,180,කිරිබෙරියකැළේ,கிரி‎பெரிய‎கெ‍லே,Kiriberiyakele,484F,1: බස්නාහිර/ மேற்கு/ Western,1: කොළඹ/ ‎கொழும்பு/ Colombo,12: හෝමාගම/ ஹோமாகம/ Homagama
1-1-12-185,185,මාවතගම,மாவத்தகம,Mawathagama,485,1: බස්නාහිර/ மேற்கு/ Western,1: කොළඹ/ ‎கொழும்பு/ Colombo,12: හෝමාගම/ ஹோமாகம/ Homagama
1-1-12-190,190,කටුවාන,கட்டுவான,Katuwana,486E,1: බස්නාහිර/ மேற்கு/ Western,1: කොළඹ/ ‎கொழும்பு/ Colombo,12: හෝමාගම/ ஹோமாகம/ Homagama
1-1-12-195,195,ගලවිලවත්ත දකුණ,கலவிலவத்த ‎தெற்கு,Galavilawatta South,486G,1: බස්නාහිර/ மேற்கு/ Western,1: කොළඹ/ ‎கொழும்பு/ Colombo,12: හෝමාගම/ ஹோமாகம/ Homagama
1-1-12-200,200,නියඳගල,நியாந்தகல,Niyadagala,499A,1: බස්නාහිර/ மேற்கு/ Western,1: කොළඹ/ ‎கொழும்பு/ Colombo,12: හෝමාගම/ ஹோமாகம/ Homagama
1-1-12-205,205,හිරිපිටිය,ஹிரிபிட்டிய,Hiripitiya,499G,1: බස්නාහිර/ மேற்கு/ Western,1: කොළඹ/ ‎கொழும்பு/ Colombo,12: හෝමාගම/ ஹோமாகம/ Homagama
1-1-12-210,210,මාම්බුල්ගොඩ,மாம்புல்‎கொட,Mambulgoda,500A,1: බස්නාහිර/ மேற்கு/ Western,1: කොළඹ/ ‎கொழும்பு/ Colombo,12: හෝමාගම/ ஹோமாகம/ Homagama
1-1-12-215,215,කිතලුහේන,கித்துல்‍ஹேன,Kithulhena,591C,1: බස්නාහිර/ மேற்கு/ Western,1: කොළඹ/ ‎கொழும்பு/ Colombo,12: හෝමාගම/ ஹோமாகம/ Homagama
1-1-12-220,220,සිද්ධමුල්ල    උතුර,சித்தேமுல்ல வடக்கு,Siddamulla North,591,1: බස්නාහිර/ மேற்கு/ Western,1: කොළඹ/ ‎கொழும்பு/ Colombo,12: හෝමාගම/ ஹோமாகம/ Homagama
1-1-12-225,225,සිද්ධමුල්ල දකුණ,சித்தமுல்ல ‎தெற்கு,Siddamulla South,591B,1: බස්නාහිර/ மேற்கு/ Western,1: කොළඹ/ ‎கொழும்பு/ Colombo,12: හෝමාගම/ ஹோமாகம/ Homagama
1-1-12-230,230,මත්තේගොඩ බටහිර,மத்‍தே‎கொட ‍மேற்கு,Mattegoda West,587,1: බස්නාහිර/ மேற்கு/ Western,1: කොළඹ/ ‎கொழும்பு/ Colombo,12: හෝමාගම/ ஹோமாகம/ Homagama
1-1-12-235,235,මත්තේගොඩ මධ්‍යම ඒ,மத்திய மத்‍தே‎கொட  A,Mattegoda Central  A,587A,1: බස්නාහිර/ மேற்கு/ Western,1: කොළඹ/ ‎கொழும்பு/ Colombo,12: හෝමාගම/ ஹோமாகம/ Homagama
1-1-12-240,240,මත්තේගොඩ නැගෙනහිර,மத்‍தே‎கொட கிழக்கு,Mattegoda East,587C,1: බස්නාහිර/ மேற்கு/ Western,1: කොළඹ/ ‎கொழும்பு/ Colombo,12: හෝමාගම/ ஹோமாகம/ Homagama
1-1-12-245,245,බ්‍රහ්මණගම,பிரமணாகம,Brahmanagama,500,1: බස්නාහිර/ மேற்கு/ Western,1: කොළඹ/ ‎கொழும்பு/ Colombo,12: හෝමාගම/ ஹோமாகம/ Homagama
1-1-12-250,250,ධිපාන්ගොඩ,தீபங்‎கொட,Deepangoda,590B,1: බස්නාහිර/ மேற்கு/ Western,1: කොළඹ/ ‎கொழும்பு/ Colombo,12: හෝමාගම/ ஹோமாகம/ Homagama
1-1-12-255,255,මාගම්මන බටහිර,மாகம்மண ‍மேற்கு,Magammana West,590A,1: බස්නාහිර/ மேற்கு/ Western,1: කොළඹ/ ‎கொழும்பு/ Colombo,12: හෝමාගම/ ஹோமாகம/ Homagama
1-1-12-260,260,මාගම්මන නැගනහිර,மாகம்மண கிழக்கு,Magammana East,590,1: බස්නාහිර/ மேற்கு/ Western,1: කොළඹ/ ‎கொழும்பு/ Colombo,12: හෝමාගම/ ஹோமாகம/ Homagama
1-1-12-265,265,උධුවන,உடுவண,Uduwana,485A,1: බස්නාහිර/ மேற்கு/ Western,1: කොළඹ/ ‎கொழும்பு/ Colombo,12: හෝමාගම/ ஹோமாகம/ Homagama
1-1-12-270,270,ප්‍රසන්නපුර,பிரசன்னபுர,Prasannapura,484G,1: බස්නාහිර/ மேற்கு/ Western,1: කොළඹ/ ‎கொழும்பு/ Colombo,12: හෝමාගම/ ஹோமாகம/ Homagama
1-1-12-275,275,පිටිපන උතුර,பிட்டிபன வடக்கு,Pitipana North,484,1: බස්නාහිර/ மேற்கு/ Western,1: කොළඹ/ ‎கொழும்பு/ Colombo,12: හෝමාගම/ ஹோமாகம/ Homagama
1-1-12-280,280,සුවපුබුදුගම,சுவபுதுகம,Suwapubudugama,484E,1: බස්නාහිර/ மேற்கு/ Western,1: කොළඹ/ ‎கொழும்பு/ Colombo,12: හෝමාගම/ ஹோமாகம/ Homagama
1-1-12-285,285,පිටිපන   දකුණ,பிட்டிபன ‎தெற்கு,Pitipana South,484A,1: බස්නාහිර/ மேற்கு/ Western,1: කොළඹ/ ‎கொழும்பு/ Colombo,12: හෝමාගම/ ஹோமாகம/ Homagama
1-1-12-290,290,දොළහේන,‎தொல‍ஹன,Dolahena,484C,1: බස්නාහිර/ மேற்கு/ Western,1: කොළඹ/ ‎கொழும்பு/ Colombo,12: හෝමාගම/ ஹோமாகம/ Homagama
1-1-12-295,295,දියගම නැගෙනහිර,தியகம கிழக்கு,Diyagama East,589,1: බස්නාහිර/ மேற்கு/ Western,1: කොළඹ/ ‎கொழும்பு/ Colombo,12: හෝමාගම/ ஹோமாகம/ Homagama
1-1-12-300,300,දියගම බටහිර,தியகம ‍‍மேற்கு,Diyagama West,589A,1: බස්නාහිර/ மேற்கு/ Western,1: කොළඹ/ ‎கொழும்பு/ Colombo,12: හෝමාගම/ ஹோமாகம/ Homagama
1-1-12-305,305,කිරිගම්පමුනුව,கிரிகம்பமுணுவ,Kirigampamunuwa,588,1: බස්නාහිර/ மேற்கு/ Western,1: කොළඹ/ ‎கொழும்பு/ Colombo,12: හෝමාගම/ ஹோமாகம/ Homagama
1-1-12-310,310,මත්තේගොඩ මධ්‍යම බී,மத்திய மத்தே‎கொட ' B ',Mattegoda Central B,587B,1: බස්නාහිර/ மேற்கு/ Western,1: කොළඹ/ ‎கொழும்பு/ Colombo,12: හෝමාගම/ ஹோமாகம/ Homagama
1-1-12-315,315,සියබලාගොඩ    උතුර,சியம்பலா‎கொட வடக்கு,Siyambalagoda North,592,1: බස්නාහිර/ மேற்கு/ Western,1: කොළඹ/ ‎கொழும்பு/ Colombo,12: හෝමාගම/ ஹோமாகம/ Homagama
1-1-12-320,320,කුඩමාදුව,குடாமடுவ,Kudamaduwa,591A,1: බස්නාහිර/ மேற்கு/ Western,1: කොළඹ/ ‎கொழும்பு/ Colombo,12: හෝමාගම/ ஹோமாகம/ Homagama
1-1-12-325,325,සංඝාරාම,சங்கஹராம,Sangarama,591D,1: බස්නාහිර/ மேற்கு/ Western,1: කොළඹ/ ‎கொழும்பு/ Colombo,12: හෝමාගම/ ஹோமாகம/ Homagama
1-1-12-330,330,සියඔලාගොඩ   දකුණ,சியம்பலா‎கொட ‎தெற்கு,Siyambalagoda South,592A,1: බස්නාහිර/ மேற்கு/ Western,1: කොළඹ/ ‎கொழும்பு/ Colombo,12: හෝමාගම/ ஹோமாகம/ Homagama
1-1-12-335,335,රිලාවල,ரிலாவல,Rilawala,593A,1: බස්නාහිර/ மேற்கு/ Western,1: කොළඹ/ ‎கொழும்பு/ Colombo,12: හෝමාගම/ ஹோமாகம/ Homagama
1-1-12-340,340,කහතුඩුව බටහිර,கஹதுடுவ,Kahathuduwa West,602B,1: බස්නාහිර/ மேற்கு/ Western,1: කොළඹ/ ‎கொழும்பு/ Colombo,12: හෝමාගම/ ஹோமாகம/ Homagama
1-1-12-345,345,කිරිවත්තුඩුව   දකුණ,கிரிவத்துடுவ ‎தெற்கு,Kiriwattuduwa South,603A,1: බස්නාහිර/ மேற்கு/ Western,1: කොළඹ/ ‎கொழும்பு/ Colombo,12: හෝමාගම/ ஹோமாகம/ Homagama
1-1-12-350,350,කිරිවත්තුඩුව උතුර,கிரிவத்துடுவ வடக்கு,Kiriwattuduwa North,603,1: බස්නාහිර/ மேற்கு/ Western,1: කොළඹ/ ‎கொழும்பு/ Colombo,12: හෝමාගම/ ஹோமாகம/ Homagama
1-1-12-355,355,මූණමලේ - යකහලුව,மூணம‍லே - யக்காஹலுவ,Moonamale - Yakahaluwa,603C,1: බස්නාහිර/ மேற்கு/ Western,1: කොළඹ/ ‎கொழும்பு/ Colombo,12: හෝමාගම/ ஹோமாகம/ Homagama
1-1-12-360,360,කිතුලවිල,கிதுலவில,Kithulavila,603B,1: බස්නාහිර/ மேற்கு/ Western,1: කොළඹ/ ‎கொழும்பு/ Colombo,12: හෝමාගම/ ஹோமாகம/ Homagama
1-1-12-365,365,කහතුඩුව  උතුර,கஹதுடுவ வடக்கு,Kahathuduwa North,602,1: බස්නාහිර/ மேற்கு/ Western,1: කොළඹ/ ‎கொழும்பு/ Colombo,12: හෝමාගම/ ஹோமாகம/ Homagama
1-1-12-370,370,කහතුඩුව  නැගෙනහිර,கஹதுடுவ கிழக்கு,Kahathuduwa East,602C,1: බස්නාහිර/ மேற்கு/ Western,1: කොළඹ/ ‎கொழும்பு/ Colombo,12: හෝමාගම/ ஹோமாகம/ Homagama
1-1-12-375,375,කහතුඩුව   දකුණ,கஹதுடுவ ‎தெற்கு,Kahathuduwa South,602A,1: බස්නාහිර/ மேற்கு/ Western,1: කොළඹ/ ‎கொழும்பு/ Colombo,12: හෝමාගම/ ஹோமாகம/ Homagama
1-1-12-380,380,උන්දුරුගොඩ,உந்துரு‎கொட,Undurugoda,600,1: බස්නාහිර/ மேற்கு/ Western,1: කොළඹ/ ‎கொழும்பு/ Colombo,12: හෝමාගම/ ஹோமாகம/ Homagama
1-1-12-385,385,වෑතර,‍‎‍வேதரா,Wethara,593,1: බස්නාහිර/ மேற்கு/ Western,1: කොළඹ/ ‎கொழும்பு/ Colombo,12: හෝමාගම/ ஹோமாகம/ Homagama
1-1-12-390,390,අම්බලන්ගොඩ,அம்பலாந்‎தொடை,Ambalangoda,594,1: බස්නාහිර/ மேற்கு/ Western,1: කොළඹ/ ‎கொழும்பு/ Colombo,12: හෝමාගම/ ஹோமாகம/ Homagama
1-1-12-395,395,හෙරලියාවල,‎ஹெரலியவல,Heraliyawala,595,1: බස්නාහිර/ மேற்கு/ Western,1: කොළඹ/ ‎கொழும்பு/ Colombo,12: හෝමාගම/ ஹோமாகம/ Homagama
1-1-12-400,400,පාලගම,பாலகம,Palagama,599,1: බස්නාහිර/ மேற்கு/ Western,1: කොළඹ/ ‎கொழும்பு/ Colombo,12: හෝමාගම/ ஹோமாகம/ Homagama
1-1-12-405,405,වෙනිවැල්කොල,‎வெணி‎வெல்‎கொல,Weniwelkola,601,1: බස්නාහිර/ மேற்கு/ Western,1: කොළඹ/ ‎கொழும்பு/ Colombo,12: හෝමාගම/ ஹோமாகம/ Homagama
1-1-15-005,005,බොල්ලතාව,‍‎‍போல்தவ,Bollathawa,433,1: බස්නාහිර/ மேற்கு/ Western,1: කොළඹ/ ‎கொழும்பு/ Colombo,15: හංවැල්ල/ ஹங்‎வெல்‍லை/ Hanwella
1-1-15-010,010,කනම්පැල්ල බටහිර,கணம்‎பெல்ல ‍மேற்கு,Kanampella West,425A,1: බස්නාහිර/ மேற்கு/ Western,1: කොළඹ/ ‎கொழும்பு/ Colombo,15: හංවැල්ල/ ஹங்‎வெல்‍லை/ Hanwella
1-1-15-015,015,කනම්පැල්ල   නැගෙනහිර,கணம்‎பெல்ல கிழக்கு,Kanampella East,425,1: බස්නාහිර/ மேற்கு/ Western,1: කොළඹ/ ‎கொழும்பு/ Colombo,15: හංවැල්ල/ ஹங்‎வெல்‍லை/ Hanwella
1-1-15-020,020,මානකඩ,மாணகட,Manakada,429B,1: බස්නාහිර/ மேற்கு/ Western,1: කොළඹ/ ‎கொழும்பு/ Colombo,15: හංවැල්ල/ ஹங்‎வெல்‍லை/ Hanwella
1-1-15-025,025,ඇස්වත්ත  උතුර,எஸ்வத்த வடக்கு,Eswatta North,429,1: බස්නාහිර/ மேற்கு/ Western,1: කොළඹ/ ‎கொழும்பு/ Colombo,15: හංවැල්ල/ ஹங்‎வெல்‍லை/ Hanwella
1-1-15-030,030,කිරිවන්දල   උතුර,கிரிவந்தல வடக்கு,Kiriwandala North,431B,1: බස්නාහිර/ மேற்கு/ Western,1: කොළඹ/ ‎கொழும்பு/ Colombo,15: හංවැල්ල/ ஹங்‎வெல்‍லை/ Hanwella
1-1-15-035,035,කුඩගම,குடாகம,Kudagama,432A,1: බස්නාහිර/ மேற்கு/ Western,1: කොළඹ/ ‎கொழும்பு/ Colombo,15: හංවැල්ල/ ஹங்‎வெல்‍லை/ Hanwella
1-1-15-040,040,වෙරළුපිටිය,‍‎‍வேறலுபிட்டிய,Weralupitiya,432H,1: බස්නාහිර/ மேற்கு/ Western,1: කොළඹ/ ‎கொழும்பு/ Colombo,15: හංවැල්ල/ ஹங்‎வெல்‍லை/ Hanwella
1-1-15-045,045,සීතාගම,சீதாகம,Seethagama,432F,1: බස්නාහිර/ மேற்கு/ Western,1: කොළඹ/ ‎கொழும்பு/ Colombo,15: හංවැල්ල/ ஹங்‎வெல்‍லை/ Hanwella
1-1-15-050,050,අවිස්සාවේල්ල,அவிஸ்சா‎வெல்ல,Avissawella,432,1: බස්නාහිර/ மேற்கு/ Western,1: කොළඹ/ ‎கொழும்பு/ Colombo,15: හංවැල්ල/ ஹங்‎வெல்‍லை/ Hanwella
1-1-15-055,055,උක්වත්ත,உக்வத்த,Ukwatta,432C,1: බස්නාහිර/ மேற்கு/ Western,1: කොළඹ/ ‎கொழும்பு/ Colombo,15: හංවැල්ල/ ஹங்‎வெல்‍லை/ Hanwella
1-1-15-060,060,අග්‍රා පෙදෙස,ஆக்ர பிரதேசம்,Agra place,432G,1: බස්නාහිර/ மேற்கு/ Western,1: කොළඹ/ ‎கொழும்பு/ Colombo,15: හංවැල්ල/ ஹங்‎வெல்‍லை/ Hanwella
1-1-15-065,065,ඇස්වත්ත දකුණ,எஸ்வத்த ‎தெற்கு,Eswatta South,429C,1: බස්නාහිර/ மேற்கு/ Western,1: කොළඹ/ ‎கொழும்பு/ Colombo,15: හංවැල්ල/ ஹங்‎வெல்‍லை/ Hanwella
1-1-15-070,070,ඉහළ කොස්ගම උතුර,இஹல ‎கொஸ்கம வடக்கு,Ihala Kosgama North,428,1: බස්නාහිර/ மேற்கு/ Western,1: කොළඹ/ ‎கொழும்பு/ Colombo,15: හංවැල්ල/ ஹங்‎வெல்‍லை/ Hanwella
1-1-15-075,075,තාවල්ගොඩ,தவல்‎கொட,Thawalgoda,426,1: බස්නාහිර/ மேற்கு/ Western,1: කොළඹ/ ‎கொழும்பு/ Colombo,15: හංවැල්ල/ ஹங்‎வெல்‍லை/ Hanwella
1-1-15-080,080,මුරුතගම,முருத்தகம,Muruthagama,426A,1: බස්නාහිර/ மேற்கு/ Western,1: කොළඹ/ ‎கொழும்பு/ Colombo,15: හංවැල්ල/ ஹங்‎வெல்‍லை/ Hanwella
1-1-15-085,085,අකරවිට,அகரவிட்ட,Akaravita,434,1: බස්නාහිර/ மேற்கு/ Western,1: කොළඹ/ ‎கொழும்பு/ Colombo,15: හංවැල්ල/ ஹங்‎வெல்‍லை/ Hanwella
1-1-15-090,090,කහටපිටිය,கஹடபிட்டிய,Kahatapitiya,435,1: බස්නාහිර/ மேற்கு/ Western,1: කොළඹ/ ‎கொழும்பு/ Colombo,15: හංවැල්ල/ ஹங்‎வெல்‍லை/ Hanwella
1-1-15-095,095,කළුඅග්ගල,களு அக்கல,Kalu Aggala,436,1: බස්නාහිර/ மேற்கு/ Western,1: කොළඹ/ ‎கொழும்பு/ Colombo,15: හංවැල්ල/ ஹங்‎வெல்‍லை/ Hanwella
1-1-15-100,100,සාලාව,சாலாவ,Salawa,427A,1: බස්නාහිර/ மேற்கு/ Western,1: කොළඹ/ ‎கொழும்பு/ Colombo,15: හංවැල්ල/ ஹங்‎வெல்‍லை/ Hanwella
1-1-15-105,105,පහළ කොස්ගම බටහිර,பஹல ‎‎கொஸ்கம ‍மேற்கு,Pahala Kosagama West,427B,1: බස්නාහිර/ மேற்கு/ Western,1: කොළඹ/ ‎கொழும்பு/ Colombo,15: හංවැල්ල/ ஹங்‎வெல்‍லை/ Hanwella
1-1-15-110,110,පහළ කොස්ගම නැගෙනහිර,பஹல ‎‎கொஸ்கம கிழக்கு,Pahala Kosgama East,427,1: බස්නාහිර/ மேற்கு/ Western,1: කොළඹ/ ‎கொழும்பு/ Colombo,15: හංවැල්ල/ ஹங்‎வெல்‍லை/ Hanwella
1-1-15-115,115,ඉහළ කොස්ගම  දකුණ,இஹல ‎‎கொஸ்கம ‎தெற்கு,Ihala Kosgama South,428B,1: බස්නාහිර/ மேற்கு/ Western,1: කොළඹ/ ‎கொழும்பு/ Colombo,15: හංවැල්ල/ ஹங்‎வெல்‍லை/ Hanwella
1-1-15-120,120,මිරිස්වත්ත,மிரிஸ்வத்த,Miriswatta,428C,1: බස්නාහිර/ மேற்கு/ Western,1: කොළඹ/ ‎கொழும்பு/ Colombo,15: හංවැල්ල/ ஹங்‎வெல்‍லை/ Hanwella
1-1-15-125,125,අලුත් අමබලම,அளுத் அம்பலம,Aluth Ambalama,428A,1: බස්නාහිර/ மேற்கு/ Western,1: කොළඹ/ ‎கொழும்பு/ Colombo,15: හංවැල්ල/ ஹங்‎வெல்‍லை/ Hanwella
1-1-15-130,130,කිරිවන්දල  දකුණ,கிரிவந்தல ‎தெற்கு,Kiriwandala South,431E,1: බස්නාහිර/ மேற்கு/ Western,1: කොළඹ/ ‎கொழும்பு/ Colombo,15: හංවැල්ල/ ஹங்‎வெல்‍லை/ Hanwella
1-1-15-135,135,කොටහැර,‎கொட்ட‍‍ஹேற,Kotahera,432D,1: බස්නාහිර/ மேற்கு/ Western,1: කොළඹ/ ‎கொழும்பு/ Colombo,15: හංවැල්ල/ ஹங்‎வெல்‍லை/ Hanwella
1-1-15-140,140,සීතාවක,சீதாவக்க,Seethawaka,432B,1: බස්නාහිර/ மேற்கு/ Western,1: කොළඹ/ ‎கொழும்பு/ Colombo,15: හංවැල්ල/ ஹங்‎வெல்‍லை/ Hanwella
1-1-15-145,145,ආරාධනාකන්ද,அரதாண கந்த,Aradhana Kanda,432E,1: බස්නාහිර/ மேற்கு/ Western,1: කොළඹ/ ‎கொழும்பு/ Colombo,15: හංවැල්ල/ ஹங்‎வெல்‍லை/ Hanwella
1-1-15-150,150,පුවක්පිටිය  දකුණ,புவக்பிட்டிய ‎தெற்கு,Puwakpitiya South,431C,1: බස්නාහිර/ மேற்கு/ Western,1: කොළඹ/ ‎கொழும்பு/ Colombo,15: හංවැල්ල/ ஹங்‎வெல்‍லை/ Hanwella
1-1-15-155,155,පුවක්පිටිය,புவக்பிட்டிய,Puwakpitiya,431,1: බස්නාහිර/ மேற்கு/ Western,1: කොළඹ/ ‎கொழும்பு/ Colombo,15: හංවැල්ල/ ஹங்‎வெல்‍லை/ Hanwella
1-1-15-160,160,එගොඩගම,எ‎கொடகம,Egodagama,431D,1: බස්නාහිර/ மேற்கு/ Western,1: කොළඹ/ ‎கொழும்பு/ Colombo,15: හංවැල්ල/ ஹங்‎வெல்‍லை/ Hanwella
1-1-15-165,165,වේරගොල්ල උතුර,‍‎‍வேர‎கொல்ல வடக்கு,Weragolla North,431A,1: බස්නාහිර/ மேற்கு/ Western,1: කොළඹ/ ‎கொழும்பு/ Colombo,15: හංවැල්ල/ ஹங்‎வெல்‍லை/ Hanwella
1-1-15-170,170,හිගුරල,ஹிங்குரால,Hingurala,429A,1: බස්නාහිර/ மேற்கு/ Western,1: කොළඹ/ ‎கொழும்பு/ Colombo,15: හංවැල්ල/ ஹங்‎வெல்‍லை/ Hanwella
1-1-15-175,175,කඩුගෙඩෙ  උතුර,கடு‎கொஅட வடக்கு,Kadugoada North,430,1: බස්නාහිර/ மேற்கு/ Western,1: කොළඹ/ ‎கொழும்பு/ Colombo,15: හංවැල්ල/ ஹங்‎வெல்‍லை/ Hanwella
1-1-15-180,180,මාවල්ගම,மவல்கம,Mawalgama,437,1: බස්නාහිර/ மேற்கு/ Western,1: කොළඹ/ ‎கொழும்பு/ Colombo,15: හංවැල්ල/ ஹங்‎வெல்‍லை/ Hanwella
1-1-15-185,185,සුදුවැල්ල,சுது‎வெல்ல,Suduwella,436A,1: බස්නාහිර/ மேற்கு/ Western,1: කොළඹ/ ‎கொழும்பு/ Colombo,15: හංවැල්ල/ ஹங்‎வெல்‍லை/ Hanwella
1-1-15-190,190,ගිරා ඉඹුළ,கிரா இம்புல,Gira Imbula,435A,1: බස්නාහිර/ மேற்கு/ Western,1: කොළඹ/ ‎கொழும்பு/ Colombo,15: හංවැල්ල/ ஹங்‎வெல்‍லை/ Hanwella
1-1-15-195,195,වලවීවත්ත,வலவ்வத்த,Walauwathta,445A,1: බස්නාහිර/ மேற்கு/ Western,1: කොළඹ/ ‎கொழும்பு/ Colombo,15: හංවැල්ල/ ஹங்‎வெல்‍லை/ Hanwella
1-1-15-200,200,පහළ හංවැල්ල,பஹல ஹங்‎வெல்ல,Pahala Hanwella,445,1: බස්නාහිර/ மேற்கு/ Western,1: කොළඹ/ ‎கொழும்பு/ Colombo,15: හංවැල්ල/ ஹங்‎வெல்‍லை/ Hanwella
1-1-15-205,205,හංවැල්ල නගරය,ஹங்‎வெல்ல நகரம்,Hanwella Town,443B,1: බස්නාහිර/ மேற்கு/ Western,1: කොළඹ/ ‎கொழும்பு/ Colombo,15: හංවැල්ල/ ஹங்‎வெல்‍லை/ Hanwella
1-1-15-210,210,ඉහළ  හංවැල්ල උතුර,இஹல ஹங்‎வெல்ல வடக்கு,Ihala Hanwella North,443,1: බස්නාහිර/ மேற்கு/ Western,1: කොළඹ/ ‎கொழும்பு/ Colombo,15: හංවැල්ල/ ஹங்‎வெல்‍லை/ Hanwella
1-1-15-215,215,නිරිපොළ,நிரி‎பொல,Niripola,438,1: බස්නාහිර/ மேற்கு/ Western,1: කොළඹ/ ‎கொழும்பு/ Colombo,15: හංවැල්ල/ ஹங்‎வெல்‍லை/ Hanwella
1-1-15-220,220,බ්‍රැන්ඩිගම්පළ,பிரண்டிகம்பல,Brandigampala,440A,1: බස්නාහිර/ மேற்கு/ Western,1: කොළඹ/ ‎கொழும்பு/ Colombo,15: හංවැල්ල/ ஹங்‎வெல்‍லை/ Hanwella
1-1-15-225,225,කඩුගොඩ   දකුණ,கடு‎கொட ‎தெற்கு,Kadugoda South,430A,1: බස්නාහිර/ மேற்கு/ Western,1: කොළඹ/ ‎கொழும்பு/ Colombo,15: හංවැල්ල/ ஹங்‎வெல்‍லை/ Hanwella
1-1-15-230,230,වේරගොල්ල   දකුණ,‍‎‍வேர‎கொல்ல தெற்கு,Weragolla South,431F,1: බස්නාහිර/ மேற்கு/ Western,1: කොළඹ/ ‎கொழும்பு/ Colombo,15: හංවැල්ල/ ஹங்‎வெல்‍லை/ Hanwella
1-1-15-235,235,දිගන,திகண,Digana,442F,1: බස්නාහිර/ மேற்கு/ Western,1: කොළඹ/ ‎கொழும்பு/ Colombo,15: හංවැල්ල/ ஹங்‎வெல்‍லை/ Hanwella
1-1-15-240,240,ලහිරුගම,லஹிருகம,Lahirugama,442D,1: බස්නාහිර/ மேற்கு/ Western,1: කොළඹ/ ‎கொழும்பு/ Colombo,15: හංවැල්ල/ ஹங்‎வெல்‍லை/ Hanwella
1-1-15-245,245,මාඹුල,மாம்புல,Mabula,441,1: බස්නාහිර/ மேற்கு/ Western,1: කොළඹ/ ‎கொழும்பு/ Colombo,15: හංවැල්ල/ ஹங்‎வெல்‍லை/ Hanwella
1-1-15-250,250,වැලිකන්න,‎வெலிகண்ண,Welikanna,442,1: බස්නාහිර/ மேற்கு/ Western,1: කොළඹ/ ‎கொழும்பு/ Colombo,15: හංවැල්ල/ ஹங்‎வெல்‍லை/ Hanwella
1-1-15-255,255,කහහේන,கஹ‍ஹேண,Kahahena,441A,1: බස්නාහිර/ மேற்கு/ Western,1: කොළඹ/ ‎கொழும்பு/ Colombo,15: හංවැල්ල/ ஹங்‎வெல்‍லை/ Hanwella
1-1-15-260,260,නෙලුවත්තුඩුව,‎நெலுவத்துடுவ,Neluwattuduwa,440,1: බස්නාහිර/ மேற்கு/ Western,1: කොළඹ/ ‎கொழும்பு/ Colombo,15: හංවැල්ල/ ஹங்‎வெல்‍லை/ Hanwella
1-1-15-265,265,දිද්දෙණිය උතුර,தித்‎தெணிய வடக்கு,Diddeniya North,439,1: බස්නාහිර/ மேற்கு/ Western,1: කොළඹ/ ‎கொழும்பு/ Colombo,15: හංවැල්ල/ ஹங்‎வெல்‍லை/ Hanwella
1-1-15-270,270,ඉහළ හංවැල්ල  දකුණ,இஹல ஹங்‎வெல்ல ‎தெற்கு,Ihala Hanwella South,443C,1: බස්නාහිර/ மேற்கு/ Western,1: කොළඹ/ ‎கொழும்பு/ Colombo,15: හංවැල්ල/ ஹங்‎வெல்‍லை/ Hanwella
1-1-15-275,275,පහත්ගම,பஹத்கம,Pahathgama,443A,1: බස්නාහිර/ மேற்கு/ Western,1: කොළඹ/ ‎கொழும்பு/ Colombo,15: හංවැල්ල/ ஹங்‎வெல்‍லை/ Hanwella
1-1-15-280,280,ජයවීරගොඩ,ஜயவீர‎கொட,Jayaweeragoda,443D,1: බස්නාහිර/ மேற்கு/ Western,1: කොළඹ/ ‎கொழும்பு/ Colombo,15: හංවැල්ල/ ஹங்‎வெல்‍லை/ Hanwella
1-1-15-285,285,කූඩළුවිල,கூடலுவில,Koodaluvila,444D,1: බස්නාහිර/ மேற்கு/ Western,1: කොළඹ/ ‎கொழும்பு/ Colombo,15: හංවැල්ල/ ஹங்‎வெல்‍லை/ Hanwella
1-1-15-290,290,තුන්නාන නැගෙනහිර,துண்ணண கிழக்கு,Thunnana East,444,1: බස්නාහිර/ மேற்கு/ Western,1: කොළඹ/ ‎கொழும்பு/ Colombo,15: හංවැල්ල/ ஹங்‎வெல்‍லை/ Hanwella
1-1-15-295,295,දිද්දෙනිය  දකුණ,தித்‎தெணிய ‎தெற்கு,Diddeniya South,439A,1: බස්නාහිර/ மேற்கு/ Western,1: කොළඹ/ ‎கொழும்பு/ Colombo,15: හංවැල්ල/ ஹங்‎வெல்‍லை/ Hanwella
1-1-15-300,300,එළමලවල,எலமலவல,Elamalawala,442B,1: බස්නාහිර/ மேற்கு/ Western,1: කොළඹ/ ‎கொழும்பு/ Colombo,15: හංවැල්ල/ ஹங்‎வெல்‍லை/ Hanwella
1-1-15-305,305,ඉලුක්ඕවිට,இலு‍கோவிட்ட,Ilukovita,442C,1: බස්නාහිර/ மேற்கு/ Western,1: කොළඹ/ ‎கொழும்பு/ Colombo,15: හංවැල්ල/ ஹங்‎வெல்‍லை/ Hanwella
1-1-15-310,310,කොස්වත්ත,‎கொஸ்வத்த,Koswatta,442E,1: බස්නාහිර/ மேற்கு/ Western,1: කොළඹ/ ‎கொழும்பு/ Colombo,15: හංවැල්ල/ ஹங்‎வெல்‍லை/ Hanwella
1-1-15-315,315,පඤ්ඤාගුල,பங்ஞாணகுல,Pagnagula,442A,1: බස්නාහිර/ மேற்கு/ Western,1: කොළඹ/ ‎கொழும்பு/ Colombo,15: හංවැල්ල/ ஹங்‎வெல்‍லை/ Hanwella
1-1-15-320,320,පැල්පොල,‎பெல்‎பொல,Pelpola,442G,1: බස්නාහිර/ மேற்கு/ Western,1: කොළඹ/ ‎கொழும்பு/ Colombo,15: හංවැල්ල/ ஹங்‎வெல்‍லை/ Hanwella
1-1-15-325,325,කුඩාකන්ද,குடாகந்த,Kudakanda,444E,1: බස්නාහිර/ மேற்கு/ Western,1: කොළඹ/ ‎கொழும்பு/ Colombo,15: හංවැල්ල/ ஹங்‎வெல்‍லை/ Hanwella
1-1-15-330,330,තුන්නාන බටහිර,துண்ணண ‍மேற்கு,Thunnana West,444B,1: බස්නාහිර/ மேற்கு/ Western,1: කොළඹ/ ‎கொழும்பு/ Colombo,15: හංවැල්ල/ ஹங்‎வெல்‍லை/ Hanwella
1-1-15-335,335,මාවතගම බටහිර,மாவத்தகம ‍மேற்கு,Mawathagama West,444C,1: බස්නාහිර/ மேற்கு/ Western,1: කොළඹ/ ‎கொழும்பு/ Colombo,15: හංවැල්ල/ ஹங்‎வெல்‍லை/ Hanwella
1-1-15-340,340,මාවතගම නැගෙනහිර,மாவத்தகம கிழக்கு,Mawathagama East,444A,1: බස්නාහිර/ மேற்கு/ Western,1: කොළඹ/ ‎கொழும்பு/ Colombo,15: හංවැල්ල/ ஹங்‎வெல்‍லை/ Hanwella
1-1-18-005,005,පින්නවල උතුර,பிண்ணவல  வடக்கு,Pinnawala North,456,1: බස්නාහිර/ மேற்கு/ Western,1: කොළඹ/ ‎கொழும்பு/ Colombo,18: පාදුක්ක/ பாதுக்‍கை/ Padukka
1-1-18-010,010,පින්නවල  දකුණ,பிண்ணவல ‎தெற்கு,Pinnawala South,456A,1: බස්නාහිර/ மேற்கு/ Western,1: කොළඹ/ ‎கொழும்பு/ Colombo,18: පාදුක්ක/ பாதுக்‍கை/ Padukka
1-1-18-015,015,වග උතුර,வக வடக்கு,Waga North,457B,1: බස්නාහිර/ மேற்கு/ Western,1: කොළඹ/ ‎கொழும்பு/ Colombo,18: පාදුක්ක/ பாதுக்‍கை/ Padukka
1-1-18-020,020,වග නැගෙනහිර,வாகா கிழக்கு,Waga East,457,1: බස්නාහිර/ மேற்கு/ Western,1: කොළඹ/ ‎கொழும்பு/ Colombo,18: පාදුක්ක/ பாதுக்‍கை/ Padukka
1-1-18-025,025,තුම්මෝදර,தும்‍மோதர,Thummodara,458A,1: බස්නාහිර/ மேற்கு/ Western,1: කොළඹ/ ‎கொழும்பு/ Colombo,18: පාදුක්ක/ பாதுக்‍கை/ Padukka
1-1-18-030,030,වග දකුණ,வக ‎தெற்கு,Waga South,457C,1: බස්නාහිර/ மேற்கு/ Western,1: කොළඹ/ ‎கொழும்பு/ Colombo,18: පාදුක්ක/ பாதுக்‍கை/ Padukka
1-1-18-035,035,සියඹලාව,சியம்பலாவ,Siyambalawa,459B,1: බස්නාහිර/ மேற்கு/ Western,1: කොළඹ/ ‎கொழும்பு/ Colombo,18: පාදුක්ක/ பாதுக்‍கை/ Padukka
1-1-18-040,040,පහළ බෝපේ,பஹல ‍போ‍பே,Pahala Bope,459A,1: බස්නාහිර/ மேற்கு/ Western,1: කොළඹ/ ‎கொழும்பு/ Colombo,18: පාදුක්ක/ பாதுக்‍கை/ Padukka
1-1-18-045,045,හල්පේ,ஹல்‍பே,Halpe,454B,1: බස්නාහිර/ மேற்கு/ Western,1: කොළඹ/ ‎கொழும்பு/ Colombo,18: පාදුක්ක/ பாதுக்‍கை/ Padukka
1-1-18-050,050,වග බටහිර,வகா ‍மேற்கு,Waga West,457A,1: බස්නාහිර/ மேற்கு/ Western,1: කොළඹ/ ‎கொழும்பு/ Colombo,18: පාදුක්ක/ பாதுக்‍கை/ Padukka
1-1-18-055,055,උග්ගල්ල,அக்கல,Uggalla,454,1: බස්නාහිර/ மேற்கு/ Western,1: කොළඹ/ ‎கொழும்பு/ Colombo,18: පාදුක්ක/ பாதுக்‍கை/ Padukka
1-1-18-060,060,වේවැල්පනාව,‍‎‍வே‎வெல்பனாவ,Wewelpanawa,453A,1: බස්නාහිර/ மேற்கு/ Western,1: කොළඹ/ ‎கொழும்பு/ Colombo,18: පාදුක්ක/ பாதுக்‍கை/ Padukka
1-1-18-065,065,පිටුමිපේ  උතුර,பிதும்‍பே வடக்கு,Pitumpe North,453,1: බස්නාහිර/ மேற்கு/ Western,1: කොළඹ/ ‎கொழும்பு/ Colombo,18: පාදුක්ක/ பாதுக்‍கை/ Padukka
1-1-18-070,070,පිටුමිපේ දකුණ,பிதும்‍பே ‎தெற்கு,Pitumpe South,453B,1: බස්නාහිර/ மேற்கு/ Western,1: කොළඹ/ ‎கொழும்பு/ Colombo,18: පාදුක්ක/ பாதுக்‍கை/ Padukka
1-1-18-075,075,ගළගෙදර නැගෙනහිර,கல‎கெதர கிழக்கு,Galagedara East,452,1: බස්නාහිර/ மேற்கு/ Western,1: කොළඹ/ ‎கொழும்பு/ Colombo,18: පාදුක්ක/ பாதுக்‍கை/ Padukka
1-1-18-080,080,ගළගෙදර  උතුර,கல‎கெதர வடக்கு,Galagedara North,452A,1: බස්නාහිර/ மேற்கு/ Western,1: කොළඹ/ ‎கொழும்பு/ Colombo,18: පාදුක්ක/ பாதுக்‍கை/ Padukka
1-1-18-085,085,ගළගෙදර  දකුණ,கல‎கெதர ‎தெற்கு,Galagedara South,452B,1: බස්නාහිර/ மேற்கு/ Western,1: කොළඹ/ ‎கொழும்பு/ Colombo,18: පාදුක්ක/ பாதுக்‍கை/ Padukka
1-1-18-090,090,පාදුක්ක,பாதுக்கை,Padukka,461,1: බස්නාහිර/ மேற்கு/ Western,1: කොළඹ/ ‎கொழும்பு/ Colombo,18: පාදුක්ක/ பாதுக்‍கை/ Padukka
1-1-18-095,095,අරුක්වත්ත  උතුර,அருக்வத்த வடக்கு,Arukwatta North,460,1: බස්නාහිර/ மேற்கு/ Western,1: කොළඹ/ ‎கொழும்பு/ Colombo,18: පාදුක්ක/ பாதுக்‍கை/ Padukka
1-1-18-100,100,අරුක්වත්ත දකුණ,அருக்வத்த ‎தெற்கு,Arukwatta South,460A,1: බස්නාහිර/ மேற்கு/ Western,1: කොළඹ/ ‎கொழும்பு/ Colombo,18: පාදුක්ක/ பாதுக்‍கை/ Padukka
1-1-18-105,105,ගනේගොඩ,க‍ணே‎கொட,Ganegoda,460B,1: බස්නාහිර/ மேற்கு/ Western,1: කොළඹ/ ‎கொழும்பு/ Colombo,18: පාදුක්ක/ பாதுக்‍கை/ Padukka
1-1-18-110,110,අංගම්පිටිය,அங்கம்பிட்டிய,Angampitiya,454A,1: බස්නාහිර/ மேற்கு/ Western,1: කොළඹ/ ‎கொழும்பு/ Colombo,18: පාදුක්ක/ பாதுக்‍கை/ Padukka
1-1-18-115,115,වේරගල,‍‎‍வேறகல,Weragala,455,1: බස්නාහිර/ மேற்கு/ Western,1: කොළඹ/ ‎கொழும்பு/ Colombo,18: පාදුක්ක/ பாதுக்‍கை/ Padukka
1-1-18-120,120,අංගමුව,அங்கமுவ,Angamuwa,461A,1: බස්නාහිර/ மேற்கு/ Western,1: කොළඹ/ ‎கொழும்பு/ Colombo,18: පාදුක්ක/ பாதுக்‍கை/ Padukka
1-1-18-125,125,උඩුමුල්ල,உடுமுள்ள,Udumulla,461B,1: බස්නාහිර/ மேற்கு/ Western,1: කොළඹ/ ‎கொழும்பு/ Colombo,18: පාදුක්ක/ பாதுக்‍கை/ Padukka
1-1-18-130,130,පෝරෙගෙදර,‍‍‎‍போ‎ரெ‎கெதர,Poregedara,462A,1: බස්නාහිර/ மேற்கு/ Western,1: කොළඹ/ ‎கொழும்பு/ Colombo,18: පාදුක්ක/ பாதுக்‍கை/ Padukka
1-1-18-135,135,පහළ පාදුක්ක,பஹல பாதுக்க,Pahala Padukka,461C,1: බස්නාහිර/ மேற்கு/ Western,1: කොළඹ/ ‎கொழும்பு/ Colombo,18: පාදුක්ක/ பாதுக்‍கை/ Padukka
1-1-18-140,140,ලියන්වල,லியண்வல,Liyanwala,462,1: බස්නාහිර/ மேற்கு/ Western,1: කොළඹ/ ‎கொழும்பு/ Colombo,18: පාදුක්ක/ பாதுக்‍கை/ Padukka
1-1-18-145,145,කුරුගල,குருகல,Kurugala,465,1: බස්නාහිර/ மேற்கு/ Western,1: කොළඹ/ ‎கொழும்பு/ Colombo,18: පාදුක්ක/ பாதுக்‍கை/ Padukka
1-1-18-150,150,මාදුලාව දකුණ,மாதுலவ ‎தெற்கு,Madulawa South,463A,1: බස්නාහිර/ மேற்கு/ Western,1: කොළඹ/ ‎கொழும்பு/ Colombo,18: පාදුක්ක/ பாதுக்‍கை/ Padukka
1-1-18-155,155,මාදුලාව උතුර,மாதுலாவ வடக்கு,Madulawa North,463,1: බස්නාහිර/ மேற்கு/ Western,1: කොළඹ/ ‎கொழும்பு/ Colombo,18: පාදුක්ක/ பாதுக்‍கை/ Padukka
1-1-18-160,160,හොරකඳවල,ஹொரகந்தவல,Horakandawala,464C,1: බස්නාහිර/ மேற்கு/ Western,1: කොළඹ/ ‎கொழும்பு/ Colombo,18: පාදුක්ක/ பாதுக்‍கை/ Padukka
1-1-18-165,165,දම්පේ,தம்‍பே,Dampe,464A,1: බස්නාහිර/ மேற்கு/ Western,1: කොළඹ/ ‎கொழும்பு/ Colombo,18: පාදුක්ක/ பாதுக்‍கை/ Padukka
1-1-18-170,170,බෙරුකැටිය,‎பேரு‎கெட்டிய,Beruketiya,464D,1: බස්නාහිර/ மேற்கு/ Western,1: කොළඹ/ ‎கொழும்பு/ Colombo,18: පාදුක්ක/ பாதுக்‍கை/ Padukka
1-1-18-175,175,හොරගල  බටහිර,‎ஹொராகல ‍மேற்கு,Horagala West,464B,1: බස්නාහිර/ மேற்கு/ Western,1: කොළඹ/ ‎கொழும்பு/ Colombo,18: පාදුක්ක/ பாதுக்‍கை/ Padukka
1-1-18-180,180,හොරගල නැගෙනහිර,‎ஹொறகல கிழக்கு,Horagala East,464,1: බස්නාහිර/ மேற்கு/ Western,1: කොළඹ/ ‎கொழும்பு/ Colombo,18: පාදුක්ක/ பாதுக்‍கை/ Padukka
1-1-18-185,185,බෙලිඅත්තවිල,‎பெலியத்தவில,Beliattavila,461D,1: බස්නාහිර/ மேற்கு/ Western,1: කොළඹ/ ‎கொழும்பு/ Colombo,18: පාදුක්ක/ பாதுக்‍கை/ Padukka
1-1-18-190,190,මිරියගල්ල,மிரியாகல்ல,Miriyagalla,466,1: බස්නාහිර/ மேற்கு/ Western,1: කොළඹ/ ‎கொழும்பு/ Colombo,18: පාදුක්ක/ பாதுக்‍கை/ Padukka
1-1-18-195,195,මලගල,மலகல,Malagala,467,1: බස්නාහිර/ மேற்கு/ Western,1: කොළඹ/ ‎கொழும்பு/ Colombo,18: පාදුක්ක/ பாதுக்‍கை/ Padukka
1-1-18-200,200,කහවල,கஹவல,Kahawala,467A,1: බස්නාහිර/ மேற்கு/ Western,1: කොළඹ/ ‎கொழும்பு/ Colombo,18: පාදුක්ක/ பாதுக்‍கை/ Padukka
1-1-18-205,205,යටවතුර,யட்டவத்துர,Yatawathura,468,1: බස්නාහිර/ மேற்கு/ Western,1: කොළඹ/ ‎கொழும்பு/ Colombo,18: පාදුක්ක/ பாதுக்‍கை/ Padukka
1-1-18-210,210,මාහිංගල,மஹிங்கல,Mahingala,455A,1: බස්නාහිර/ மேற்கு/ Western,1: කොළඹ/ ‎கொழும்பு/ Colombo,18: පාදුක්ක/ பாதுக்‍கை/ Padukka
1-1-18-215,215,ඉහළ බෝපේ,இஹல ‍போ‍பே,Ihala Bope,459,1: බස්නාහිර/ மேற்கு/ Western,1: කොළඹ/ ‎கொழும்பு/ Colombo,18: පාදුක්ක/ பாதுக்‍கை/ Padukka
1-1-18-220,220,ගුරුලාන,குருலாண,Gurulana,458B,1: බස්නාහිර/ மேற்கு/ Western,1: කොළඹ/ ‎கொழும்பு/ Colombo,18: පාදුක්ක/ பாதுக்‍கை/ Padukka
1-1-18-225,225,උඩගම,உடுகம,Udagama,458,1: බස්නාහිර/ மேற்கு/ Western,1: කොළඹ/ ‎கொழும்பு/ Colombo,18: පාදුක්ක/ பாதுக்‍கை/ Padukka
1-1-18-230,230,දබෝර,தபோர,Dabora,458C,1: බස්නාහිර/ மேற்கு/ Western,1: කොළඹ/ ‎கொழும்பு/ Colombo,18: පාදුක්ක/ பாதுக்‍கை/ Padukka
1-1-21-005,005,මිරිහාන දකුණ,மிறிஹான ‎தெற்கு,Mirihana South,523A,1: බස්නාහිර/ மேற்கு/ Western,1: කොළඹ/ ‎கொழும்பு/ Colombo,21: මහරගම/ மஹரகம/ Maharagama
1-1-21-010,010,මිරිහාන    උතුර,மீரிஹாண வடக்கு,Mirihana North,523,1: බස්නාහිර/ மேற்கு/ Western,1: කොළඹ/ ‎கொழும்பு/ Colombo,21: මහරගම/ மஹரகம/ Maharagama
1-1-21-015,015,මාදිවෙල,மாதி‎வெல,Madiwela,524,1: බස්නාහිර/ மேற்கு/ Western,1: කොළඹ/ ‎கொழும்பு/ Colombo,21: මහරගම/ மஹரகம/ Maharagama
1-1-21-020,020,තළවතුගොඩ බටහිර,தளவத்து‎கொட ‍மேற்கு,Thalawathugoda West,493A,1: බස්නාහිර/ மேற்கு/ Western,1: කොළඹ/ ‎கொழும்பு/ Colombo,21: මහරගම/ மஹரகம/ Maharagama
1-1-21-025,025,තළවතුගොඩ නැගෙනහිර,தளவத்து‎கொட கிழக்கு,Thalawathugoda East,493B,1: බස්නාහිර/ மேற்கு/ Western,1: කොළඹ/ ‎கொழும்பு/ Colombo,21: මහරගම/ மஹரகம/ Maharagama
1-1-21-030,030,කළල්ගොඩ,கலல்‎கொட,Kalalgoda,493,1: බස්නාහිර/ மேற்கு/ Western,1: කොළඹ/ ‎கொழும்பு/ Colombo,21: මහරගම/ மஹரகம/ Maharagama
1-1-21-035,035,කොට්ටාව නැගෙනහිර,‎கொட்டாவ கிழக்கு,Kottawa East,496A,1: බස්නාහිර/ மேற்கு/ Western,1: කොළඹ/ ‎கொழும்பு/ Colombo,21: මහරගම/ மஹரகம/ Maharagama
1-1-21-040,040,රුක්මළේ   බටහිර,ருக்ம‍லே ‍மேற்கு,Rukmale West,497,1: බස්නාහිර/ மேற்கு/ Western,1: කොළඹ/ ‎கொழும்பு/ Colombo,21: මහරගම/ மஹரகம/ Maharagama
1-1-21-045,045,රැක්මළේ නැගෙනහිර ඒ,ருக்ம‍லே கிழக்கு ' A ',Rukmale East A,497A,1: බස්නාහිර/ மேற்கு/ Western,1: කොළඹ/ ‎கொழும்பு/ Colombo,21: මහරගම/ மஹரகம/ Maharagama
1-1-21-050,050,රුක්මළේ නැගෙනහිර බී,ருக்ம‍லே கிழக்கு ' B ',Rukmale East B,497B,1: බස්නාහිර/ மேற்கு/ Western,1: කොළඹ/ ‎கொழும்பு/ Colombo,21: මහරගම/ மஹரகம/ Maharagama
1-1-21-055,055,ලියනගොඩ,லியண‎கொட,Liyanagoda,496E,1: බස්නාහිර/ மேற்கு/ Western,1: කොළඹ/ ‎கொழும்பு/ Colombo,21: මහරගම/ மஹரகம/ Maharagama
1-1-21-060,060,කොට්ටාව‍ උතුර,‎கொட்டாவை வடக்கு,Kottawa North,496C,1: බස්නාහිර/ மேற்கு/ Western,1: කොළඹ/ ‎கொழும்பு/ Colombo,21: මහරගම/ மஹரகம/ Maharagama
1-1-21-065,065,දෙපානම,‎தெபாணம,Depanama,529A,1: බස්නාහිර/ மேற்கு/ Western,1: කොළඹ/ ‎கொழும்பு/ Colombo,21: මහරගම/ மஹரகம/ Maharagama
1-1-21-070,070,පොල්වත්ත,‎பொல்வத்த,Polwatta,529,1: බස්නාහිර/ மேற்கு/ Western,1: කොළඹ/ ‎கொழும்பு/ Colombo,21: මහරගම/ மஹரகம/ Maharagama
1-1-21-075,075,පමුණුව,பமுணுவ,Pamunuwa,528,1: බස්නාහිර/ மேற்கு/ Western,1: කොළඹ/ ‎கொழும்பு/ Colombo,21: මහරගම/ மஹரகம/ Maharagama
1-1-21-080,080,තළපත්පිටිය,தளபத்பிட்டிய,Thalapathpitiya,525,1: බස්නාහිර/ மேற்கு/ Western,1: කොළඹ/ ‎கொழும்பு/ Colombo,21: මහරගම/ மஹரகம/ Maharagama
1-1-21-085,085,ප්‍රගතිපුර,பிரகதிபுர,Pragathipura,524A,1: බස්නාහිර/ மேற்கு/ Western,1: කොළඹ/ ‎கொழும்பு/ Colombo,21: මහරගම/ மஹரகம/ Maharagama
1-1-21-090,090,උඩහමුල්ල නැගෙනහිර,உடஹமுள்ள கிழக்கு,Udahamulla East,525A,1: බස්නාහිර/ மேற்கு/ Western,1: කොළඹ/ ‎கொழும்பு/ Colombo,21: මහරගම/ மஹரகம/ Maharagama
1-1-21-095,095,උඩහමුල්ල   බටහිර,உடஹமுள்ள ‍மேற்கு,Udahamulla West,525B,1: බස්නාහිර/ மேற்கு/ Western,1: කොළඹ/ ‎கொழும்பு/ Colombo,21: මහරගම/ மஹரகம/ Maharagama
1-1-21-100,100,පති‍රගොඩ,பத்திரா‎கொட,Pathiragoda,527A,1: බස්නාහිර/ மேற்கு/ Western,1: කොළඹ/ ‎கொழும்பு/ Colombo,21: මහරගම/ மஹரகம/ Maharagama
1-1-21-105,105,මහරගම නැගෙනහිර,மஹரகம கிழக்கு,Maharagama East,527B,1: බස්නාහිර/ மேற்கு/ Western,1: කොළඹ/ ‎கொழும்பு/ Colombo,21: මහරගම/ மஹரகம/ Maharagama
1-1-21-110,110,මහරගම    බටහිර,மஹரகம ‍மேற்கு,Maharagama West,527C,1: බස්නාහිර/ மேற்கு/ Western,1: කොළඹ/ ‎கொழும்பு/ Colombo,21: මහරගම/ மஹரகம/ Maharagama
1-1-21-115,115,දඹහේන,தம்ப‍ஹேண,Dambahena,528A,1: බස්නාහිර/ மேற்கு/ Western,1: කොළඹ/ ‎கொழும்பு/ Colombo,21: මහරගම/ மஹரகம/ Maharagama
1-1-21-120,120,පන්නිපිටිය උතුර,பண்ணிபிட்டிய வடக்கு,Pannipitiya North,531,1: බස්නාහිර/ மேற்கு/ Western,1: කොළඹ/ ‎கொழும்பு/ Colombo,21: මහරගම/ மஹரகம/ Maharagama
1-1-21-125,125,කොට්ටාව   බටහිර,‎கொட்டாவை ‍மேற்கு,Kottawa West,496D,1: බස්නාහිර/ மேற்கு/ Western,1: කොළඹ/ ‎கொழும்பு/ Colombo,21: මහරගම/ மஹரகம/ Maharagama
1-1-21-130,130,කොට්ටාව දකුණ,‎கொட்டாவை ‎தெற்கு,Kottawa South,496,1: බස්නාහිර/ மேற்கு/ Western,1: කොළඹ/ ‎கொழும்பு/ Colombo,21: මහරගම/ மஹரகம/ Maharagama
1-1-21-135,135,මාලපල්ල   බටහිර,மாலபல்ல ‍மேற்கு,Malapalla West,498B,1: බස්නාහිර/ மேற்கு/ Western,1: කොළඹ/ ‎கொழும்பு/ Colombo,21: මහරගම/ மஹரகம/ Maharagama
1-1-21-140,140,මාලපල්ල   නැගෙනහිර,மலபல்ல கிழக்கு,Malapalla East,498,1: බස්නාහිර/ மேற்கு/ Western,1: කොළඹ/ ‎கொழும்பு/ Colombo,21: මහරගම/ மஹரகம/ Maharagama
1-1-21-145,145,මාකුඹුර    උතුර,மாகும்புர வடக்கு,Makumbura North,498A,1: බස්නාහිර/ மேற்கு/ Western,1: කොළඹ/ ‎கொழும்பு/ Colombo,21: මහරගම/ மஹரகம/ Maharagama
1-1-21-150,150,මාකුඹුර    දකුණ,மாகும்புர ‎தெற்கு,Makumbura South,498C,1: බස්නාහිර/ மேற்கு/ Western,1: කොළඹ/ ‎கொழும்பு/ Colombo,21: මහරගම/ மஹரகம/ Maharagama
1-1-21-155,155,කොට්ටාව නගරය,‎கொட்டாவை நகரம்,Kottawa Town,496B,1: බස්නාහිර/ மேற்கு/ Western,1: කොළඹ/ ‎கொழும்பு/ Colombo,21: මහරගම/ மஹரகம/ Maharagama
1-1-21-160,160,පන්නිපිටිය  දකුණ,பண்ணிபிட்டிய ‎தெற்கு,Pannipitiya South,531A,1: බස්නාහිර/ மேற்கு/ Western,1: කොළඹ/ ‎கொழும்பு/ Colombo,21: මහරගම/ மஹரகம/ Maharagama
1-1-21-165,165,මහරගම නගරය,மஹரகம நகரம்,Maharagama Town,530,1: බස්නාහිර/ மேற்கு/ Western,1: කොළඹ/ ‎கொழும்பு/ Colombo,21: මහරගම/ மஹரகம/ Maharagama
1-1-21-170,170,ගොඩිගමුව  දකුණ,‎கொடிகமுவ ‎தெற்கு,Godigamuwa South,532A,1: බස්නාහිර/ மேற்கு/ Western,1: කොළඹ/ ‎கொழும்பு/ Colombo,21: මහරගම/ மஹரகம/ Maharagama
1-1-21-175,175,ගොඩිගමුව දකුණ බී,‎கொடிகமுவ ‎தெற்கு ' B ',Godigamuwa South B,532B,1: බස්නාහිර/ மேற்கு/ Western,1: කොළඹ/ ‎கொழும்பு/ Colombo,21: මහරගම/ மஹரகம/ Maharagama
1-1-21-180,180,ගොඩිගමුව උතුර,‎கொடிகமுவ வடக்கு,Godigamuwa North,532,1: බස්නාහිර/ மேற்கு/ Western,1: කොළඹ/ ‎கொழும்பு/ Colombo,21: මහරගම/ மஹரகம/ Maharagama
1-1-21-185,185,වත්තේගෙදර,வத்‎தெ‎கெதர,Wattegedara,532C,1: බස්නාහිර/ மேற்கு/ Western,1: කොළඹ/ ‎கொழும்பு/ Colombo,21: මහරගම/ மஹரகம/ Maharagama
1-1-21-190,190,නාවින්න,நாவிண்ண,Navinna,527,1: බස්නාහිර/ மேற்கு/ Western,1: කොළඹ/ ‎கொழும்பு/ Colombo,21: මහරගම/ மஹரகம/ Maharagama
1-1-21-195,195,විජේරාම,வி‍ஜேராம,Wijerama,526C,1: බස්නාහිර/ மேற்கு/ Western,1: කොළඹ/ ‎கொழும்பு/ Colombo,21: මහරගම/ மஹரகம/ Maharagama
1-1-21-200,200,ගංගොඩවිල දකුණ බී,கங்‎கொடவில ‎தெற்கு B,Gangodavila South B,526B,1: බස්නාහිර/ மேற்கு/ Western,1: කොළඹ/ ‎கொழும்பு/ Colombo,21: මහරගම/ மஹரகம/ Maharagama
1-1-21-205,205,ජම්බුගස්මුල්ල,ஜம்புகஸ்முள்ள,Jambugasmulla,526D,1: බස්නාහිර/ மேற்கு/ Western,1: කොළඹ/ ‎கொழும்பு/ Colombo,21: මහරගම/ மஹரகம/ Maharagama
1-1-24-005,005,ඔබේසේකරපුර,ஒ‍‍பே‍சேகரபுர,Obesekarapura,514C,1: බස්නාහිර/ மேற்கு/ Western,1: කොළඹ/ ‎கொழும்பு/ Colombo,24: ශ්‍රී ජයවර්ධනපුර කෝට්ටේ/ ஸ்ரீ ஜயவர்தணபுர ‍கோட்‍டை/ Sri Jayawardanapura Kotte
1-1-24-010,010,වැලිකඩ බටහිර,‎வெலிகட ‍மேற்கு,Welikada West,514A,1: බස්නාහිර/ மேற்கு/ Western,1: කොළඹ/ ‎கொழும்பு/ Colombo,24: ශ්‍රී ජයවර්ධනපුර කෝට්ටේ/ ஸ்ரீ ஜயவர்தணபுர ‍கோட்‍டை/ Sri Jayawardanapura Kotte
1-1-24-015,015,වැලිකඩ නැගෙනහිර,‎வெலிகட கிழக்கு,Welikada East,514,1: බස්නාහිර/ மேற்கு/ Western,1: කොළඹ/ ‎கொழும்பு/ Colombo,24: ශ්‍රී ජයවර්ධනපුර කෝට්ටේ/ ஸ்ரீ ஜயவர்தணபுர ‍கோட்‍டை/ Sri Jayawardanapura Kotte
1-1-24-020,020,රාජගිරිය,ராஜகிரிய,Rajagiriya,514B,1: බස්නාහිර/ மேற்கு/ Western,1: කොළඹ/ ‎கொழும்பு/ Colombo,24: ශ්‍රී ජයවර්ධනපුර කෝට්ටේ/ ஸ்ரீ ஜயவர்தணபுர ‍கோட்‍டை/ Sri Jayawardanapura Kotte
1-1-24-025,025,වැලිකඩ උතුර,‎வெலிகட வடக்கு,Welikada North,514D,1: බස්නාහිර/ மேற்கு/ Western,1: කොළඹ/ ‎கொழும்பு/ Colombo,24: ශ්‍රී ජයවර්ධනපුර කෝට්ටේ/ ஸ்ரீ ஜயவர்தணபுர ‍கோட்‍டை/ Sri Jayawardanapura Kotte
1-1-24-030,030,නාවල බටහිර,நவைளை ‍மேற்கு,Nawala West,520,1: බස්නාහිර/ மேற்கு/ Western,1: කොළඹ/ ‎கொழும்பு/ Colombo,24: ශ්‍රී ජයවර්ධනපුර කෝට්ටේ/ ஸ்ரீ ஜயவர்தணபுர ‍கோட்‍டை/ Sri Jayawardanapura Kotte
1-1-24-035,035,කොස්වත්ත,‎கொஸ்வத்த,Koswatta,520A,1: බස්නාහිර/ மேற்கு/ Western,1: කොළඹ/ ‎கொழும்பு/ Colombo,24: ශ්‍රී ජයවර්ධනපුර කෝට්ටේ/ ஸ்ரீ ஜயவர்தணபுர ‍கோட்‍டை/ Sri Jayawardanapura Kotte
1-1-24-040,040,ඇතුල්කෝට්ටේ බටහිර,எத்துள்‍கோட்‍டே ‍மேற்கு,Ethulkotte West,521A,1: බස්නාහිර/ மேற்கு/ Western,1: කොළඹ/ ‎கொழும்பு/ Colombo,24: ශ්‍රී ජයවර්ධනපුර කෝට්ටේ/ ஸ்ரீ ஜயவர்தணபுர ‍கோட்‍டை/ Sri Jayawardanapura Kotte
1-1-24-045,045,ඇතුල්කෝට්ටේ,எத்துள்‍கோட்‍டே,Ethulkotte,521,1: බස්නාහිර/ மேற்கு/ Western,1: කොළඹ/ ‎கொழும்பு/ Colombo,24: ශ්‍රී ජයවර්ධනපුර කෝට්ටේ/ ஸ்ரீ ஜயவர்தணபுர ‍கோட்‍டை/ Sri Jayawardanapura Kotte
1-1-24-050,050,පිටකෝට්ටේ නැගෙනහිර,பிட்ட‍கோட்‍டே கிழக்கு,Pitakotte East,522A,1: බස්නාහිර/ மேற்கு/ Western,1: කොළඹ/ ‎கொழும்பு/ Colombo,24: ශ්‍රී ජයවර්ධනපුර කෝට්ටේ/ ஸ்ரீ ஜயவர்தணபுர ‍கோட்‍டை/ Sri Jayawardanapura Kotte
1-1-24-055,055,පිටකෝට්ටේ,பிட்ட‍கோட்‍டே,Pitakotte,522B,1: බස්නාහිර/ மேற்கு/ Western,1: කොළඹ/ ‎கொழும்பு/ Colombo,24: ශ්‍රී ජයවර්ධනපුර කෝට්ටේ/ ஸ்ரீ ஜயவர்தணபுர ‍கோட்‍டை/ Sri Jayawardanapura Kotte
1-1-24-060,060,පිටකෝට්ටේ බටහිර,பிட்ட‍கோட்‍டே ‍மேற்கு,Pitakotte West,522,1: බස්නාහිර/ மேற்கு/ Western,1: කොළඹ/ ‎கொழும்பு/ Colombo,24: ශ්‍රී ජයවර්ධනපුර කෝට්ටේ/ ஸ்ரீ ஜயவர்தணபுர ‍கோட்‍டை/ Sri Jayawardanapura Kotte
1-1-24-065,065,නාවල නැගෙනහිර,நாவளை கிழக்கு,Nawala  East,520B,1: බස්නාහිර/ மேற்கு/ Western,1: කොළඹ/ ‎கொழும்பு/ Colombo,24: ශ්‍රී ජයවර්ධනපුර කෝට්ටේ/ ஸ்ரீ ஜயவர்தணபுர ‍கோட்‍டை/ Sri Jayawardanapura Kotte
1-1-24-070,070,නුගේගොඩ  බටහිර,நு‍கே‎கொடை ‍மேற்கு,Nugegoda West,519B,1: බස්නාහිර/ மேற்கு/ Western,1: කොළඹ/ ‎கொழும்பு/ Colombo,24: ශ්‍රී ජයවර්ධනපුර කෝට්ටේ/ ஸ்ரீ ஜயவர்தணபுர ‍கோட்‍டை/ Sri Jayawardanapura Kotte
1-1-24-075,075,පා‍ගොඩ,பா‎கொட,Pagoda,519A,1: බස්නාහිර/ மேற்கு/ Western,1: කොළඹ/ ‎கொழும்பு/ Colombo,24: ශ්‍රී ජයවර්ධනපුර කෝට්ටේ/ ஸ்ரீ ஜயவர்தணபுர ‍கோட்‍டை/ Sri Jayawardanapura Kotte
1-1-24-080,080,නුගේගොඩ,நு‍கே‎கொடை,Nugegoda,519,1: බස්නාහිර/ மேற்கு/ Western,1: කොළඹ/ ‎கொழும்பு/ Colombo,24: ශ්‍රී ජයවර්ධනපුර කෝට්ටේ/ ஸ்ரீ ஜயவர்தணபுர ‍கோட்‍டை/ Sri Jayawardanapura Kotte
1-1-24-085,085,පා‍ගොඩ නැගෙනහිර,பா‎கொட கிழக்கு,Pagoda East,519C,1: බස්නාහිර/ மேற்கு/ Western,1: කොළඹ/ ‎கொழும்பு/ Colombo,24: ශ්‍රී ජයවර්ධනපුර කෝට්ටේ/ ஸ்ரீ ஜயவர்தணபுர ‍கோட்‍டை/ Sri Jayawardanapura Kotte
1-1-24-090,090,ගංගොඩවිල උතුර,கங்‎கொடவில வடக்கு,Gangodavila North,526,1: බස්නාහිර/ மேற்கு/ Western,1: කොළඹ/ ‎கொழும்பு/ Colombo,24: ශ්‍රී ජයවර්ධනපුර කෝට්ටේ/ ஸ்ரீ ஜயவர்தணபுர ‍கோட்‍டை/ Sri Jayawardanapura Kotte
1-1-24-095,095,ගංගොඩවිල දකුණ,கங்‎கொடவில ‎தெற்கு,Gangodavila South,526A,1: බස්නාහිර/ மேற்கு/ Western,1: කොළඹ/ ‎கொழும்பு/ Colombo,24: ශ්‍රී ජයවර්ධනපුර කෝට්ටේ/ ஸ்ரீ ஜயவர்தணபுர ‍கோட்‍டை/ Sri Jayawardanapura Kotte
1-1-24-100,100,ගංගොඩවිල නැගෙනහිර,கங்‎கொடவில கிழக்கு,Gangodavila East,526C,1: බස්නාහිර/ மேற்கு/ Western,1: කොළඹ/ ‎கொழும்பு/ Colombo,24: ශ්‍රී ජයවර්ධනපුර කෝට්ටේ/ ஸ்ரீ ஜயவர்தணபுர ‍கோட்‍டை/ Sri Jayawardanapura Kotte
1-1-27-005,005,කොල්ලුපිටිය,‎கொள்ளுப்பிட்டிய,Kollupitiya,T9,1: බස්නාහිර/ மேற்கு/ Western,1: කොළඹ/ ‎கொழும்பு/ Colombo,27: තිඹිරිගස්යාය/ திம்பிரிகஸ்யா‍யை/ Thimbirigasyaya
1-1-27-010,010,බම්බලපිටිය,பம்பலப்பிட்டிய,Bambalapitiya,T1,1: බස්නාහිර/ மேற்கு/ Western,1: කොළඹ/ ‎கொழும்பு/ Colombo,27: තිඹිරිගස්යාය/ திம்பிரிகஸ்யா‍யை/ Thimbirigasyaya
1-1-27-015,015,කුරුඳුවත්ත,கருவாத்‍தோட்டம்,Kurunduwatta,T12,1: බස්නාහිර/ மேற்கு/ Western,1: කොළඹ/ ‎கொழும்பு/ Colombo,27: තිඹිරිගස්යාය/ திம்பிரிகஸ்யா‍யை/ Thimbirigasyaya
1-1-27-020,020,කුප්පියාවත්ත බටහිර,குப்பியாவத்த ‍மேற்கு,Kuppiyawatta West,T11,1: බස්නාහිර/ மேற்கு/ Western,1: කොළඹ/ ‎கொழும்பு/ Colombo,27: තිඹිරිගස්යාය/ திம்பிரிகஸ்யா‍யை/ Thimbirigasyaya
1-1-27-025,025,කුප්පියාවත්ත  නැගෙනහිර,குப்பியாவத்த கிழக்கு,Kuppiyawatta East,T10,1: බස්නාහිර/ மேற்கு/ Western,1: කොළඹ/ ‎கொழும்பு/ Colombo,27: තිඹිරිගස්යාය/ திம்பிரிகஸ்யா‍யை/ Thimbirigasyaya
1-1-27-030,030,දෙමටගොඩ,‎தெமட்ட‎கொடை,Dematagoda,T4,1: බස්නාහිර/ மேற்கு/ Western,1: කොළඹ/ ‎கொழும்பு/ Colombo,27: තිඹිරිගස්යාය/ திம்பிரிகஸ்யா‍யை/ Thimbirigasyaya
1-1-27-035,035,වනාතමුල්ල,வனாத்தமுள்ள,Wanathamulla,T18,1: බස්නාහිර/ மேற்கு/ Western,1: කොළඹ/ ‎கொழும்பு/ Colombo,27: තිඹිරිගස්යාය/ திம்பிரிகஸ்யா‍யை/ Thimbirigasyaya
1-1-27-040,040,බොරැල්ල උතුර,‎பொரளை வடக்கு,Borella North,T,1: බස්නාහිර/ மேற்கு/ Western,1: කොළඹ/ ‎கொழும்பு/ Colombo,27: තිඹිරිගස්යාය/ திம்பிரிகஸ்யா‍யை/ Thimbirigasyaya
1-1-27-045,045,බොරැල්ල දකුණ,‎பொரளை ‎தெற்கு,Borella South,T,1: බස්නාහිර/ மேற்கு/ Western,1: කොළඹ/ ‎கொழும்பு/ Colombo,27: තිඹිරිගස්යාය/ திம்பிரிகஸ்யா‍யை/ Thimbirigasyaya
1-1-27-050,050,ගෝතමිපුර,‍‎‍கோதமிபுர,Gothamipura,T,1: බස්නාහිර/ மேற்கு/ Western,1: කොළඹ/ ‎கொழும்பு/ Colombo,27: තිඹිරිගස්යාය/ திம்பிரிகஸ்யா‍யை/ Thimbirigasyaya
1-1-27-055,055,නාරාහේන්පිට,நாரா‍ஹேன்பிட்ட,Narahenpita,T,1: බස්නාහිර/ மேற்கு/ Western,1: කොළඹ/ ‎கொழும்பு/ Colombo,27: තිඹිරිගස්යාය/ திம்பிரிகஸ்யா‍யை/ Thimbirigasyaya
1-1-27-060,060,තිඹිරිගස්යාය,திம்பிரிகஸ்யாய,Thimbirigasyaya,T,1: බස්නාහිර/ மேற்கு/ Western,1: කොළඹ/ ‎கொழும்பு/ Colombo,27: තිඹිරිගස්යාය/ திம்பிரிகஸ்யா‍யை/ Thimbirigasyaya
1-1-27-065,065,මිලාගිරිය,மிலாகிரிய,Milagiriya,T13,1: බස්නාහිර/ மேற்கு/ Western,1: කොළඹ/ ‎கொழும்பு/ Colombo,27: තිඹිරිගස්යාය/ திம்பிரிகஸ்யா‍யை/ Thimbirigasyaya
1-1-27-070,070,හැව්ලොක් නගරය,‍‎‎‍‍‍ஹேவ்‎லொக் டவுன்,Havelock Town,T,1: බස්නාහිර/ மேற்கு/ Western,1: කොළඹ/ ‎கொழும்பு/ Colombo,27: තිඹිරිගස්යාය/ திம்பிரிகஸ்யா‍யை/ Thimbirigasyaya
1-1-27-075,075,කිරුළ,கிரு‍ள,Kirula,T,1: බස්නාහිර/ மேற்கு/ Western,1: කොළඹ/ ‎கொழும்பு/ Colombo,27: තිඹිරිගස්යාය/ திம்பிரிகஸ்யா‍யை/ Thimbirigasyaya
1-1-27-080,080,කිරුළපන,கிரு‍ளப்பண,Kirulapone,T,1: බස්නාහිර/ மேற்கு/ Western,1: කොළඹ/ ‎கொழும்பு/ Colombo,27: තිඹිරිගස්යාය/ திம்பிரிகஸ்யா‍யை/ Thimbirigasyaya
1-1-27-085,085,වැල්ලවත්ත උතුර,‎வெல்லவத்தை வடக்கு,Wellawatta North,T,1: බස්නාහිර/ மேற்கு/ Western,1: කොළඹ/ ‎கொழும்பு/ Colombo,27: තිඹිරිගස්යාය/ திம்பிரிகஸ்யா‍யை/ Thimbirigasyaya
1-1-27-090,090,වැල්ලවත්ත දකුණ,‎வெல்லவத்தை ‎தெற்கு,Wellawatta South,T,1: බස්නාහිර/ மேற்கு/ Western,1: කොළඹ/ ‎கொழும்பு/ Colombo,27: තිඹිරිගස්යාය/ திம்பிரிகஸ்யா‍யை/ Thimbirigasyaya
1-1-27-095,095,බටහිර පාමංකඩ,பாமண்கடை ‍மேற்கு,Pamankada West,T,1: බස්නාහිර/ மேற்கு/ Western,1: කොළඹ/ ‎கொழும்பு/ Colombo,27: තිඹිරිගස්යාය/ திம்பிரிகஸ்யா‍யை/ Thimbirigasyaya
1-1-27-100,100,නැගෙනහිර පාමංකඩ,பாமண்கடை கிழக்கு,Pamankada East,T,1: බස්නාහිර/ மேற்கு/ Western,1: කොළඹ/ ‎கொழும்பு/ Colombo,27: තිඹිරිගස්යාය/ திம்பிரிகஸ்யா‍யை/ Thimbirigasyaya
1-1-30-005,005,ශ්‍රී සරණංකර,ஸ்ரீ சரணங்கார,Sri Saranankara,538C,1: බස්නාහිර/ மேற்கு/ Western,1: කොළඹ/ ‎கொழும்பு/ Colombo,30: දෙහිවල -ගල්කිස්ස/ தெஹிவளை-கல்கிஸ்‍ஸ/ Dehiwala-Mount Lavinia
1-1-30-010,010,විලවල,விலவல,Vilawala,537,1: බස්නාහිර/ மேற்கு/ Western,1: කොළඹ/ ‎கொழும்பு/ Colombo,30: දෙහිවල -ගල්කිස්ස/ தெஹிவளை-கல்கிஸ்‍ஸ/ Dehiwala-Mount Lavinia
1-1-30-015,015,දුටුගැමුණු,துட்டு‎கெமுணு,Dutugemunu,537A,1: බස්නාහිර/ மேற்கு/ Western,1: කොළඹ/ ‎கொழும்பு/ Colombo,30: දෙහිවල -ගල්කිස්ස/ தெஹிவளை-கல்கிஸ்‍ஸ/ Dehiwala-Mount Lavinia
1-1-30-020,020,කොහුවල,‎கொஹுவலை,Kohuwala,537B,1: බස්නාහිර/ மேற்கு/ Western,1: කොළඹ/ ‎கொழும்பு/ Colombo,30: දෙහිවල -ගල්කිස්ස/ தெஹிவளை-கல்கிஸ்‍ஸ/ Dehiwala-Mount Lavinia
1-1-30-025,025,කළුබෝවිල,களு‍போவிலை,Kalubowila,538,1: බස්නාහිර/ மேற்கு/ Western,1: කොළඹ/ ‎கொழும்பு/ Colombo,30: දෙහිවල -ගල්කිස්ස/ தெஹிவளை-கல்கிஸ்‍ஸ/ Dehiwala-Mount Lavinia
1-1-30-030,030,හත්බෝධිය,ஹத்‍போதிய,Hathbodhiya,538B,1: බස්නාහිර/ மேற்கு/ Western,1: කොළඹ/ ‎கொழும்பு/ Colombo,30: දෙහිවල -ගල්කිස්ස/ தெஹிவளை-கல்கிஸ்‍ஸ/ Dehiwala-Mount Lavinia
1-1-30-035,035,ගල්වල,கல்வள,Galwala,538A,1: බස්නාහිර/ மேற்கு/ Western,1: කොළඹ/ ‎கொழும்பு/ Colombo,30: දෙහිවල -ගල්කිස්ස/ தெஹிவளை-கல்கிஸ்‍ஸ/ Dehiwala-Mount Lavinia
1-1-30-040,040,දෙහිවල බටහිර,‎தெஹிவளை ‍மேற்கு,Dehiwala West,540A,1: බස්නාහිර/ மேற்கு/ Western,1: කොළඹ/ ‎கொழும்பு/ Colombo,30: දෙහිවල -ගල්කිස්ස/ தெஹிவளை-கல்கிஸ்‍ஸ/ Dehiwala-Mount Lavinia
1-1-30-045,045,දෙහිවල නැගෙනහිර,‎தெஹிவளை கிழக்கு,Dehiwala East,540,1: බස්නාහිර/ மேற்கு/ Western,1: කොළඹ/ ‎கொழும்பு/ Colombo,30: දෙහිවල -ගල්කිස්ස/ தெஹிவளை-கல்கிஸ்‍ஸ/ Dehiwala-Mount Lavinia
1-1-30-050,050,උද්‍යානය,உத்யாணய,Udyanaya,536A,1: බස්නාහිර/ மேற்கு/ Western,1: කොළඹ/ ‎கொழும்பு/ Colombo,30: දෙහිවල -ගල්කිස්ස/ தெஹிவளை-கல்கிஸ்‍ஸ/ Dehiwala-Mount Lavinia
1-1-30-055,055,නැඳිමාල,‎நெதிமால,Nedimala,536,1: බස්නාහිර/ மேற்கு/ Western,1: කොළඹ/ ‎கொழும்பு/ Colombo,30: දෙහිවල -ගල්කිස්ස/ தெஹிவளை-கல்கிஸ்‍ஸ/ Dehiwala-Mount Lavinia
1-1-30-060,060,මල්වත්ත,மல்வத்த,Malwatta,539/42A,1: බස්නාහිර/ மேற்கு/ Western,1: කොළඹ/ ‎கொழும்பு/ Colombo,30: දෙහිවල -ගල්කිස්ස/ தெஹிவளை-கல்கிஸ்‍ஸ/ Dehiwala-Mount Lavinia
1-1-30-065,065,ජයතිලක,ஜயதிலக்க,Jayathilaka,540B,1: බස්නාහිර/ மேற்கு/ Western,1: කොළඹ/ ‎கொழும்பு/ Colombo,30: දෙහිවල -ගල්කිස්ස/ தெஹிவளை-கல்கிஸ்‍ஸ/ Dehiwala-Mount Lavinia
1-1-30-070,070,කරගම්පිටිය,கரகம்பிட்டிய,Karagampitiya,539/42,1: බස්නාහිර/ மேற்கு/ Western,1: කොළඹ/ ‎கொழும்பு/ Colombo,30: දෙහිවල -ගල්කිස්ස/ தெஹிவளை-கல்கிஸ்‍ஸ/ Dehiwala-Mount Lavinia
1-1-30-075,075,කවුඩාන නැගෙනහිර,கவ்டாணா கிழக்கு,Kawdana East,539/42B,1: බස්නාහිර/ மேற்கு/ Western,1: කොළඹ/ ‎கொழும்பு/ Colombo,30: දෙහිවල -ගල්කිස්ස/ தெஹிவளை-கல்கிஸ்‍ஸ/ Dehiwala-Mount Lavinia
1-1-31-010,010,කවුඩාන බටහිර,கவ்டாணா ‍மேற்கு,Kawdana West,539/42C,1: බස්නාහිර/ மேற்கு/ Western,1: කොළඹ/ ‎கொழும்பு/ Colombo,31: රත්මලාන/ இரத்மழா‍ணை/ Ratmalana
1-1-31-015,015,වටරප්පල,வட்டராப்பல,Watarappala,544,1: බස්නාහිර/ மேற்கு/ Western,1: කොළඹ/ ‎கொழும்பு/ Colombo,31: රත්මලාන/ இரத்மழா‍ணை/ Ratmalana
1-1-31-020,020,වතුමුල්ල,வத்துமுள்ள,Wathumulla,544A,1: බස්නාහිර/ மேற்கு/ Western,1: කොළඹ/ ‎கொழும்பு/ Colombo,31: රත්මලාන/ இரத்மழா‍ணை/ Ratmalana
1-1-31-025,025,කටුකුරුඳුවත්ත,கட்டுகுருத்த,Katukurunduwatta,545A,1: බස්නාහිර/ மேற்கு/ Western,1: කොළඹ/ ‎கொழும்பு/ Colombo,31: රත්මලාන/ இரத்மழா‍ணை/ Ratmalana
1-1-31-030,030,අත්තිඩිය උතුර,அத்திடிய வடக்கு,Attidiya North,543,1: බස්නාහිර/ மேற்கு/ Western,1: කොළඹ/ ‎கொழும்பு/ Colombo,31: රත්මලාන/ இரத்மழா‍ணை/ Ratmalana
1-1-31-035,035,අත්තිඩිය දකුණ,அத்திடிய ‎தெற்கு,Attidiya South,543B,1: බස්නාහිර/ மேற்கு/ Western,1: කොළඹ/ ‎கொழும்பு/ Colombo,31: රත්මලාන/ இரத்மழா‍ணை/ Ratmalana
1-1-31-040,040,පිරිවෙන,பிரி‎வெண,Piriwena,545,1: බස්නාහිර/ மேற்கு/ Western,1: කොළඹ/ ‎கொழும்பு/ Colombo,31: රත්මලාන/ இரத்மழா‍ணை/ Ratmalana
1-1-31-045,045,වෙඩිකන්ද,‎வெடிகந்த,Wedikanda,546A,1: බස්නාහිර/ மேற்கு/ Western,1: කොළඹ/ ‎கொழும்பு/ Colombo,31: රත්මලාන/ இரத்மழா‍ணை/ Ratmalana
1-1-31-050,050,විහාර,விஹார‍,Vihara,546B,1: බස්නාහිර/ மேற்கு/ Western,1: කොළඹ/ ‎கொழும்பு/ Colombo,31: රත්මලාන/ இரத்மழா‍ணை/ Ratmalana
1-1-31-055,055,රත්මලාන බටහිර,இரத்மளாணை ‍மேற்கு,Rathmalana West,546,1: බස්නාහිර/ மேற்கு/ Western,1: කොළඹ/ ‎கொழும்பு/ Colombo,31: රත්මලාන/ இரத்மழா‍ணை/ Ratmalana
1-1-31-060,060,රත්මලාන  නැගෙනහිර,இரத்மளாணை கிழக்கு,Rathmalana East,546C,1: බස්නාහිර/ மேற்கு/ Western,1: කොළඹ/ ‎கொழும்பு/ Colombo,31: රත්මලාන/ இரத்மழா‍ணை/ Ratmalana
1-1-31-065,065,කඳවල,கந்தவள,Kandawala,543A,1: බස්නාහිර/ மேற்கு/ Western,1: කොළඹ/ ‎கொழும்பு/ Colombo,31: රත්මලාන/ இரத்மழா‍ணை/ Ratmalana
1-1-33-005,005,අඟුලාන උතුර,அங்குலாண வடக்கு,Angulana North,547,1: බස්නාහිර/ மேற்கு/ Western,1: කොළඹ/ ‎கொழும்பு/ Colombo,33: මොරටුව/ மொரட்டு‍வை/ Moratuwa
1-1-33-010,010,කල්දෙමුල්ල,கல்‎தெமுள்ள,Kaldemulla,548,1: බස්නාහිර/ மேற்கு/ Western,1: කොළඹ/ ‎கொழும்பு/ Colombo,33: මොරටුව/ மொரட்டு‍வை/ Moratuwa
1-1-33-015,015,සොයියාපුර උතුර,‎சொய்சாபுர வடக்கு,Soysapura North,548A,1: බස්නාහිර/ மேற்கு/ Western,1: කොළඹ/ ‎கொழும்பு/ Colombo,33: මොරටුව/ மொரட்டு‍வை/ Moratuwa
1-1-33-020,020,සොයියාපුර  දකුණ,‎சொய்சாபுர ‎‎தெற்கு,Soysapura South,548B,1: බස්නාහිර/ மேற்கு/ Western,1: කොළඹ/ ‎கொழும்பு/ Colombo,33: මොරටුව/ மொரட்டு‍வை/ Moratuwa
1-1-33-025,025,දහම්පුර,தஹம்புர,Dahampura,548C,1: බස්නාහිර/ மேற்கு/ Western,1: කොළඹ/ ‎கொழும்பு/ Colombo,33: මොරටුව/ மொரட்டு‍வை/ Moratuwa
1-1-33-030,030,‍තෙලවල උතුර,‎தெளவல வடக்கு,Thelawala North,549B,1: බස්නාහිර/ மேற்கு/ Western,1: කොළඹ/ ‎கொழும்பு/ Colombo,33: මොරටුව/ மொரட்டு‍வை/ Moratuwa
1-1-33-035,035,බොරුපණ,‎பொருபண,Borupana,549A,1: බස්නාහිර/ மேற்கு/ Western,1: කොළඹ/ ‎கொழும்பு/ Colombo,33: මොරටුව/ மொரட்டு‍வை/ Moratuwa
1-1-33-040,040,තෙල්වල දකුණ,‎தெளவல  ‎தெற்கு,Thelawala South,549,1: බස්නාහිර/ மேற்கு/ Western,1: කොළඹ/ ‎கொழும்பு/ Colombo,33: මොරටුව/ மொரட்டு‍வை/ Moratuwa
1-1-33-045,045,ලක්ෂපතිය  උතුර,லக்க்ஷபதிய வடக்கு,Lakshapathiya North,550A,1: බස්නාහිර/ மேற்கு/ Western,1: කොළඹ/ ‎கொழும்பு/ Colombo,33: මොරටුව/ மொரட்டு‍வை/ Moratuwa
1-1-33-050,050,ලක්ෂපතිය   මධ්‍යම,லக்க்ஷபதிய மத்திய,Lakshapathiya Central,550B,1: බස්නාහිර/ மேற்கு/ Western,1: කොළඹ/ ‎கொழும்பு/ Colombo,33: මොරටුව/ மொரட்டு‍வை/ Moratuwa
1-1-33-055,055,අඟුලාන දකුණ,அங்குலாண ‎தெற்கு,Angulana South,547A,1: බස්නාහිර/ மேற்கு/ Western,1: කොළඹ/ ‎கொழும்பு/ Colombo,33: මොරටුව/ மொரட்டு‍வை/ Moratuwa
1-1-33-060,060,උයන දකුණ,உயண ‎தெற்கு,Uyana South,552A,1: බස්නාහිර/ மேற்கு/ Western,1: කොළඹ/ ‎கொழும்பு/ Colombo,33: මොරටුව/ மொரட்டு‍வை/ Moratuwa
1-1-33-065,065,උයන    උතුර,உயண வடக்கு,Uyana North,552B,1: බස්නාහිර/ மேற்கு/ Western,1: කොළඹ/ ‎கொழும்பு/ Colombo,33: මොරටුව/ மொரட்டு‍வை/ Moratuwa
1-1-33-070,070,රාවතාවත්ත දකුණ,ராவத்தாவத்த ‎தெற்கு,Rawathawatta South,557B,1: බස්නාහිර/ மேற்கு/ Western,1: කොළඹ/ ‎கொழும்பு/ Colombo,33: මොරටුව/ மொரட்டு‍வை/ Moratuwa
1-1-33-075,075,රාවතාවත්ත නැගෙනහිර,ராவத்தாவத்த கிழக்கு,Rawathawatta East,557,1: බස්නාහිර/ மேற்கு/ Western,1: කොළඹ/ ‎கொழும்பு/ Colombo,33: මොරටුව/ மொரட்டு‍வை/ Moratuwa
1-1-33-080,080,ලක්ෂපතිය දකුණ,லக்க்ஷபதிய ‎தெற்கு,Lakshapathiya South,550,1: බස්නාහිර/ மேற்கு/ Western,1: කොළඹ/ ‎கொழும்பு/ Colombo,33: මොරටුව/ மொரட்டு‍வை/ Moratuwa
1-1-33-085,085,කුඩුවාමුල්ල,கடுவமுள்ள,Kuduwamulla,551B,1: බස්නාහිර/ மேற்கு/ Western,1: කොළඹ/ ‎கொழும்பு/ Colombo,33: මොරටුව/ மொரட்டு‍வை/ Moratuwa
1-1-33-090,090,කටුබැද්ද,கட்டு‎பெத்த,Katubedda,551,1: බස්නාහිර/ மேற்கு/ Western,1: කොළඹ/ ‎கொழும்பு/ Colombo,33: මොරටුව/ மொரட்டு‍வை/ Moratuwa
1-1-33-095,095,මොල්පේ,‍‎‍மோல்‍பே,Molpe,551A,1: බස්නාහිර/ மேற்கு/ Western,1: කොළඹ/ ‎கொழும்பு/ Colombo,33: මොරටුව/ மொரட்டு‍வை/ Moratuwa
1-1-33-100,100,මොරටුමුල්ල උතුර,‎மொறட்டுமுள்ள வடக்கு,Moratumulla North,551C,1: බස්නාහිර/ மேற்கு/ Western,1: කොළඹ/ ‎கொழும்பு/ Colombo,33: මොරටුව/ மொரட்டு‍வை/ Moratuwa
1-1-33-105,105,කඩළාන,கடலாண,Kadalana,558A,1: බස්නාහිර/ மேற்கு/ Western,1: කොළඹ/ ‎கொழும்பு/ Colombo,33: මොරටුව/ மொரட்டு‍வை/ Moratuwa
1-1-33-110,110,රාවතාවත්ත  බටහිර,ராவத்தாவத்த ‍மேற்கு,Rawathawatta West,557A,1: බස්නාහිර/ மேற்கு/ Western,1: කොළඹ/ ‎கொழும்பு/ Colombo,33: මොරටුව/ மொரட்டு‍வை/ Moratuwa
1-1-33-115,115,ඉඩම,இடம,Idama,552,1: බස්නාහිර/ மேற்கு/ Western,1: කොළඹ/ ‎கொழும்பு/ Colombo,33: මොරටුව/ மொரட்டு‍வை/ Moratuwa
1-1-33-120,120,උස්වත්ත,உஸ்வத்த,Uswatta,553C,1: බස්නාහිර/ மேற்கு/ Western,1: කොළඹ/ ‎கொழும்பு/ Colombo,33: මොරටුව/ மொரட்டு‍வை/ Moratuwa
1-1-33-125,125,මොරටුවැල්ල දකුණ,‎மொறட்டுவெள்ள ‎தெற்கு,Moratuwella South,553,1: බස්නාහිර/ மேற்கு/ Western,1: කොළඹ/ ‎கொழும்பு/ Colombo,33: මොරටුව/ மொரட்டு‍வை/ Moratuwa
1-1-33-130,130,ඉඳිබැද්ද බටහිර,இந்தி‎பெத்த ‍மேற்கு,Indibedda West,559,1: බස්නාහිර/ மேற்கு/ Western,1: කොළඹ/ ‎கொழும்பு/ Colombo,33: මොරටුව/ மொரட்டு‍வை/ Moratuwa
1-1-33-135,135,මොරටු මුල්ල   නැ‍‍ගෙනහිර,‎மொறட்டுமுள்ள கிழக்கு,Moratumulla East,558,1: බස්නාහිර/ மேற்கு/ Western,1: කොළඹ/ ‎கொழும்பு/ Colombo,33: මොරටුව/ மொரட்டு‍வை/ Moratuwa
1-1-33-140,140,මොරටුමුල්ල බටහිර,‎மொறட்டுமுள்ள ‍மேற்கு,Moratumulla West,558B,1: බස්නාහිර/ மேற்கு/ Western,1: කොළඹ/ ‎கொழும்பு/ Colombo,33: මොරටුව/ மொரட்டு‍வை/ Moratuwa
1-1-33-145,145,විල්ලෝරාවත්ත   නැගෙනහිර,வில்‎லொறவத்த கிழக்கு,Villorawatta East,560/61,1: බස්නාහිර/ மேற்கு/ Western,1: කොළඹ/ ‎கொழும்பு/ Colombo,33: මොරටුව/ மொரட்டு‍வை/ Moratuwa
1-1-33-150,150,විල්ලෝරාවත්ත  බටහිර,வில்‎லொறவத்த ‍மேற்கு,Villorawatta West,560/61A,1: බස්නාහිර/ மேற்கு/ Western,1: කොළඹ/ ‎கொழும்பு/ Colombo,33: මොරටුව/ மொரட்டு‍வை/ Moratuwa
1-1-33-155,155,ඉඳිබැද්ද නැගෙනහිර,இந்தி‎பெத்த கிழக்கு,Indibedda East,559A,1: බස්නාහිර/ மேற்கு/ Western,1: කොළඹ/ ‎கொழும்பு/ Colombo,33: මොරටුව/ மொரட்டு‍வை/ Moratuwa
1-1-33-160,160,මොරටුවැල්ල උතුර,‎மொறட்டு‎வெல வடக்கு,Moratuwella North,553A,1: බස්නාහිර/ மேற்கு/ Western,1: කොළඹ/ ‎கொழும்பு/ Colombo,33: මොරටුව/ மொரட்டு‍வை/ Moratuwa
1-1-33-165,165,මොරටුවැල්ල බටහිර,‎மொறட்டு‎வெல ‍மேற்கு,Moratuwella West,553B,1: බස්නාහිර/ மேற்கு/ Western,1: කොළඹ/ ‎கொழும்பு/ Colombo,33: මොරටුව/ மொரட்டு‍வை/ Moratuwa
1-1-33-170,170,කොරළවැල්ල උතුර,‍‎‍கோறல‎வெள வடக்கு,Koralawella North,554,1: බස්නාහිර/ மேற்கு/ Western,1: කොළඹ/ ‎கொழும்பு/ Colombo,33: මොරටුව/ மொரட்டு‍வை/ Moratuwa
1-1-33-175,175,කොරළවැල්ල නැගෙනහිර,‍‎‍கோறல‎வெள கிழக்கு,Koralawella East,554B,1: බස්නාහිර/ மேற்கு/ Western,1: කොළඹ/ ‎கொழும்பு/ Colombo,33: මොරටුව/ மொரட்டு‍வை/ Moratuwa
1-1-33-180,180,කොරළවැල්ල  බටහිර,‍‎‍கோறல‎வெள ‍மேற்கு,Koralawella West,554C,1: බස්නාහිර/ மேற்கு/ Western,1: කොළඹ/ ‎கொழும்பு/ Colombo,33: මොරටුව/ மொரட்டு‍வை/ Moratuwa
1-1-33-185,185,කොරළවැල්ල දකුණ,‍‎‍கோறல‎வெள ‎தெற்கு,Koralawella South,554A,1: බස්නාහිර/ மேற்கு/ Western,1: කොළඹ/ ‎கொழும்பு/ Colombo,33: මොරටුව/ மொரட்டு‍வை/ Moratuwa
1-1-33-190,190,කටුකුරුන්ද උතුර,கட்டுகுருந்த வடக்கு,Katukurunda North,555,1: බස්නාහිර/ மேற்கு/ Western,1: කොළඹ/ ‎கொழும்பு/ Colombo,33: මොරටුව/ மொரட்டு‍வை/ Moratuwa
1-1-33-195,195,කටුකුරුන්ද දකුණ,கட்டுகுருந்த ‎தெற்கு,Katukurunda South,555A,1: බස්නාහිර/ மேற்கு/ Western,1: කොළඹ/ ‎கொழும்பு/ Colombo,33: මොරටුව/ மொரட்டு‍வை/ Moratuwa
1-1-33-200,200,එගොඩ උයන උතුර,எ‎கொட உயண வடக்கு,Egoda Uyana North,556,1: බස්නාහිර/ மேற்கு/ Western,1: කොළඹ/ ‎கொழும்பு/ Colombo,33: මොරටුව/ மொரட்டு‍வை/ Moratuwa
1-1-33-205,205,එගොඩ උයන මධ්‍යම,மத்திய எ‎கொட உயண,Egoda Uyana Central,556A,1: බස්නාහිර/ மேற்கு/ Western,1: කොළඹ/ ‎கொழும்பு/ Colombo,33: මොරටුව/ மொரட்டு‍வை/ Moratuwa
1-1-33-210,210,එගොඩ උයන දකුණ,எ‎கொட உயண ‎தெற்கு,Egoda Uyana South,556B,1: බස්නාහිර/ மேற்கு/ Western,1: කොළඹ/ ‎கொழும்பு/ Colombo,33: මොරටුව/ மொரட்டு‍வை/ Moratuwa
1-1-36-005,005,පැපිලියාන බටහිර,‎பெப்பிலியாண ‍மேற்கு,Pepiliyana West,535,1: බස්නාහිර/ மேற்கு/ Western,1: කොළඹ/ ‎கொழும்பு/ Colombo,36: කැස්බෑව/ ‎கெஸ்‍‍பே‍வை/ Kesbewa
1-1-36-010,010,පැපිලියාන නැගෙනහිර,‎பெப்பிலியாண கிழக்கு,Pepiliyana East,535C,1: බස්නාහිර/ மேற்கு/ Western,1: කොළඹ/ ‎கொழும்பு/ Colombo,36: කැස්බෑව/ ‎கெஸ்‍‍பே‍வை/ Kesbewa
1-1-36-015,015,දිවුල්පිටිය නැගෙනහිර,திவுள்பிட்டிய கிழக்கு,Divulpitiya East,535D,1: බස්නාහිර/ மேற்கு/ Western,1: කොළඹ/ ‎கொழும்பு/ Colombo,36: කැස්බෑව/ ‎கெஸ்‍‍பே‍வை/ Kesbewa
1-1-36-020,020,දිවුල්පිටිය  බටහිර,திவுள்பிட்டிய ‍மேற்கு,Divulpitiya West,535B,1: බස්නාහිර/ மேற்கு/ Western,1: කොළඹ/ ‎கொழும்பு/ Colombo,36: කැස්බෑව/ ‎கெஸ்‍‍பே‍வை/ Kesbewa
1-1-36-025,025,බෙල්ලන්විල,‎பெல்லண்வில,Bellanvila,535A,1: බස්නාහිර/ மேற்கு/ Western,1: කොළඹ/ ‎கொழும்பு/ Colombo,36: කැස්බෑව/ ‎கெஸ்‍‍பே‍வை/ Kesbewa
1-1-36-030,030,බොරලැස්ගමුව බටහිර ඒ,‎பொரலஸ்கமுவ ‍மேற்கு ' A ',Boralesgamuwa West A,533B,1: බස්නාහිර/ மேற்கு/ Western,1: කොළඹ/ ‎கொழும்பு/ Colombo,36: කැස්බෑව/ ‎கெஸ்‍‍பே‍வை/ Kesbewa
1-1-36-035,035,බොරලැස්ගමුව බටහිර සී,பொரலஸ்கமுவ ‍மேற்கு ' C ',Boralesgamuwa West C,533F,1: බස්නාහිර/ மேற்கு/ Western,1: කොළඹ/ ‎கொழும்பு/ Colombo,36: කැස්බෑව/ ‎கெஸ்‍‍பே‍வை/ Kesbewa
1-1-36-040,040,රත්නපිටිය,இரத்தணபிட்டிய,Rattanapitiya,533A,1: බස්නාහිර/ மேற்கு/ Western,1: කොළඹ/ ‎கொழும்பு/ Colombo,36: කැස්බෑව/ ‎கெஸ்‍‍பே‍வை/ Kesbewa
1-1-36-045,045,එගොඩවත්ත,எ‎கொடவத்த,Egodawatta,533C,1: බස්නාහිර/ மேற்கு/ Western,1: කොළඹ/ ‎கொழும்பு/ Colombo,36: කැස්බෑව/ ‎கெஸ்‍‍பே‍வை/ Kesbewa
1-1-36-050,050,බොරලැස්ගමුව නැගෙනහිර ඒ,பொரலஸ்கமுவ கிழக்கு ' A ',Boralesgamuwa East A,533,1: බස්නාහිර/ மேற்கு/ Western,1: කොළඹ/ ‎கொழும்பு/ Colombo,36: කැස්බෑව/ ‎கெஸ்‍‍பே‍வை/ Kesbewa
1-1-36-055,055,බොරලැස්ගමුව බටහිර බී,பொரலஸ்கமுவ ‍மேற்கு ' B ',Boralesgamuwa West B,533E,1: බස්නාහිර/ மேற்கு/ Western,1: කොළඹ/ ‎கொழும்பு/ Colombo,36: කැස්බෑව/ ‎கெஸ்‍‍பே‍வை/ Kesbewa
1-1-36-060,060,වේරහැර උතුර,‍வேர‍ஹேர வடக்கு,Werahera North,577,1: බස්නාහිර/ மேற்கு/ Western,1: කොළඹ/ ‎கொழும்பு/ Colombo,36: කැස්බෑව/ ‎கெஸ்‍‍பே‍வை/ Kesbewa
1-1-36-065,065,බොරලැස්ගමුව නැගෙනහිර බී,பொரலஸ்கமுவ கிழக்கு ' B ',Boralesgamuwa East B,533D,1: බස්නාහිර/ மேற்கு/ Western,1: කොළඹ/ ‎கொழும்பு/ Colombo,36: කැස්බෑව/ ‎கெஸ்‍‍பே‍வை/ Kesbewa
1-1-36-070,070,නීලම්මහර,நீலம்மஹர,Neelammahara,579,1: බස්නාහිර/ மேற்கு/ Western,1: කොළඹ/ ‎கொழும்பு/ Colombo,36: කැස්බෑව/ ‎கெஸ்‍‍பே‍வை/ Kesbewa
1-1-36-075,075,කටුවාවල   උතුර,கட்டுவாவள வடக்கு,Katuwawala North,578,1: බස්නාහිර/ மேற்கு/ Western,1: කොළඹ/ ‎கொழும்பு/ Colombo,36: කැස්බෑව/ ‎கெஸ்‍‍பே‍வை/ Kesbewa
1-1-36-080,080,විශ්වකලාව,விஷ்வகலாவ,Vishwakalawa,574B,1: බස්නාහිර/ மேற்கு/ Western,1: කොළඹ/ ‎கொழும்பு/ Colombo,36: කැස්බෑව/ ‎கெஸ்‍‍பே‍வை/ Kesbewa
1-1-36-085,085,වේරහැර දකුණ,‍வேர‍ஹேர ‎தெற்கு,Werahera South,577A,1: බස්නාහිර/ மேற்கு/ Western,1: කොළඹ/ ‎கொழும்பு/ Colombo,36: කැස්බෑව/ ‎கெஸ்‍‍பே‍வை/ Kesbewa
1-1-36-090,090,කටුවාවල දකුණ,கட்டுவாவள ‎தெற்கு,Katuwawala South,578A,1: බස්නාහිර/ மேற்கு/ Western,1: කොළඹ/ ‎கொழும்பு/ Colombo,36: කැස්බෑව/ ‎கெஸ்‍‍பே‍வை/ Kesbewa
1-1-36-095,095,නිවන්තිඩිය,நிவந்திடிய,Niwanthidiya,580A,1: බස්නාහිර/ மேற்கு/ Western,1: කොළඹ/ ‎கொழும்பு/ Colombo,36: කැස්බෑව/ ‎கெஸ்‍‍பே‍வை/ Kesbewa
1-1-36-100,100,ඇරැව්වල   බටහිර,எ‎ரெவ்வள ‍மேற்கு,Erewwala West,581A,1: බස්නාහිර/ மேற்கு/ Western,1: කොළඹ/ ‎கொழும்பு/ Colombo,36: කැස්බෑව/ ‎கெஸ்‍‍பே‍வை/ Kesbewa
1-1-36-105,105,ඇරැව්වල  උතුර,எ‎ரெவ்வள வடக்கு,Erewwala North,581D,1: බස්නාහිර/ மேற்கு/ Western,1: කොළඹ/ ‎கொழும்பு/ Colombo,36: කැස්බෑව/ ‎கெஸ்‍‍பே‍வை/ Kesbewa
1-1-36-110,110,ඇරැව්වල නැගෙනහිර,எ‎ரெவ்வள கிழக்கு,Erewwala East,581,1: බස්නාහිර/ மேற்கு/ Western,1: කොළඹ/ ‎கொழும்பு/ Colombo,36: කැස්බෑව/ ‎கெஸ்‍‍பே‍வை/ Kesbewa
1-1-36-115,115,රත්මල්දෙනිය,ரத்மல்‎தெணிய,Rathmaldeniya,581C,1: බස්නාහිර/ மேற்கு/ Western,1: කොළඹ/ ‎கொழும்பு/ Colombo,36: කැස්බෑව/ ‎கெஸ்‍‍பே‍வை/ Kesbewa
1-1-36-120,120,මහල්වරාව,‎மஹல்வரவ,Mahalwarawa,581E,1: බස්නාහිර/ மேற்கு/ Western,1: කොළඹ/ ‎கொழும்பு/ Colombo,36: කැස්බෑව/ ‎கெஸ்‍‍பே‍வை/ Kesbewa
1-1-36-125,125,බංගලාවත්ත,பங்கலாவத்த,Bangalawatta,581B,1: බස්නාහිර/ மேற்கு/ Western,1: කොළඹ/ ‎கொழும்பு/ Colombo,36: කැස්බෑව/ ‎கெஸ்‍‍பே‍வை/ Kesbewa
1-1-36-130,130,පැලන්වත්ත නැගෙනහිර,‎பெ‎லெண்வத்த கிழக்கு,Pelenwatta East,582B,1: බස්නාහිර/ மேற்கு/ Western,1: කොළඹ/ ‎கொழும்பு/ Colombo,36: කැස්බෑව/ ‎கெஸ்‍‍பே‍வை/ Kesbewa
1-1-36-135,135,පැලන්වත්ත  උතුර,‎பெ‎லெண்வத்த வடக்கு,Pelenwatta North,582,1: බස්නාහිර/ மேற்கு/ Western,1: කොළඹ/ ‎கொழும்பு/ Colombo,36: කැස්බෑව/ ‎கெஸ்‍‍பே‍வை/ Kesbewa
1-1-36-140,140,පැලන්වත්ත බටහිර,‎பெ‎லெண்வத்த ‍மேற்கு,Pelenwatta West,582A,1: බස්නාහිර/ மேற்கு/ Western,1: කොළඹ/ ‎கொழும்பு/ Colombo,36: කැස්බෑව/ ‎கெஸ்‍‍பே‍வை/ Kesbewa
1-1-36-145,145,පලිගෙදර,‎‎பலி‎கெதர,Paligedara,583A,1: බස්නාහිර/ மேற்கு/ Western,1: කොළඹ/ ‎கொழும்பு/ Colombo,36: කැස්බෑව/ ‎கெஸ்‍‍பே‍வை/ Kesbewa
1-1-36-150,150,කළියම්මහර,காலியம்மஹர,Kaliyammahara,580,1: බස්නාහිර/ மேற்கு/ Western,1: කොළඹ/ ‎கொழும்பு/ Colombo,36: කැස්බෑව/ ‎கெஸ்‍‍பே‍வை/ Kesbewa
1-1-36-155,155,බෝකුන්දර,‍‎‍போகுந்தர,Bokundara,575,1: බස්නාහිර/ மேற்கு/ Western,1: කොළඹ/ ‎கொழும்பு/ Colombo,36: කැස්බෑව/ ‎கெஸ்‍‍பே‍வை/ Kesbewa
1-1-36-160,160,තුම්බෝවිල දකුණ,தும்‍போவில ‎தெற்கு,Thumbovila South,576B,1: බස්නාහිර/ மேற்கு/ Western,1: කොළඹ/ ‎கொழும்பு/ Colombo,36: කැස්බෑව/ ‎கெஸ்‍‍பே‍வை/ Kesbewa
1-1-36-165,165,තුම්බෝවිල  උතුර,தும்‍போவில வடக்கு,Thumbovila North,576A,1: බස්නාහිර/ மேற்கு/ Western,1: කොළඹ/ ‎கொழும்பு/ Colombo,36: කැස්බෑව/ ‎கெஸ்‍‍பே‍வை/ Kesbewa
1-1-36-170,170,වෑවල   බටහිර,‍‎‍வேவள ‍மேற்கு,Wewala West,562B,1: බස්නාහිර/ மேற்கு/ Western,1: කොළඹ/ ‎கொழும்பு/ Colombo,36: කැස්බෑව/ ‎கெஸ்‍‍பே‍வை/ Kesbewa
1-1-36-175,175,වෑවල  නැගෙනහිර,‍‎‍வேவள கிழக்கு,Wewala East,562,1: බස්නාහිර/ மேற்கு/ Western,1: කොළඹ/ ‎கொழும்பு/ Colombo,36: කැස්බෑව/ ‎கெஸ்‍‍பே‍வை/ Kesbewa
1-1-36-180,180,තුම්බෝවිල   බටහිර,தும்‍போவில ‍மேற்கு,Thumbovila West,576,1: බස්නාහිර/ மேற்கு/ Western,1: කොළඹ/ ‎கொழும்பு/ Colombo,36: කැස්බෑව/ ‎கெஸ்‍‍பே‍வை/ Kesbewa
1-1-36-185,185,මාම්පේ  උතුර,மாம்‍பே வடக்கு,Mampe North,574A,1: බස්නාහිර/ மேற்கு/ Western,1: කොළඹ/ ‎கொழும்பு/ Colombo,36: කැස්බෑව/ ‎கெஸ்‍‍பே‍வை/ Kesbewa
1-1-36-190,190,මකුළුදූව,மகுளுதூவ,Makuludoowa,583,1: බස්නාහිර/ மேற்கு/ Western,1: කොළඹ/ ‎கொழும்பு/ Colombo,36: කැස්බෑව/ ‎கெஸ்‍‍பே‍வை/ Kesbewa
1-1-36-195,195,ගොරකපිටිය,‎கொரகாபிட்டிய,Gorakapitiya,584,1: බස්නාහිර/ மேற்கு/ Western,1: කොළඹ/ ‎கொழும்பு/ Colombo,36: කැස්බෑව/ ‎கெஸ்‍‍பே‍வை/ Kesbewa
1-1-36-200,200,නාම්පමුණුව,நாம்பமுணுவ,Nampamunuwa,584A,1: බස්නාහිර/ மேற்கு/ Western,1: කොළඹ/ ‎கொழும்பு/ Colombo,36: කැස්බෑව/ ‎கெஸ்‍‍பே‍வை/ Kesbewa
1-1-36-205,205,මාවිත්තර උතුර,மாவித்தர வடக்கு,Mavittara North,586A,1: බස්නාහිර/ மேற்கு/ Western,1: කොළඹ/ ‎கொழும்பு/ Colombo,36: කැස්බෑව/ ‎கெஸ்‍‍பே‍வை/ Kesbewa
1-1-36-210,210,මාම්පේ නැගෙනහිර,மாம்‍பே கிழக்கு,Mampe East,574D,1: බස්නාහිර/ மேற்கு/ Western,1: කොළඹ/ ‎கொழும்பு/ Colombo,36: කැස්බෑව/ ‎கெஸ்‍‍பே‍வை/ Kesbewa
1-1-36-215,215,බෝධිරාජපුර,‍‎‍போதிராஜபுர,Bodhirajapura,577B,1: බස්නාහිර/ மேற்கு/ Western,1: කොළඹ/ ‎கொழும்பு/ Colombo,36: කැස්බෑව/ ‎கெஸ்‍‍பே‍வை/ Kesbewa
1-1-36-220,220,මාම්පේ  බටහිර,மாம்‍பே ‍மேற்கு,Mampe West,574,1: බස්නාහිර/ மேற்கு/ Western,1: කොළඹ/ ‎கொழும்பு/ Colombo,36: කැස්බෑව/ ‎கெஸ்‍‍பே‍வை/ Kesbewa
1-1-36-225,225,මාම්පේ  දකුණ,மாம்‍பே ‎‎தெற்கு,Mampe South,574C,1: බස්නාහිර/ மேற்கு/ Western,1: කොළඹ/ ‎கொழும்பு/ Colombo,36: කැස්බෑව/ ‎கெஸ்‍‍பே‍வை/ Kesbewa
1-1-36-230,230,කොළමුන්න,‎கொளமுண்ண,Kolamunna,563/73A,1: බස්නාහිර/ மேற்கு/ Western,1: කොළඹ/ ‎கொழும்பு/ Colombo,36: කැස්බෑව/ ‎கெஸ்‍‍பே‍வை/ Kesbewa
1-1-36-235,235,සුවාරපොළ නැගෙනහිර,சுவர‎பொல கிழக்கு,Suwarapola East,562A,1: බස්නාහිර/ மேற்கு/ Western,1: කොළඹ/ ‎கொழும்பு/ Colombo,36: කැස්බෑව/ ‎கெஸ்‍‍பே‍வை/ Kesbewa
1-1-36-240,240,සුවාරපොළ බටහිර,சுவர‎பொல ‍மேற்கு,Suwarapola West,562C,1: බස්නාහිර/ மேற்கு/ Western,1: කොළඹ/ ‎கொழும்பு/ Colombo,36: කැස්බෑව/ ‎கெஸ்‍‍பே‍வை/ Kesbewa
1-1-36-245,245,හැඩිගම,‎ஹெதிகம,Hedigama,563/73,1: බස්නාහිර/ மேற்கு/ Western,1: කොළඹ/ ‎கொழும்பு/ Colombo,36: කැස්බෑව/ ‎கெஸ்‍‍பே‍வை/ Kesbewa
1-1-36-250,250,බටකැත්තර උතුර,பட்ட‎கெத்தர வடக்கு,Batakettara North,565,1: බස්නාහිර/ மேற்கு/ Western,1: කොළඹ/ ‎கொழும்பு/ Colombo,36: කැස්බෑව/ ‎கெஸ்‍‍பே‍வை/ Kesbewa
1-1-36-255,255,කැසබෑව උතුර,‎கெஸ்‍பேவ வடக்கு,Kesbewa North,572,1: බස්නාහිර/ மேற்கு/ Western,1: කොළඹ/ ‎கொழும்பு/ Colombo,36: කැස්බෑව/ ‎கெஸ்‍‍பே‍வை/ Kesbewa
1-1-36-260,260,කැස්බෑව නැගෙනහිර,‎கெஸ்‍பேவ கிழக்கு,Kesbewa East,572B,1: බස්නාහිර/ மேற்கு/ Western,1: කොළඹ/ ‎கொழும்பு/ Colombo,36: කැස්බෑව/ ‎கெஸ்‍‍பே‍வை/ Kesbewa
1-1-36-265,265,මාවිත්තර   දකුණ,மாவித்தர ‎தெற்கு,Mavittara South,586,1: බස්නාහිර/ மேற்கு/ Western,1: කොළඹ/ ‎கொழும்பு/ Colombo,36: කැස්බෑව/ ‎கெஸ்‍‍பே‍வை/ Kesbewa
1-1-36-270,270,හොන්නන්තර උතුර,‎ஹொன்னன்தர வடக்கு,Honnanthara North,585,1: බස්නාහිර/ மேற்கு/ Western,1: කොළඹ/ ‎கொழும்பு/ Colombo,36: කැස්බෑව/ ‎கெஸ்‍‍பே‍வை/ Kesbewa
1-1-36-275,275,හොන්නන්තර දකුණ,‎ஹொண்ணண்தர ‎தெற்கு,Honnanthara South,585A,1: බස්නාහිර/ மேற்கு/ Western,1: කොළඹ/ ‎கொழும்பு/ Colombo,36: කැස්බෑව/ ‎கெஸ்‍‍பே‍வை/ Kesbewa
1-1-36-280,280,මාකන්දන  නැගෙනහිර,மாகந்தண கிழக்கு,Makandana East,569,1: බස්නාහිර/ மேற்கு/ Western,1: කොළඹ/ ‎கொழும்பு/ Colombo,36: කැස්බෑව/ ‎கெஸ்‍‍பே‍வை/ Kesbewa
1-1-36-285,285,කැස්බෑව දකුණ,‎கெஸ்‍பேவ ‎தெற்கு,Kesbewa South,572A,1: බස්නාහිර/ மேற்கு/ Western,1: කොළඹ/ ‎கொழும்பு/ Colombo,36: කැස්බෑව/ ‎கெஸ்‍‍பே‍வை/ Kesbewa
1-1-36-290,290,බටකැත්තර   දකුණ,பட்ட‎கெத்தர ‎தெற்கு,Batakettara South,565A,1: බස්නාහිර/ மேற்கு/ Western,1: කොළඹ/ ‎கொழும்பு/ Colombo,36: කැස්බෑව/ ‎கெஸ்‍‍பே‍வை/ Kesbewa
1-1-36-295,295,මඩපාත,மடபாத்த,Madapatha,567,1: බස්නාහිර/ மேற்கு/ Western,1: කොළඹ/ ‎கொழும்பு/ Colombo,36: කැස්බෑව/ ‎கெஸ்‍‍பே‍வை/ Kesbewa
1-1-36-300,300,‍දැල්තර   බටහිර,‎தெல்தர ‍மேற்கு,Delthara West,564,1: බස්නාහිර/ மேற்கு/ Western,1: කොළඹ/ ‎கொழும்பு/ Colombo,36: කැස්බෑව/ ‎கெஸ்‍‍பே‍வை/ Kesbewa
1-1-36-305,305,‍දැල්තර  නැගෙනහිර,‎தெல்தர கிழக்கு,Delthara East,564A,1: බස්නාහිර/ மேற்கு/ Western,1: කොළඹ/ ‎கொழும்பு/ Colombo,36: කැස්බෑව/ ‎கெஸ்‍‍பே‍வை/ Kesbewa
1-1-36-310,310,දාම්පේ,தம்‍பே,Dampe,566,1: බස්නාහිර/ மேற்கு/ Western,1: කොළඹ/ ‎கொழும்பு/ Colombo,36: කැස්බෑව/ ‎கெஸ்‍‍பே‍வை/ Kesbewa
1-1-36-315,315,මාකන්දන   බටහිර,மாகந்தண ‍மேற்கு,Makandana West,569A,1: බස්නාහිර/ மேற்கு/ Western,1: කොළඹ/ ‎கொழும்பு/ Colombo,36: කැස්බෑව/ ‎கெஸ்‍‍பே‍வை/ Kesbewa
1-1-36-320,320,නිවුන්ගම,நிவுண்கம,Nivungama,568A,1: බස්නාහිර/ மேற்கு/ Western,1: කොළඹ/ ‎கொழும்பு/ Colombo,36: කැස්බෑව/ ‎கெஸ்‍‍பே‍வை/ Kesbewa
1-1-36-325,325,හල්පිට,ஹல்பிட,Halpita,570/71,1: බස්නාහිර/ மேற்கு/ Western,1: කොළඹ/ ‎கொழும்பு/ Colombo,36: කැස්බෑව/ ‎கெஸ்‍‍பே‍வை/ Kesbewa
1-1-36-330,330,හොරතුඩුව,‍‍‎‍‎ஹொரதுடுவ,Horathuduwa,570/71A,1: බස්නාහිර/ மேற்கு/ Western,1: කොළඹ/ ‎கொழும்பு/ Colombo,36: කැස්බෑව/ ‎கெஸ்‍‍பே‍வை/ Kesbewa
1-1-36-335,335,මො‍රැඳ,‎மொ‎ரெந்த,Morenda,568,1: බස්නාහිර/ மேற்கு/ Western,1: කොළඹ/ ‎கொழும்பு/ Colombo,36: කැස්බෑව/ ‎கெஸ்‍‍பே‍வை/ Kesbewa
1-1-36-340,340,බටුවන්දර  උතුර,பட்டுவந்தர வடக்கு,Batuwandara North,596,1: බස්නාහිර/ மேற்கு/ Western,1: කොළඹ/ ‎கொழும்பு/ Colombo,36: කැස්බෑව/ ‎கெஸ்‍‍பே‍வை/ Kesbewa
1-1-36-345,345,බටුවන්දර    දකුණ,பட்டுவந்தர ‎தெற்கு,Batuwandara South,596A,1: බස්නාහිර/ மேற்கு/ Western,1: කොළඹ/ ‎கொழும்பு/ Colombo,36: කැස්බෑව/ ‎கெஸ்‍‍பே‍வை/ Kesbewa
1-1-36-350,350,ජඹුරලිය,ஜம்பு‎ரெலிய,Jamburaliya,597,1: බස්නාහිර/ மேற்கு/ Western,1: කොළඹ/ ‎கொழும்பு/ Colombo,36: කැස්බෑව/ ‎கெஸ்‍‍பே‍வை/ Kesbewa
1-1-36-355,355,පොල්හේන,‎பொல்‍ஹேண,Polhena,598B,1: බස්නාහිර/ மேற்கு/ Western,1: කොළඹ/ ‎கொழும்பு/ Colombo,36: කැස්බෑව/ ‎கெஸ்‍‍பே‍வை/ Kesbewa
1-1-36-360,360,රෙජිඩේල්වත්ත,‎ரெஜி‎தெல் வத்த,Regidel Watta,598A,1: බස්නාහිර/ மேற்கு/ Western,1: කොළඹ/ ‎கொழும்பு/ Colombo,36: කැස්බෑව/ ‎கெஸ்‍‍பே‍வை/ Kesbewa
1-1-36-365,365,කහපොල,கஹ‎பொல,Kahapola,598,1: බස්නාහිර/ மேற்கு/ Western,1: කොළඹ/ ‎கொழும்பு/ Colombo,36: කැස්බෑව/ ‎கெஸ்‍‍பே‍வை/ Kesbewa
1-1-39-005,005,ගල්කිස්ස,மனிட்லாவனியா,Mount Lavinia,541,1: බස්නාහිර/ மேற்கு/ Western,1: කොළඹ/ ‎கொழும்பு/ Colombo,31: රත්මලාන/ இரத்மழா‍ணை/ Ratmalana
