GN List,,,,,,,,
LIFe Code,GN Code,Name in Sinhala,Name in Tamil,Name in English,MPA Code,Province,District,Divisional Secretariat
5-3-03-005,005,සේවාජනපදය,ஸேவாஜனபதய,Sewajanapadaya,31K,5: නැගෙනහිර/ கிழக்கு/ Eastern,3: ත්‍රිකුණාමලය/ திரு‍கோண‍மலை/ Trincomalee,3: පදවි ශ්‍රි පුර/ பதவி ஸ்ரீ புர/ Padavi Sri Pura
5-3-03-010,010,ගැමුණුපුර,கெமுனுபுர‎,Gemunu Pura,31N,5: නැගෙනහිර/ கிழக்கு/ Eastern,3: ත්‍රිකුණාමලය/ திரு‍கோண‍மலை/ Trincomalee,3: පදවි ශ්‍රි පුර/ பதவி ஸ்ரீ புர/ Padavi Sri Pura
5-3-03-015,015,කාවන්තිස්සපුර,காவந்திஸ்ஸபுர,Kavanthissa Pura,31H,5: නැගෙනහිර/ கிழக்கு/ Eastern,3: ත්‍රිකුණාමලය/ திரு‍கோண‍மலை/ Trincomalee,3: පදවි ශ්‍රි පුර/ பதவி ஸ்ரீ புர/ Padavi Sri Pura
5-3-03-020,020,ලස්සනගම,லஸ்ஸனகம,Lassana Gama,31P,5: නැගෙනහිර/ கிழக்கு/ Eastern,3: ත්‍රිකුණාමලය/ திரு‍கோண‍மலை/ Trincomalee,3: පදවි ශ්‍රි පුර/ பதவி ஸ்ரீ புர/ Padavi Sri Pura
5-3-03-025,025,සිංහපුර,ஸிங்ஹபுர,Singhapura,31J,5: නැගෙනහිර/ கிழக்கு/ Eastern,3: ත්‍රිකුණාමලය/ திரு‍கோண‍மலை/ Trincomalee,3: පදවි ශ්‍රි පුර/ பதவி ஸ்ரீ புர/ Padavi Sri Pura
5-3-03-030,030,පරණමැදවච්චිය,பரணமெதவச்சிய,Paranamedawachchiya,31F,5: නැගෙනහිර/ கிழக்கு/ Eastern,3: ත්‍රිකුණාමලය/ திரு‍கோண‍மலை/ Trincomalee,3: පදවි ශ්‍රි පුර/ பதவி ஸ்ரீ புர/ Padavi Sri Pura
5-3-03-035,035,සමන්පුර,ஸமன்புர,Samanpura,31M,5: නැගෙනහිර/ கிழக்கு/ Eastern,3: ත්‍රිකුණාමලය/ திரு‍கோண‍மலை/ Trincomalee,3: පදවි ශ්‍රි පුර/ பதவி ஸ்ரீ புர/ Padavi Sri Pura
5-3-03-040,040,ශ්‍රී තිස්සපුර,ஸ்ரீ திஸ்ஸபுர,Sri Thissapura,31L,5: නැගෙනහිර/ கிழக்கு/ Eastern,3: ත්‍රිකුණාමලය/ திரு‍கோண‍மலை/ Trincomalee,3: පදවි ශ්‍රි පුර/ பதவி ஸ்ரீ புர/ Padavi Sri Pura
5-3-03-045,045,ශ්‍රි පුර,ஸ்ரீபுர,Sri Pura,31D,5: නැගෙනහිර/ கிழக்கு/ Eastern,3: ත්‍රිකුණාමලය/ திரு‍கோண‍மலை/ Trincomalee,3: පදවි ශ්‍රි පුර/ பதவி ஸ்ரீ புர/ Padavi Sri Pura
5-3-03-050,050,ජයන්තිවැව,ஜயந்திவெவ,Jayanthi Wewa,31I,5: නැගෙනහිර/ கிழக்கு/ Eastern,3: ත්‍රිකුණාමලය/ திரு‍கோண‍மலை/ Trincomalee,3: පදවි ශ්‍රි පුර/ பதவி ஸ்ரீ புர/ Padavi Sri Pura
5-3-06-005,005,තෙන්නමරවාඩි,தென்னமரவடி,Thennamaravadi,31E,5: නැගෙනහිර/ கிழக்கு/ Eastern,3: ත්‍රිකුණාමලය/ திரு‍கோண‍மலை/ Trincomalee,6: කුච්චවේලි/ குச்ச‍வேலி/ Kuchchaveli
5-3-06-010,010,පුල්ලමුඩෙයි 03,புல்மோட்டை03,Pulmoddai 03,31G,5: නැගෙනහිර/ கிழக்கு/ Eastern,3: ත්‍රිකුණාමලය/ திரு‍கோண‍மலை/ Trincomalee,6: කුච්චවේලි/ குச்ச‍வேலி/ Kuchchaveli
5-3-06-015,015,පුල්ලමුඩෙයි 02,புல்மோட்டை 02,Pulmoddai 02,31H,5: නැගෙනහිර/ கிழக்கு/ Eastern,3: ත්‍රිකුණාමලය/ திரு‍கோண‍மலை/ Trincomalee,6: කුච්චවේලි/ குச்ச‍வேலி/ Kuchchaveli
5-3-06-020,020,පුල්ලමුඩෙයි 01,புல்மோட்டை 01,Pulmoddai 01,31I,5: නැගෙනහිර/ கிழக்கு/ Eastern,3: ත්‍රිකුණාමලය/ திரு‍கோண‍மலை/ Trincomalee,6: කුච්චවේලි/ குச்ச‍வேலி/ Kuchchaveli
5-3-06-025,025,පුල්ලමුඩෙයි 04,புல்மோட்டை 04,Pulmoddai 04,31J,5: නැගෙනහිර/ கிழக்கு/ Eastern,3: ත්‍රිකුණාමලය/ திரு‍கோண‍மலை/ Trincomalee,6: කුච්චවේලි/ குச்ச‍வேலி/ Kuchchaveli
5-3-06-030,030,තිරියායි,திரியாய்,Thiriyai,237,5: නැගෙනහිර/ கிழக்கு/ Eastern,3: ත්‍රිකුණාමලය/ திரு‍கோண‍மலை/ Trincomalee,6: කුච්චවේලි/ குச்ச‍வேலி/ Kuchchaveli
5-3-06-035,035,සෙන්තූර්,செந்தூர்,Senthoor,237B,5: නැගෙනහිර/ கிழக்கு/ Eastern,3: ත්‍රිකුණාමලය/ திரு‍கோண‍மலை/ Trincomalee,6: කුච්චවේලි/ குச்ச‍வேலி/ Kuchchaveli
5-3-06-040,040,කට්ටු කුලම්,கட்டுக்குளம்,Kaddu kulam,237C,5: නැගෙනහිර/ கிழக்கு/ Eastern,3: ත්‍රිකුණාමලය/ திரு‍கோண‍மலை/ Trincomalee,6: කුච්චවේලි/ குச்ச‍வேலி/ Kuchchaveli
5-3-06-045,045,කල්ලම්පත්තයි,கல்லம்பத்தை,Kallampaththai,237D,5: නැගෙනහිර/ கிழக்கு/ Eastern,3: ත්‍රිකුණාමලය/ திரு‍கோண‍மலை/ Trincomalee,6: කුච්චවේලි/ குச்ச‍வேலி/ Kuchchaveli
5-3-06-050,050,කුච්චවෙලි,குச்சவெளி,Kuchchaveli,239,5: නැගෙනහිර/ கிழக்கு/ Eastern,3: ත්‍රිකුණාමලය/ திரு‍கோண‍மலை/ Trincomalee,6: කුච්චවේලි/ குச்ச‍வேலி/ Kuchchaveli
5-3-06-055,055,ඉරණයික්කේණී,இரணைக்கேணி,Iranaikkeni,239A,5: නැගෙනහිර/ கிழக்கு/ Eastern,3: ත්‍රිකුණාමලය/ திரு‍கோண‍மலை/ Trincomalee,6: කුච්චවේලි/ குச்ச‍வேலி/ Kuchchaveli
5-3-06-060,060,වීරංචෝලයි,வீரன்சோலை,Veerancholai,239B,5: නැගෙනහිර/ கிழக்கு/ Eastern,3: ත්‍රිකුණාමලය/ திரு‍கோண‍மலை/ Trincomalee,6: කුච්චවේලි/ குச்ச‍வேலி/ Kuchchaveli
5-3-06-065,065,ජයා නගර්,ஜாயா நகர்,Jaya Nagar,239C,5: නැගෙනහිර/ கிழக்கு/ Eastern,3: ත්‍රිකුණාමලය/ திரு‍கோண‍மலை/ Trincomalee,6: කුච්චවේලි/ குச்ச‍வேலி/ Kuchchaveli
5-3-06-070,070,කාසිම් නගර්,காசிம் நகர்,Cassim Nagar,239D,5: නැගෙනහිර/ கிழக்கு/ Eastern,3: ත්‍රිකුණාමලය/ திரு‍கோண‍மலை/ Trincomalee,6: කුච්චවේලි/ குச்ச‍வேலி/ Kuchchaveli
5-3-06-075,075,කුඹුරුපිටිය දකුණ,கும்புறுப்பிட்டி தெற்கு,Kumburupitiya South,240,5: නැගෙනහිර/ கிழக்கு/ Eastern,3: ත්‍රිකුණාමලය/ திரு‍கோண‍மலை/ Trincomalee,6: කුච්චවේලි/ குச்ச‍வேலி/ Kuchchaveli
5-3-06-080,080,කුඹුරුපිටිය උතුර,கும்புறுப்பிட்டி வடக்கு,Kumburupitiya North,240A,5: නැගෙනහිර/ கிழக்கு/ Eastern,3: ත්‍රිකුණාමලය/ திரு‍கோண‍மலை/ Trincomalee,6: කුච්චවේලි/ குச்ச‍வேலி/ Kuchchaveli
5-3-06-085,085,කුඹුරුපිටිය නැගෙනහිර,கும்புறுப்பிட்டி கிழக்கு,Kumburupitiya East,240B,5: නැගෙනහිර/ கிழக்கு/ Eastern,3: ත්‍රිකුණාමලය/ திரு‍கோண‍மலை/ Trincomalee,6: කුච්චවේලි/ குச்ச‍வேலி/ Kuchchaveli
5-3-06-090,090,නිලාවෙලී,நிலாவெளி,Nilaveli,241,5: නැගෙනහිර/ கிழக்கு/ Eastern,3: ත්‍රිකුණාමලය/ திரு‍கோண‍மலை/ Trincomalee,6: කුච්චවේලි/ குச்ச‍வேலி/ Kuchchaveli
5-3-06-095,095,ඉරක්කණ්ඩි,இறக்கண்டி,Irakkandy,241A,5: නැගෙනහිර/ கிழக்கு/ Eastern,3: ත්‍රිකුණාමලය/ திரு‍கோண‍மலை/ Trincomalee,6: කුච්චවේලි/ குச்ச‍வேலி/ Kuchchaveli
5-3-06-100,100,ගෝපාල පුරම්,கோபாலபுரம்,Gopalapuram,241B,5: නැගෙනහිර/ கிழக்கு/ Eastern,3: ත්‍රිකුණාමලය/ திரு‍கோண‍மலை/ Trincomalee,6: කුච්චවේලි/ குச்ச‍வேலி/ Kuchchaveli
5-3-06-105,105,වේලුර්,வேலூர்,Veloor,241C,5: නැගෙනහිර/ கிழக்கு/ Eastern,3: ත්‍රිකුණාමලය/ திரு‍கோண‍மலை/ Trincomalee,6: කුච්චවේලි/ குச்ச‍வேலி/ Kuchchaveli
5-3-06-110,110,ඉක්බාල් නගරය,இக்பால் நகர்,Iqbal Nagar,241D,5: නැගෙනහිර/ கிழக்கு/ Eastern,3: ත්‍රිකුණාමලය/ திரு‍கோண‍மலை/ Trincomalee,6: කුච්චවේලි/ குச்ச‍வேலி/ Kuchchaveli
5-3-06-115,115,පෙරියකුලම්,பெரியகுளம்,Periyakulam,241E,5: නැගෙනහිර/ கிழக்கு/ Eastern,3: ත්‍රිකුණාමලය/ திரு‍கோண‍மலை/ Trincomalee,6: කුච්චවේලි/ குச்ச‍வேலி/ Kuchchaveli
5-3-06-120,120,වාලයියුත්තු,வாழையூற்று,Valaiyuttu,241G,5: නැගෙනහිර/ கிழக்கு/ Eastern,3: ත්‍රිකුණාමලය/ திரு‍கோண‍மலை/ Trincomalee,6: කුච්චවේලි/ குச்ச‍வேலி/ Kuchchaveli
5-3-09-005,005,ගෝමරන්කඩවල,‍கோமரண்கடவல,Gomarankadawala,231,5: නැගෙනහිර/ கிழக்கு/ Eastern,3: ත්‍රිකුණාමලය/ திரு‍கோண‍மலை/ Trincomalee,9: ගෝමරන්කඩවල/ ‍கோமரண்கடவல/ Gomarankadawala
5-3-09-010,010,කළ්‍යාණපුර,கல்யாணபுர,Kalyanapura,231C,5: නැගෙනහිර/ கிழக்கு/ Eastern,3: ත්‍රිකුණාමලය/ திரு‍கோண‍மலை/ Trincomalee,9: ගෝමරන්කඩවල/ ‍கோமரண்கடவல/ Gomarankadawala
5-3-09-015,015,ගල්කඩවල,கல்கடவல,Galkadawala,232,5: නැගෙනහිර/ கிழக்கு/ Eastern,3: ත්‍රිකුණාමලය/ திரு‍கோண‍மலை/ Trincomalee,9: ගෝමරන්කඩවල/ ‍கோமரண்கடவல/ Gomarankadawala
5-3-09-020,020,පඹුරුගස්වැව,பம்புருகச்வெவ,Pamburugaswewa,232A,5: නැගෙනහිර/ கிழக்கு/ Eastern,3: ත්‍රිකුණාමලය/ திரு‍கோண‍மலை/ Trincomalee,9: ගෝමරන්කඩවල/ ‍கோமரண்கடவல/ Gomarankadawala
5-3-09-025,025,කන්දමලාව,கந்தமலாவ,Kandamalawa,232B,5: නැගෙනහිර/ கிழக்கு/ Eastern,3: ත්‍රිකුණාමලය/ திரு‍கோண‍மலை/ Trincomalee,9: ගෝමරන්කඩවල/ ‍கோமரண்கடவல/ Gomarankadawala
5-3-09-030,030,මැදවච්චිය,மதவாச்சிய,Madawachchiya,233,5: නැගෙනහිර/ கிழக்கு/ Eastern,3: ත්‍රිකුණාමලය/ திரு‍கோண‍மலை/ Trincomalee,9: ගෝමරන්කඩවල/ ‍கோமரண்கடவல/ Gomarankadawala
5-3-09-035,035,කිවුලකඩවෙල,கிவுலகடவல,Kivulakadawela,233A,5: නැගෙනහිර/ கிழக்கு/ Eastern,3: ත්‍රිකුණාමලය/ திரு‍கோண‍மலை/ Trincomalee,9: ගෝමරන්කඩවල/ ‍கோமரண்கடவல/ Gomarankadawala
5-3-09-040,040,පුලිකන්ඩිකුලම,புலியம்குளம,Pulikandykulama,233B,5: නැගෙනහිර/ கிழக்கு/ Eastern,3: ත්‍රිකුණාමලය/ திரு‍கோண‍மலை/ Trincomalee,9: ගෝමරන්කඩවල/ ‍கோமரண்கடவல/ Gomarankadawala
5-3-09-045,045,මයිලවැව,மைலவெவ,Maila Wewa,233C,5: නැගෙනහිර/ கிழக்கு/ Eastern,3: ත්‍රිකුණාමලය/ திரு‍கோண‍மலை/ Trincomalee,9: ගෝමරන්කඩවල/ ‍கோமரண்கடவல/ Gomarankadawala
5-3-09-050,050,බක්මීගම,பக்மீகம,Bakmeegama,233D,5: නැගෙනහිර/ கிழக்கு/ Eastern,3: ත්‍රිකුණාමලය/ திரு‍கோண‍மலை/ Trincomalee,9: ගෝමරන්කඩවල/ ‍கோமரண்கடவல/ Gomarankadawala
5-3-12-005,005,පැණිකැටියාව,பணிகட்டியாவ,Penikatiyawa,230,5: නැගෙනහිර/ கிழக்கு/ Eastern,3: ත්‍රිකුණාමලය/ திரு‍கோண‍மலை/ Trincomalee,12: මොරවැව/ ‎மொற‎வெவ/ Morawewa
5-3-12-010,010,මහතුල්වැව,மஹதிவுல்வெவ,Mahathulwewa,230A,5: නැගෙනහිර/ கிழக்கு/ Eastern,3: ත්‍රිකුණාමලය/ திரு‍கோண‍மலை/ Trincomalee,12: මොරවැව/ ‎மொற‎வெவ/ Morawewa
5-3-12-015,015,මහදිවුල්වැව 11 පියවර,மஹதிவுல்வெவ 2ஆம் படி,Mahadiwul Wewa Stage 02,230B,5: නැගෙනහිර/ கிழக்கு/ Eastern,3: ත්‍රිකුණාමලය/ திரு‍கோண‍மலை/ Trincomalee,12: මොරවැව/ ‎மொற‎வெவ/ Morawewa
5-3-12-020,020,නොච්චිකුලම,நொச்சிகுளம,Nochchikulam,230C,5: නැගෙනහිර/ கிழக்கு/ Eastern,3: ත්‍රිකුණාමලය/ திரு‍கோண‍மலை/ Trincomalee,12: මොරවැව/ ‎மொற‎வெவ/ Morawewa
5-3-12-025,025,මොරවැව දකුණ,மொரவெவ தெற்கு,Morawewa South,231A,5: නැගෙනහිර/ கிழக்கு/ Eastern,3: ත්‍රිකුණාමලය/ திரு‍கோண‍மலை/ Trincomalee,12: මොරවැව/ ‎மொற‎வெவ/ Morawewa
5-3-12-030,030,මොරවැව උතුර,மொரவெவ வடக்கு,Morawewa North,231B,5: නැගෙනහිර/ கிழக்கு/ Eastern,3: ත්‍රිකුණාමලය/ திரு‍கோண‍மலை/ Trincomalee,12: මොරවැව/ ‎மொற‎வெவ/ Morawewa
5-3-12-035,035,අව්වෙයිනගර්,‎அவ்வ நகர்,Awwai Nagar,231G,5: නැගෙනහිර/ கிழக்கு/ Eastern,3: ත්‍රිකුණාමලය/ திரு‍கோண‍மலை/ Trincomalee,12: මොරවැව/ ‎மொற‎வெவ/ Morawewa
5-3-12-040,040,නාමල් වත්ත,நாமல்வத்த,Namalwatta,231D,5: නැගෙනහිර/ கிழக்கு/ Eastern,3: ත්‍රිකුණාමලය/ திரு‍கோண‍மலை/ Trincomalee,12: මොරවැව/ ‎மொற‎வெவ/ Morawewa
5-3-12-045,045,කිතුල් උල්තුව,கித்துலுத்து,Kitul Ultuwa,231E,5: නැගෙනහිර/ கிழக்கு/ Eastern,3: ත්‍රිකුණාමලය/ திரு‍கோண‍மலை/ Trincomalee,12: මොරවැව/ ‎மொற‎வெவ/ Morawewa
5-3-12-050,050,මොරවැව පාන්කුළම,மொரவெவ பான்குளம்,Morawewa Pankulama,231F,5: නැගෙනහිර/ கிழக்கு/ Eastern,3: ත්‍රිකුණාමලය/ திரு‍கோண‍மலை/ Trincomalee,12: මොරවැව/ ‎மொற‎வெவ/ Morawewa
5-3-15-005,005,විල්ගම,வில்கம,Vilgama,243E,5: නැගෙනහිර/ கிழக்கு/ Eastern,3: ත්‍රිකුණාමලය/ திரு‍கோண‍மலை/ Trincomalee,15: ත්‍රිකුණාමලය නගරය හා කඩවත්/ திரு‍கோணமலை நகரம்/ Trincomalee Town and Gravets
5-3-15-010,010,වෙල්වෙරි,வெல்வேரி,Velveri,243Q,5: නැගෙනහිර/ கிழக்கு/ Eastern,3: ත්‍රිකුණාමලය/ திரு‍கோண‍மலை/ Trincomalee,15: ත්‍රිකුණාමලය නගරය හා කඩවත්/ திரு‍கோணமலை நகரம்/ Trincomalee Town and Gravets
5-3-15-015,015,කින්නියා,கன்னியா,Kanniya,243B,5: නැගෙනහිර/ கிழக்கு/ Eastern,3: ත්‍රිකුණාමලය/ திரு‍கோண‍மலை/ Trincomalee,15: ත්‍රිකුණාමලය නගරය හා කඩවත්/ திரு‍கோணமலை நகரம்/ Trincomalee Town and Gravets
5-3-15-020,020,ඉල්ලපයිකුලම්,எலுப்பைக் குளம்,Illapaikulam,242B,5: නැගෙනහිර/ கிழக்கு/ Eastern,3: ත්‍රිකුණාමලය/ திரு‍கோண‍மலை/ Trincomalee,15: ත්‍රිකුණාමලය නගරය හා කඩවත්/ திரு‍கோணமலை நகரம்/ Trincomalee Town and Gravets
5-3-15-025,025,සම්පල්තීවු,ஸம்பல் தீவு,Sampalthivu,242,5: නැගෙනහිර/ கிழக்கு/ Eastern,3: ත්‍රිකුණාමලය/ திரு‍கோண‍மலை/ Trincomalee,15: ත්‍රිකුණාමලය නගරය හා කඩවත්/ திரு‍கோணமலை நகரம்/ Trincomalee Town and Gravets
5-3-15-030,030,සල්ලි,ஸல்லி,Salli,242A,5: නැගෙනහිර/ கிழக்கு/ Eastern,3: ත්‍රිකුණාමලය/ திரு‍கோண‍மலை/ Trincomalee,15: ත්‍රිකුණාමලය නගරය හා කඩවත්/ திரு‍கோணமலை நகரம்/ Trincomalee Town and Gravets
5-3-15-035,035,උප්පුවේලි,உப்புவேலி,Uppuveli,243,5: නැගෙනහිර/ கிழக்கு/ Eastern,3: ත්‍රිකුණාමලය/ திரு‍கோண‍மலை/ Trincomalee,15: ත්‍රිකුණාමලය නගරය හා කඩවත්/ திரு‍கோணமலை நகரம்/ Trincomalee Town and Gravets
5-3-15-040,040,පුලියන්කුලම්,புலியன்குளம்,Puliyankulam,243L,5: නැගෙනහිර/ கிழக்கு/ Eastern,3: ත්‍රිකුණාමලය/ திரு‍கோண‍மலை/ Trincomalee,15: ත්‍රිකුණාමලය නගරය හා කඩවත්/ திரு‍கோணமலை நகரம்/ Trincomalee Town and Gravets
5-3-15-045,045,වරෝතයනගර්,வரோதய நகர்,Varothyanagar,243N,5: නැගෙනහිර/ கிழக்கு/ Eastern,3: ත්‍රිකුණාමලය/ திரு‍கோண‍மலை/ Trincomalee,15: ත්‍රිකුණාමලය නගරය හා කඩවත්/ திரு‍கோணமலை நகரம்/ Trincomalee Town and Gravets
5-3-15-050,050,පීලිඅඩි,பேலியடி,Peeliyadi,243J,5: නැගෙනහිර/ கிழக்கு/ Eastern,3: ත්‍රිකුණාමලය/ திரு‍கோண‍மலை/ Trincomalee,15: ත්‍රිකුණාමලය නගරය හා කඩවත්/ திரு‍கோணமலை நகரம்/ Trincomalee Town and Gravets
5-3-15-055,055,මන්ගයියුතු,மன்கையூற்று,Mangaiyuthu,243K,5: නැගෙනහිර/ கிழக்கு/ Eastern,3: ත්‍රිකුණාමලය/ திரு‍கோண‍மலை/ Trincomalee,15: ත්‍රිකුණාමලය නගරය හා කඩවත්/ திரு‍கோணமலை நகரம்/ Trincomalee Town and Gravets
5-3-15-060,060,අන්දම්කුලම්,அந்தம் குளம்,Andankulam,243A,5: නැගෙනහිර/ கிழக்கு/ Eastern,3: ත්‍රිකුණාමලය/ திரு‍கோண‍மலை/ Trincomalee,15: ත්‍රිකුණාමලය නගරය හා කඩවත්/ திரு‍கோணமலை நகரம்/ Trincomalee Town and Gravets
5-3-15-065,065,සිංහපුර,ஸிங்கபுர,Singhapura,243H,5: නැගෙනහිර/ கிழக்கு/ Eastern,3: ත්‍රිකුණාමලය/ திரு‍கோண‍மலை/ Trincomalee,15: ත්‍රිකුණාමලය නගරය හා කඩවත්/ திரு‍கோணமலை நகரம்/ Trincomalee Town and Gravets
5-3-15-070,070,කෝවිලඩි,கோவிலடி,Kovilady,243P,5: නැගෙනහිර/ கிழக்கு/ Eastern,3: ත්‍රිකුණාමලය/ திரு‍கோண‍மலை/ Trincomalee,15: ත්‍රිකුණාමලය නගරය හා කඩවත්/ திரு‍கோணமலை நகரம்/ Trincomalee Town and Gravets
5-3-15-075,075,පලියුත්තු,பழையூத்து,Palaiyoottu,243D,5: නැගෙනහිර/ கிழக்கு/ Eastern,3: ත්‍රිකුණාමලය/ திரு‍கோண‍மலை/ Trincomalee,15: ත්‍රිකුණාමලය නගරය හා කඩවත්/ திரு‍கோணமலை நகரம்/ Trincomalee Town and Gravets
5-3-15-080,080,අභයපුර,அபயபுர,Abayapura,244N,5: නැගෙනහිර/ கிழக்கு/ Eastern,3: ත්‍රිකුණාමලය/ திரு‍கோண‍மலை/ Trincomalee,15: ත්‍රිකුණාමලය නගරය හා කඩවත්/ திரு‍கோணமலை நகரம்/ Trincomalee Town and Gravets
5-3-15-085,085,අන්පුවලිපුරම්,அன்புவலிபுரம்,Anpuvalipuram,243C,5: නැගෙනහිර/ கிழக்கு/ Eastern,3: ත්‍රිකුණාමලය/ திரு‍கோண‍மலை/ Trincomalee,15: ත්‍රිකුණාමලය නගරය හා කඩවත්/ திரு‍கோணமலை நகரம்/ Trincomalee Town and Gravets
5-3-15-090,090,මිහිඳුපුර,மிஹிந்துபுர,Mihindupura,244I,5: නැගෙනහිර/ கிழக்கு/ Eastern,3: ත්‍රිකුණාමලය/ திரு‍கோண‍மலை/ Trincomalee,15: ත්‍රිකුණාමලය නගරය හා කඩවත්/ திரு‍கோணமலை நகரம்/ Trincomalee Town and Gravets
5-3-15-095,095,සෙල්වනායගපුරම්,செல்வநாயபுரம்,Selvanayagapuram,243M,5: නැගෙනහිර/ கிழக்கு/ Eastern,3: ත්‍රිකුණාමලය/ திரு‍கோண‍மலை/ Trincomalee,15: ත්‍රිකුණාමලය නගරය හා කඩවත්/ திரு‍கோணமலை நகரம்/ Trincomalee Town and Gravets
5-3-15-100,100,ජින්නානගර්,ஜின்னா நகர்,Jinnanagar,244O,5: නැගෙනහිර/ கிழக்கு/ Eastern,3: ත්‍රිකුණාමලය/ திரு‍கோண‍மலை/ Trincomalee,15: ත්‍රිකුණාමලය නගරය හා කඩවත්/ திரு‍கோணமலை நகரம்/ Trincomalee Town and Gravets
5-3-15-105,105,මුරුගපුරි,முருகபுரி,Murugapuri,243G,5: නැගෙනහිර/ கிழக்கு/ Eastern,3: ත්‍රිකුණාමලය/ திரு‍கோண‍மலை/ Trincomalee,15: ත්‍රිකුණාමලය නගරය හා කඩවත්/ திரு‍கோணமலை நகரம்/ Trincomalee Town and Gravets
5-3-15-110,110,තිරික්කඩලෝර්,திருக்கடலூர்,Thirikkadaloor,243F,5: නැගෙනහිර/ கிழக்கு/ Eastern,3: ත්‍රිකුණාමලය/ திரு‍கோண‍மலை/ Trincomalee,15: ත්‍රිකුණාමලය නගරය හා කඩවත්/ திரு‍கோணமலை நகரம்/ Trincomalee Town and Gravets
5-3-15-115,115,පට්ටනතේරු,பட்டணதெரு,Pattanatheru,245K,5: නැගෙනහිර/ கிழக்கு/ Eastern,3: ත්‍රිකුණාමලය/ திரு‍கோண‍மலை/ Trincomalee,15: ත්‍රිකුණාමලය නගරය හා කඩවත්/ திரு‍கோணமலை நகரம்/ Trincomalee Town and Gravets
5-3-15-120,120,පෙරුන්තේරු,பெருந் தெரு,Peruntheru,244L,5: නැගෙනහිර/ கிழக்கு/ Eastern,3: ත්‍රිකුණාමලය/ திரு‍கோண‍மலை/ Trincomalee,15: ත්‍රිකුණාමලය නගරය හා කඩවත්/ திரு‍கோணமலை நகரம்/ Trincomalee Town and Gravets
5-3-15-125,125,සිවපුරි,ஸிவபுரி,Sivapuri,244Q,5: නැගෙනහිර/ கிழக்கு/ Eastern,3: ත්‍රිකුණාමලය/ திரு‍கோண‍மலை/ Trincomalee,15: ත්‍රිකුණාමලය නගරය හා කඩවත්/ திரு‍கோணமலை நகரம்/ Trincomalee Town and Gravets
5-3-15-130,130,ලිංගනගර්,லிங்கநகர்,Linganagar,244R,5: නැගෙනහිර/ கிழக்கு/ Eastern,3: ත්‍රිකුණාමලය/ திரு‍கோண‍மலை/ Trincomalee,15: ත්‍රිකුණාමලය නගරය හා කඩවත්/ திரு‍கோணமலை நகரம்/ Trincomalee Town and Gravets
5-3-15-135,135,මුඩ්කෝවි,முட்கோவ்,Mudcove,244M,5: නැගෙනහිර/ கிழக்கு/ Eastern,3: ත්‍රිකුණාමලය/ திரு‍கோண‍மலை/ Trincomalee,15: ත්‍රිකුණාමලය නගරය හා කඩවත්/ திரு‍கோணமலை நகரம்/ Trincomalee Town and Gravets
5-3-15-140,140,පූම්බුහාර්,பூம்புஹார்,Poompuhar,243O,5: නැගෙනහිර/ கிழக்கு/ Eastern,3: ත්‍රිකුණාමලය/ திரு‍கோண‍மலை/ Trincomalee,15: ත්‍රිකුණාමලය නගරය හා කඩවත්/ திரு‍கோணமலை நகரம்/ Trincomalee Town and Gravets
5-3-15-145,145,සුමේධංකරපුර,சுமேதன்கரபுர,Sumedhankarapura,229B,5: නැගෙනහිර/ கிழக்கு/ Eastern,3: ත්‍රිකුණාමලය/ திரு‍கோண‍மலை/ Trincomalee,15: ත්‍රිකුණාමලය නගරය හා කඩවත්/ திரு‍கோணமலை நகரம்/ Trincomalee Town and Gravets
5-3-15-150,150,මුත්තුනගර්,முதுநகரம்,Muththunagar,229F,5: නැගෙනහිර/ கிழக்கு/ Eastern,3: ත්‍රිකුණාමලය/ திரு‍கோண‍மலை/ Trincomalee,15: ත්‍රිකුණාමලය නගරය හා කඩවත්/ திரு‍கோணமலை நகரம்/ Trincomalee Town and Gravets
5-3-15-155,155,කප්පල්තුරායි,கப்பல்துரை,Kappalthurai,229E,5: නැගෙනහිර/ கிழக்கு/ Eastern,3: ත්‍රිකුණාමලය/ திரு‍கோண‍மலை/ Trincomalee,15: ත්‍රිකුණාමලය නගරය හා කඩවත්/ திரு‍கோணமலை நகரம்/ Trincomalee Town and Gravets
5-3-15-160,160,කාවට්ටිකුඩා,காவடிகுடா,Kavattikudah,22D,5: නැගෙනහිර/ கிழக்கு/ Eastern,3: ත්‍රිකුණාමලය/ திரு‍கோண‍மலை/ Trincomalee,15: ත්‍රිකුණාමලය නගරය හා කඩවත්/ திரு‍கோணமலை நகரம்/ Trincomalee Town and Gravets
5-3-15-165,165,නච්චිකුඩා,நச்சிகுடா,Nachchikuda,229C,5: නැගෙනහිර/ கிழக்கு/ Eastern,3: ත්‍රිකුණාමලය/ திரு‍கோண‍மலை/ Trincomalee,15: ත්‍රිකුණාමලය නගරය හා කඩවත්/ திரு‍கோணமலை நகரம்/ Trincomalee Town and Gravets
5-3-15-170,170,වෙල්ලෙයිමනල්,வெள்ளைமணல்,Vellaimanal,229,5: නැගෙනහිර/ கிழக்கு/ Eastern,3: ත්‍රිකුණාමලය/ திரு‍கோண‍மலை/ Trincomalee,15: ත්‍රිකුණාමලය නගරය හා කඩවත්/ திரு‍கோணமலை நகரம்/ Trincomalee Town and Gravets
5-3-15-175,175,චයිනාබේ,சீனா பே,China Bay,229A,5: නැගෙනහිර/ கிழக்கு/ Eastern,3: ත්‍රිකුණාමලය/ திரு‍கோண‍மலை/ Trincomalee,15: ත්‍රිකුණාමලය නගරය හා කඩවත්/ திரு‍கோணமலை நகரம்/ Trincomalee Town and Gravets
5-3-15-180,180,ඕර්ස් හිල්,ஓர்ஸ் ஹில்,Orr's Hill,244P,5: නැගෙනහිර/ கிழக்கு/ Eastern,3: ත්‍රිකුණාමලය/ திரு‍கோண‍மலை/ Trincomalee,15: ත්‍රිකුණාමලය නගරය හා කඩවත්/ திரு‍கோணமலை நகரம்/ Trincomalee Town and Gravets
5-3-15-185,185,තිලායිනගරය,தில்லை நகர்,Thillainagar,244N,5: නැගෙනහිර/ கிழக்கு/ Eastern,3: ත්‍රිකුණාමලය/ திரு‍கோண‍மலை/ Trincomalee,15: ත්‍රිකුණාමලය නගරය හා කඩවත්/ திரு‍கோணமலை நகரம்/ Trincomalee Town and Gravets
5-3-15-190,190,අරසඩි,அரஸடி,Arasady,244J,5: නැගෙනහිර/ கிழக்கு/ Eastern,3: ත්‍රිකුණාමලය/ திரு‍கோண‍மலை/ Trincomalee,15: ත්‍රිකුණාමලය නගරය හා කඩවත්/ திரு‍கோணமலை நகரம்/ Trincomalee Town and Gravets
5-3-15-195,195,මනායාවේලි,மனாயவேலி,Manayaveli,244F,5: නැගෙනහිර/ கிழக்கு/ Eastern,3: ත්‍රිකුණාමලය/ திரு‍கோண‍மலை/ Trincomalee,15: ත්‍රිකුණාමලය නගරය හා කඩවත්/ திரு‍கோணமலை நகரம்/ Trincomalee Town and Gravets
5-3-15-200,200,සොනාගවඩි,ஸோனாகவடி,Sonagavadi,244I,5: නැගෙනහිර/ கிழக்கு/ Eastern,3: ත්‍රිකුණාමලය/ திரு‍கோண‍மலை/ Trincomalee,15: ත්‍රිකුණාමලය නගරය හා කඩවත්/ திரு‍கோணமலை நகரம்/ Trincomalee Town and Gravets
5-3-15-205,205,අරුණගිරිනගර්,அருனகிரிநகர்,Arunagirinagar,224G,5: නැගෙනහිර/ கிழக்கு/ Eastern,3: ත්‍රිකුණාමලය/ திரு‍கோண‍மலை/ Trincomalee,15: ත්‍රිකුණාමලය නගරය හා කඩවත්/ திரு‍கோணமலை நகரம்/ Trincomalee Town and Gravets
5-3-15-210,210,විලුන්දි,விலுந்தி,Villundy,244E,5: නැගෙනහිර/ கிழக்கு/ Eastern,3: ත්‍රිකුණාමලය/ திரு‍கோண‍மலை/ Trincomalee,15: ත්‍රිකුණාමලය නගරය හා කඩවත්/ திரு‍கோணமலை நகரம்/ Trincomalee Town and Gravets
5-3-18-005,005,ගල්මැටියාව උතුර,கல்மெட்டியாவ வடக்கு,Galmetiyawa North,228L,5: නැගෙනහිර/ கிழக்கு/ Eastern,3: ත්‍රිකුණාමලය/ திரு‍கோண‍மலை/ Trincomalee,18: තඔලගමුව/ தம்பலகமம்/ Thambalagamuwa
5-3-18-010,010,පාලම්පටාරු,பாலம் போட்டாறு,Palampataru,228,5: නැගෙනහිර/ கிழக்கு/ Eastern,3: ත්‍රිකුණාමලය/ திரு‍கோண‍மலை/ Trincomalee,18: තඔලගමුව/ தம்பலகமம்/ Thambalagamuwa
5-3-18-015,015,පුදුකුඩියිරුප්පු,புதுக்குடியிருப்பு,Puthukkudieruppu,228J,5: නැගෙනහිර/ கிழக்கு/ Eastern,3: ත්‍රිකුණාමලය/ திரு‍கோண‍மலை/ Trincomalee,18: තඔලගමුව/ தம்பலகமம்/ Thambalagamuwa
5-3-18-020,020,පොට්කේණි,பொற்குறுணி,Potkerny,228I,5: නැගෙනහිර/ கிழக்கு/ Eastern,3: ත්‍රිකුණාමලය/ திரு‍கோண‍மலை/ Trincomalee,18: තඔලගමුව/ தம்பலகமம்/ Thambalagamuwa
5-3-18-025,025,මීරා නගර්,மீராநகர்,Meera Nagar,228H,5: නැගෙනහිර/ கிழக்கு/ Eastern,3: ත්‍රිකුණාමලය/ திரு‍கோண‍மலை/ Trincomalee,18: තඔලගමුව/ தம்பலகமம்/ Thambalagamuwa
5-3-18-030,030,සිරාජ්නගර්,சிராஜ்நகர்,Siraj Nagar,228E,5: නැගෙනහිර/ கிழக்கு/ Eastern,3: ත්‍රිකුණාමලය/ திரு‍கோண‍மலை/ Trincomalee,18: තඔලගමුව/ தம்பலகமம்/ Thambalagamuwa
5-3-18-035,035,කෝවිල්කුඩියිරුප්පු,கோவில் குடியிருப்பு,Kovil Kudiyiruppu,228K,5: නැගෙනහිර/ கிழக்கு/ Eastern,3: ත්‍රිකුණාමලය/ திரு‍கோண‍மலை/ Trincomalee,18: තඔලගමුව/ தம்பலகமம்/ Thambalagamuwa
5-3-18-040,040,තඹලගමුව,தம்பலகவ்வ,Thambalagamuwa,228A,5: නැගෙනහිර/ கிழக்கு/ Eastern,3: ත්‍රිකුණාමලය/ திரு‍கோண‍மலை/ Trincomalee,18: තඔලගමුව/ தம்பலகமம்/ Thambalagamuwa
5-3-18-045,045,මොල්ලිපොතාන උතුර,முல்லிபொதான வடக்கு,Mollipothana North,228G,5: නැගෙනහිර/ கிழக்கு/ Eastern,3: ත්‍රිකුණාමලය/ திரு‍கோண‍மலை/ Trincomalee,18: තඔලගමුව/ தம்பலகமம்/ Thambalagamuwa
5-3-18-050,050,ගල්මැටියාව දකුණ,கல்மெட்டியாவ தெற்கு,Galmetiyawa South,228C,5: නැගෙනහිර/ கிழக்கு/ Eastern,3: ත්‍රිකුණාමලය/ திரு‍கோண‍மலை/ Trincomalee,18: තඔලගමුව/ தம்பலகமம்/ Thambalagamuwa
5-3-18-055,055,මොල්ලිපොතාන,முள்ளிப்பொத்தானை,Mollipothana,228B,5: නැගෙනහිර/ கிழக்கு/ Eastern,3: ත්‍රිකුණාමලය/ திரு‍கோண‍மலை/ Trincomalee,18: තඔලගමුව/ தம்பலகமம்/ Thambalagamuwa
5-3-18-060,060,මොල්ලිපොතාන නැගෙනහිර,முள்ளிப்பொத்தானை கிழக்கு,Mollipothana East,228F,5: නැගෙනහිර/ கிழக்கு/ Eastern,3: ත්‍රිකුණාමලය/ திரு‍கோண‍மலை/ Trincomalee,18: තඔලගමුව/ தம்பலகமம்/ Thambalagamuwa
5-3-21-005,005,වෙන්ඩ්‍රාසන්පුර ඒකක 16,"வெண்றாசன்புர, யுனிட் 16",Wendrasapura Unit 16,227R,5: නැගෙනහිර/ கிழக்கு/ Eastern,3: ත්‍රිකුණාමලය/ திரு‍கோண‍மலை/ Trincomalee,21: කන්තලේ/ கந்தளாய்/ Kantalai
5-3-21-010,010,ගංතලාව යුනිට් 12,"கங்தலாவ, அலகு 12","Ganthalawa, Unit 12",227S,5: නැගෙනහිර/ கிழக்கு/ Eastern,3: ත්‍රිකුණාමලය/ திரு‍கோண‍மலை/ Trincomalee,21: කන්තලේ/ கந்தளாய்/ Kantalai
5-3-21-015,015,"ගංතලාව, ඒකක 11","கந்தளாவ, யுனிட் 11","Gantalawa, Unit 11",227P,5: නැගෙනහිර/ கிழக்கு/ Eastern,3: ත්‍රිකුණාමලය/ திரு‍கோண‍மலை/ Trincomalee,21: කන්තලේ/ கந்தளாய்/ Kantalai
5-3-21-020,020,වාන් ඇල නැගෙනහිර,வான் எல கிழக்கு,Vaan Ela East,227D,5: නැගෙනහිර/ கிழக்கு/ Eastern,3: ත්‍රිකුණාමලය/ திரு‍கோண‍மலை/ Trincomalee,21: කන්තලේ/ கந்தளாய்/ Kantalai
5-3-21-025,025,වාන්ඇල  බටහිර,வான்எல மேற்கு,Vanela West,227V,5: නැගෙනහිර/ கிழக்கு/ Eastern,3: ත්‍රිකුණාමලය/ திரு‍கோண‍மலை/ Trincomalee,21: කන්තලේ/ கந்தளாய்/ Kantalai
5-3-21-030,030,පන්සල් ගොඩැල්ල,பண்சல்கொடல்ல,Pansal Godella,227W,5: නැගෙනහිර/ கிழக்கு/ Eastern,3: ත්‍රිකුණාමලය/ திரு‍கோண‍மலை/ Trincomalee,21: කන්තලේ/ கந்தளாய்/ Kantalai
5-3-21-035,035,සූරියපුර,சூரிய புர,Sooriyapura,227F,5: නැගෙනහිර/ கிழக்கு/ Eastern,3: ත්‍රිකුණාමලය/ திரு‍கோண‍மலை/ Trincomalee,21: කන්තලේ/ கந்தளாய்/ Kantalai
5-3-21-040,040,ජයන්තිපුර,ஜயந்திபுர,Jayanthipura,227J,5: නැගෙනහිර/ கிழக்கு/ Eastern,3: ත්‍රිකුණාමලය/ திரு‍கோண‍மலை/ Trincomalee,21: කන්තලේ/ கந்தளாய்/ Kantalai
5-3-21-045,045,රජ ඇල ඒකක 04,ரஜஎல யுனிட் 04,Raja Ela Unit 04,227M,5: නැගෙනහිර/ கிழக்கு/ Eastern,3: ත්‍රිකුණාමලය/ திரு‍கோண‍மலை/ Trincomalee,21: කන්තලේ/ கந்தளாய்/ Kantalai
5-3-21-050,050,රජ ඇල ඒකක 05,ரஜஎல யுனிட் 05,Raja Ela Unit 05,227N,5: නැගෙනහිර/ கிழக்கு/ Eastern,3: ත්‍රිකුණාමලය/ திரு‍கோண‍மலை/ Trincomalee,21: කන්තලේ/ கந்தளாய்/ Kantalai
5-3-21-055,055,වෙන්ඩ්‍රාසන්පුර ඒකක 15,வென்றாசன்புர யுனிட் 15,Wandrasapura Unit 15,227Q,5: නැගෙනහිර/ கிழக்கு/ Eastern,3: ත්‍රිකුණාමලය/ திரு‍கோண‍மலை/ Trincomalee,21: කන්තලේ/ கந்தளாய்/ Kantalai
5-3-21-060,060,වෙන්ඩ්‍රාසන්පුර යුනිට් 14,"வெண்றாசன்புர, யுனிட் 14","Wandrasanpura, Unit 14",227A,5: නැගෙනහිර/ கிழக்கு/ Eastern,3: ත්‍රිකුණාමලය/ திரு‍கோண‍மலை/ Trincomalee,21: කන්තලේ/ கந்தளாய்/ Kantalai
5-3-21-065,065,භාතියගම,பாதியகம,Bhathiya Gama,227L,5: නැගෙනහිර/ கிழக்கு/ Eastern,3: ත්‍රිකුණාමලය/ திரு‍கோண‍மலை/ Trincomalee,21: කන්තලේ/ கந்தளாய்/ Kantalai
5-3-21-070,070,රජ ඇල ඒකක 03,ரஜஎல யுனிட் 03,Raja Ela Unit 03,227B,5: නැගෙනහිර/ கிழக்கு/ Eastern,3: ත්‍රිකුණාමලය/ திரு‍கோண‍மலை/ Trincomalee,21: කන්තලේ/ கந்தளாய்/ Kantalai
5-3-21-075,075,"පේරාරු, ඒකක 02","பேராறு, யுனிட் 02",Peraru Unit 02,227G,5: නැගෙනහිර/ கிழக்கு/ Eastern,3: ත්‍රිකුණාමලය/ திரு‍கோண‍மலை/ Trincomalee,21: කන්තලේ/ கந்தளாய்/ Kantalai
5-3-21-080,080,පේරාරු නැගෙනහිර,பேராறு  கிழக்கு,Peraru East,227O,5: නැගෙනහිර/ கிழக்கு/ Eastern,3: ත්‍රිකුණාමලය/ திரு‍கோண‍மலை/ Trincomalee,21: කන්තලේ/ கந்தளாய்/ Kantalai
5-3-21-085,085,පේරාරු බටහිර,பேராறுமேற்கு,Peraru West,227H,5: නැගෙනහිර/ கிழக்கு/ Eastern,3: ත්‍රිකුණාමලය/ திரு‍கோண‍மலை/ Trincomalee,21: කන්තලේ/ கந்தளாய்/ Kantalai
5-3-21-090,090,කන්තලේ නගරය දකුණ,கந்தளாய் நகரம் தெற்கு,Kanthale  Town South,227K,5: නැගෙනහිර/ கிழக்கு/ Eastern,3: ත්‍රිකුණාමලය/ திரு‍கோண‍மலை/ Trincomalee,21: කන්තලේ/ கந்தளாய்/ Kantalai
5-3-21-095,095,කන්තලේ නගරය,கந்தளாய் நகரம்,Kanthale Town,227,5: නැගෙනහිර/ கிழக்கு/ Eastern,3: ත්‍රිකුණාමලය/ திரு‍கோண‍மலை/ Trincomalee,21: කන්තලේ/ கந்தளாய்/ Kantalai
5-3-21-100,100,අග්බෝපුර,அக்போபுர,Agbopura,227C,5: නැගෙනහිර/ கிழக்கு/ Eastern,3: ත්‍රිකුණාමලය/ திரு‍கோண‍மலை/ Trincomalee,21: කන්තලේ/ கந்தளாய்/ Kantalai
5-3-21-105,105,බටුකච්චිය,படுகச்சிய,Batukachchiya,227T,5: නැගෙනහිර/ கிழக்கு/ Eastern,3: ත්‍රිකුණාමලය/ திரு‍கோண‍மலை/ Trincomalee,21: කන්තලේ/ கந்தளாய்/ Kantalai
5-3-21-110,110,රජවැව,ரஜவெவ,Rajawewa,227U,5: නැගෙනහිර/ கிழக்கு/ Eastern,3: ත්‍රිකුණාමලය/ திரு‍கோண‍மலை/ Trincomalee,21: කන්තලේ/ கந்தளாய்/ Kantalai
5-3-21-115,115,සීනිපුර,ஸீனிபுர,Seenipura,227E,5: නැගෙනහිර/ கிழக்கு/ Eastern,3: ත්‍රිකුණාමලය/ திரு‍கோண‍மலை/ Trincomalee,21: කන්තලේ/ கந்தளாய்/ Kantalai
5-3-24-005,005,මූනච්චේනයි,முனைச்சேனை,Munaichana,226I,5: නැගෙනහිර/ கிழக்கு/ Eastern,3: ත්‍රිකුණාමලය/ திரு‍கோண‍மலை/ Trincomalee,24: කින්නියා/ கிண்ணியா/ Kinniya
5-3-24-010,010,මනියරසම්කුලම්,மணியாரசன்குளம்,Maniyarasankulam,226P,5: නැගෙනහිර/ கிழக்கு/ Eastern,3: ත්‍රිකුණාමලය/ திரு‍கோண‍மலை/ Trincomalee,24: කින්නියා/ கிண்ணியா/ Kinniya
5-3-24-015,015,මාංචෝලයි,மாஞ்சோலை,Mancholai,225C,5: නැගෙනහිර/ கிழக்கு/ Eastern,3: ත්‍රිකුණාමලය/ திரு‍கோண‍மலை/ Trincomalee,24: කින්නියා/ கிண்ணியா/ Kinniya
5-3-24-020,020,මාලින්තුරායි,மாலிந்துறை,Malinthurai,226C,5: නැගෙනහිර/ கிழக்கு/ Eastern,3: ත්‍රිකුණාමලය/ திரு‍கோண‍மலை/ Trincomalee,24: කින්නියා/ கிண்ணியா/ Kinniya
5-3-24-025,025,මජිඩ් නගර්,மஜீத் நகர்,Majeeth Nagar,226O,5: නැගෙනහිර/ கிழக்கு/ Eastern,3: ත්‍රිකුණාමලය/ திரு‍கோண‍மலை/ Trincomalee,24: කින්නියා/ கிண்ணியா/ Kinniya
5-3-24-030,030,මහරූෆ් ග්‍රාමය,மகறூப் கிராமம்,Magaru Gramam,226L,5: නැගෙනහිර/ கிழக்கு/ Eastern,3: ත්‍රිකුණාමලය/ திரு‍கோண‍மலை/ Trincomalee,24: කින්නියා/ கிண்ணியா/ Kinniya
5-3-24-035,035,මහරූප් නගරය,மகறூப் நகா்,Maharoof Nagar,225E,5: නැගෙනහිර/ கிழக்கு/ Eastern,3: ත්‍රිකුණාමලය/ திரு‍கோண‍மலை/ Trincomalee,24: කින්නියා/ கிண்ணியா/ Kinniya
5-3-24-040,040,ආයිලියඩි,ஆயிலியடி,Ayliyady,226Q,5: නැගෙනහිර/ கிழக்கு/ Eastern,3: ත්‍රිකුණාමලය/ திரு‍கோண‍மலை/ Trincomalee,24: කින්නියා/ கிண்ணியா/ Kinniya
5-3-24-045,045,අන්නල් නගර්,அன்னல் நகர்,Annal Nagar,225F,5: නැගෙනහිර/ கிழக்கு/ Eastern,3: ත්‍රිකුණාමලය/ திரு‍கோண‍மலை/ Trincomalee,24: කින්නියා/ கிண்ணியா/ Kinniya
5-3-24-050,050,ආලන්කේණි,ஆலங்கேணி,Alenkany,225J,5: නැගෙනහිර/ கிழக்கு/ Eastern,3: ත්‍රිකුණාමලය/ திரு‍கோண‍மலை/ Trincomalee,24: කින්නියා/ கிண்ணியா/ Kinniya
5-3-24-055,055,එහුතාර් නගර්,எகுதார் நகர்,Ehuthar Nagar,226A,5: නැගෙනහිර/ கிழக்கு/ Eastern,3: ත්‍රිකුණාමලය/ திரு‍கோண‍மலை/ Trincomalee,24: කින්නියා/ கிண்ணியா/ Kinniya
5-3-24-060,060,ඊච්චන්තිවු,ஈச்சந்தீவு,Echchan Teevu,225L,5: නැගෙනහිර/ கிழக்கு/ Eastern,3: ත්‍රිකුණාමලය/ திரு‍கோண‍மலை/ Trincomalee,24: කින්නියා/ கிண்ணியா/ Kinniya
5-3-24-065,065,කුට්ටික්කරච්,குட்டிக்கராச்சி,Kuttikarach,226E,5: නැගෙනහිර/ கிழக்கு/ Eastern,3: ත්‍රිකුණාමලය/ திரு‍கோண‍மலை/ Trincomalee,24: කින්නියා/ கிண்ணியா/ Kinniya
5-3-24-070,070,කුරිංචාක්කේණි,குறிஞ்சாக்கேணி,Kurinchakany,226G,5: නැගෙනහිර/ கிழக்கு/ Eastern,3: ත්‍රිකුණාමලය/ திரு‍கோண‍மலை/ Trincomalee,24: කින්නියා/ கிண்ணியா/ Kinniya
5-3-24-075,075,මාංචෝලච්චේනයි,மாஞ்சோலைச்சேனை,Mancholai Chanai,225D,5: නැගෙනහිර/ கிழக்கு/ Eastern,3: ත්‍රිකුණාමලය/ திரு‍கோண‍மலை/ Trincomalee,24: කින්නියා/ கிண்ணியா/ Kinniya
5-3-24-080,080,නඩුවුට්රු,நடுவூற்று,Naduoothu,226M,5: නැගෙනහිර/ கிழக்கு/ Eastern,3: ත්‍රිකුණාමලය/ திரு‍கோண‍மலை/ Trincomalee,24: කින්නියා/ கிண்ணியா/ Kinniya
5-3-24-085,085,නඩුත්තීවු,நடுத் தீவு,Nadutheevu                            #,226H,5: නැගෙනහිර/ கிழக்கு/ Eastern,3: ත්‍රිකුණාමලය/ திரு‍கோண‍மலை/ Trincomalee,24: කින්නියා/ கிண்ணியா/ Kinniya
5-3-24-090,090,පෙරිය කින්නියා,பெரிய கிண்ணியா,Pariya Kainniya,226B,5: නැගෙනහිර/ கிழக்கு/ Eastern,3: ත්‍රිකුණාමලය/ திரு‍கோண‍மலை/ Trincomalee,24: කින්නියා/ கிண்ணியா/ Kinniya
5-3-24-095,095,පෙරියාරුමූනයි,பெரியாற்றுமுனை,Periyathumunai,226,5: නැගෙනහිර/ கிழக்கு/ Eastern,3: ත්‍රිකුණාමලය/ திரு‍கோண‍மலை/ Trincomalee,24: කින්නියා/ கிண்ணியா/ Kinniya
5-3-24-100,100,පූවරසන්තීවු,பூவரசந்தீவு,Poovarasantheevu,225H,5: නැගෙනහිර/ கிழக்கு/ Eastern,3: ත්‍රිකුණාමලය/ திரு‍கோண‍மலை/ Trincomalee,24: කින්නියා/ கிண்ணியா/ Kinniya
5-3-24-105,105,කින්නියා,கிண்ணியா,Kinniya,226D,5: නැගෙනහිර/ கிழக்கு/ Eastern,3: ත්‍රිකුණාමලය/ திரு‍கோண‍மலை/ Trincomalee,24: කින්නියා/ கிண்ணியா/ Kinniya
5-3-24-110,110,ඉඩිමන්,இடிமன்,Ideman,226F,5: නැගෙනහිර/ கிழக்கு/ Eastern,3: ත්‍රිකුණාමලය/ திரு‍கோண‍மலை/ Trincomalee,24: කින්නියා/ கிண்ணியா/ Kinniya
5-3-24-115,115,ෆයිසල් නගරය,பைசல் நகர்,Faizal Nagar,225G,5: නැගෙනහිර/ கிழக்கு/ Eastern,3: ත්‍රිකුණාමලය/ திரு‍கோண‍மலை/ Trincomalee,24: කින්නියා/ கிண்ணியா/ Kinniya
5-3-24-120,120,කච්චකොඩිතීවු,கச்சகொடிதீவு,Kachchakoditheevu,226J,5: නැගෙනහිර/ கிழக்கு/ Eastern,3: ත්‍රිකුණාමලය/ திரு‍கோண‍மலை/ Trincomalee,24: කින්නියා/ கிண்ணியா/ Kinniya
5-3-24-125,125,කට්ටයාරු,கட்டையாறு,Kattayaru,225B,5: නැගෙනහිර/ கிழக்கு/ Eastern,3: ත්‍රිකුණාමලය/ திரு‍கோண‍மலை/ Trincomalee,24: කින්නියා/ கிண்ணியா/ Kinniya
5-3-24-130,130,කාකමූනයි,காக்காமுனை,Kakamunai,226K,5: නැගෙනහිර/ கிழக்கு/ Eastern,3: ත්‍රිකුණාමලය/ திரு‍கோண‍மலை/ Trincomalee,24: කින්නියා/ கிண்ணியா/ Kinniya
5-3-24-135,135,රහුමානියා නගර්,றகுமானியா நகர்,Rahumaniya Nagar,225,5: නැගෙනහිර/ கிழக்கு/ Eastern,3: ත්‍රිකුණාමලය/ திரு‍கோண‍மலை/ Trincomalee,24: කින්නියා/ கிண்ணியா/ Kinniya
5-3-24-140,140,සම්මාවච්චතීවු,சம்மாவச்சதீவு,Samavechchatheevu,225I,5: නැගෙනහිර/ கிழக்கு/ Eastern,3: ත්‍රිකුණාමලය/ திரு‍கோண‍மலை/ Trincomalee,24: කින්නියා/ கிண்ணியா/ Kinniya
5-3-24-145,145,සින්නක් කින්නියා,சின்ன கிண்ணியா,SinnaKinniya,225A,5: නැගෙනහිර/ கிழக்கு/ Eastern,3: ත්‍රිකුණාමලය/ திரு‍கோண‍மலை/ Trincomalee,24: කින්නියා/ கிண்ணியா/ Kinniya
5-3-24-150,150,සූරංකල්,சூரங்கள்,Surangal,226N,5: නැගෙනහිර/ கிழக்கு/ Eastern,3: ත්‍රිකුණාමලය/ திரு‍கோண‍மலை/ Trincomalee,24: කින්නියා/ கிண்ணியா/ Kinniya
5-3-24-155,155,උප්පාරු,உப்பாறு,Upparu,225K,5: නැගෙනහිර/ கிழக்கு/ Eastern,3: ත්‍රිකුණාමලය/ திரு‍கோண‍மலை/ Trincomalee,24: කින්නියා/ கிண்ணியா/ Kinniya
5-3-27-005,005,සම්පූර්  බටහිර,ஸாம்பூர் மேற்கு,Sampoor West,220A,5: නැගෙනහිර/ கிழக்கு/ Eastern,3: ත්‍රිකුණාමලය/ திரு‍கோண‍மலை/ Trincomalee,27: මුත්තූර්/ மூதூர்/ Muthur
5-3-27-010,010,කූනිතීවු,கோணிதீவு,Koonithevu,221,5: නැගෙනහිර/ கிழக்கு/ Eastern,3: ත්‍රිකුණාමලය/ திரு‍கோண‍மலை/ Trincomalee,27: මුත්තූර්/ மூதூர்/ Muthur
5-3-27-015,015,නවරෙත්තිනපුරම්,நவரத்தினபுரம்,Navareththinapuram,221A,5: නැගෙනහිර/ கிழக்கு/ Eastern,3: ත්‍රිකුණාමලය/ திரு‍கோண‍மலை/ Trincomalee,27: මුත්තූර්/ மூதூர்/ Muthur
5-3-27-020,020,සම්පූර් නැගෙනහිර,ஸாம்பூர் கிழக்கு,Sampoor East,220,5: නැගෙනහිර/ கிழக்கு/ Eastern,3: ත්‍රිකුණාමලය/ திரு‍கோண‍மலை/ Trincomalee,27: මුත්තූර්/ மூதூர்/ Muthur
5-3-27-025,025,කඩට්කරෛචේනයි,கதர்கரச்சேணை,Kadatkaraichenai,222C,5: නැගෙනහිර/ கிழக்கு/ Eastern,3: ත්‍රිකුණාමලය/ திரு‍கோண‍மலை/ Trincomalee,27: මුත්තූර්/ மூதூர்/ Muthur
5-3-27-030,030,කඩ්ඩෛපරිච්චේන උතුර,கட்டைப்பரிச்சான் வடக்கு,Kaddaiparichchan North,222B,5: නැගෙනහිර/ கிழக்கு/ Eastern,3: ත්‍රිකුණාමලය/ திரு‍கோண‍மலை/ Trincomalee,27: මුත්තූර්/ மூதூர்/ Muthur
5-3-27-035,035,තක්වානගර්,தக்வா நகர்,Thqwa Nagar,223C,5: නැගෙනහිර/ கிழக்கு/ Eastern,3: ත්‍රිකුණාමලය/ திரு‍கோண‍மலை/ Trincomalee,27: මුත්තූර්/ மூதூர்/ Muthur
5-3-27-040,040,මුත්තූර් නැගෙනහිර,மூதூர் கிழக்கு,Muthur East,223A,5: නැගෙනහිර/ கிழக்கு/ Eastern,3: ත්‍රිකුණාමලය/ திரு‍கோண‍மலை/ Trincomalee,27: මුත්තූර්/ மூதூர்/ Muthur
5-3-27-045,045,නදූතීවු,நடுத்தீவு,Nadutheevu,223E,5: නැගෙනහිර/ கிழக்கு/ Eastern,3: ත්‍රිකුණාමලය/ திரு‍கோண‍மலை/ Trincomalee,27: මුත්තූර්/ மூதூர்/ Muthur
5-3-27-050,050,තාහානගර්,தாஹா நகர்,Thaha Nagar,224C,5: නැගෙනහිර/ கிழக்கு/ Eastern,3: ත්‍රිකුණාමලය/ திரு‍கோண‍மலை/ Trincomalee,27: මුත්තූර්/ மூதூர்/ Muthur
5-3-27-055,055,මුත්තූර් මධ්‍යම,மூதூர் மத்தி,Muthur Central,223F,5: නැගෙනහිර/ கிழக்கு/ Eastern,3: ත්‍රිකුණාමලය/ திரு‍கோண‍மலை/ Trincomalee,27: මුත්තූර්/ மூதூர்/ Muthur
5-3-27-060,060,මුත්තූර් බටහිර,மூதூர் மேற்கு,Muthur West,224,5: නැගෙනහිර/ கிழக்கு/ Eastern,3: ත්‍රිකුණාමලය/ திரு‍கோண‍மலை/ Trincomalee,27: මුත්තූර්/ மூதூர்/ Muthur
5-3-27-065,065,රාල්කුලි,ரல்குல்லி,Ralkuli,224D,5: නැගෙනහිර/ கிழக்கு/ Eastern,3: ත්‍රිකුණාමලය/ திரு‍கோண‍மலை/ Trincomalee,27: මුත්තූර්/ மூதூர்/ Muthur
5-3-27-070,070,ෂාෆි නගර්,ஸாப் நகர்,Shafi Nagar,244F,5: නැගෙනහිර/ கிழக்கு/ Eastern,3: ත්‍රිකුණාමලය/ திரு‍கோண‍மலை/ Trincomalee,27: මුත්තූර්/ மூதூர்/ Muthur
5-3-27-075,075,පෙරියපාලම්,பெரியபாலம்,Periyapalam,224A,5: නැගෙනහිර/ கிழக்கு/ Eastern,3: ත්‍රිකුණාමලය/ திரு‍கோண‍மலை/ Trincomalee,27: මුත්තූර්/ மூதூர்/ Muthur
5-3-27-080,080,ජායානගර්,ஜயநகர்,Jaya Nagar,244G,5: නැගෙනහිර/ கிழக்கு/ Eastern,3: ත්‍රිකුණාමලය/ திரு‍கோண‍மலை/ Trincomalee,27: මුත්තූර්/ மூதூர்/ Muthur
5-3-27-085,085,ආලීම් නගර්,அலீம் நகர்,Alim Nagar,224B,5: නැගෙනහිර/ கிழக்கு/ Eastern,3: ත්‍රිකුණාමලය/ திரு‍கோண‍மலை/ Trincomalee,27: මුත්තූර්/ மூதூர்/ Muthur
5-3-27-090,090,ආනෛච්චේනයි,அனைசேணை,Anaichenai,223B,5: නැගෙනහිර/ கிழக்கு/ Eastern,3: ත්‍රිකුණාමලය/ திரு‍கோண‍மலை/ Trincomalee,27: මුත්තූර්/ மூதூர்/ Muthur
5-3-27-095,095,නෙයිතල් නගර්,நெயிதல் நகர்,Neithal Nagar,223D,5: නැගෙනහිර/ கிழக்கு/ Eastern,3: ත්‍රිකුණාමලය/ திரு‍கோண‍மலை/ Trincomalee,27: මුත්තූර්/ மூதூர்/ Muthur
5-3-27-100,100,පාලනගර්,பாலநகர்,Palanagar,223G,5: නැගෙනහිර/ கிழக்கு/ Eastern,3: ත්‍රිකුණාමලය/ திரு‍கோண‍மலை/ Trincomalee,27: මුත්තූර්/ மூதூர்/ Muthur
5-3-27-105,105,කට්ටයිපරිච්චාන් දකුණ,கட்டைப்பரிச்சான் தெற்கு,Kaddaiparichchan South,222,5: නැගෙනහිර/ கிழக்கு/ Eastern,3: ත්‍රිකුණාමලය/ திரு‍கோண‍மலை/ Trincomalee,27: මුත්තූර්/ மூதூர்/ Muthur
5-3-27-110,110,පල්ලිකුඩියරුප්පු,பள்ளிக்குடியிருப்பு,Pallikudyjiruppu,219,5: නැගෙනහිර/ கிழக்கு/ Eastern,3: ත්‍රිකුණාමලය/ திரு‍கோண‍மலை/ Trincomalee,27: මුත්තූර්/ மூதூர்/ Muthur
5-3-27-115,115,චේනයූර්,சென்னையூர்,Chenaiyoor,222A,5: නැගෙනහිර/ கிழக்கு/ Eastern,3: ත්‍රිකුණාමලය/ திரு‍கோண‍மலை/ Trincomalee,27: මුත්තූර්/ மூதூர்/ Muthur
5-3-27-120,120,පට්ටාලිපුරම්,பாட்டாலிபுரம்,Paddalipuram,219B,5: නැගෙනහිර/ கிழக்கு/ Eastern,3: ත්‍රිකුණාමලය/ திரு‍கோண‍மலை/ Trincomalee,27: මුත්තූර්/ மூதூர்/ Muthur
5-3-27-125,125,නල්ලූර්,நல்லூர்,Nallur,219A,5: නැගෙනහිර/ கிழக்கு/ Eastern,3: ත්‍රිකුණාමලය/ திரு‍கோண‍மலை/ Trincomalee,27: මුත්තූර්/ மூதூர்/ Muthur
5-3-27-130,130,ඉක්බල් නගරය,இக்பால் நகர்,Iqbal Nagar,216B,5: නැගෙනහිර/ கிழக்கு/ Eastern,3: ත්‍රිකුණාමලය/ திரு‍கோண‍மலை/ Trincomalee,27: මුත්තූර්/ மூதூர்/ Muthur
5-3-27-135,135,අල්ලෛයිනගර් නැගෙනහිර,அல்லை நகர் கிழக்கு,Allai Nagar East,216A,5: නැගෙනහිර/ கிழக்கு/ Eastern,3: ත්‍රිකුණාමලය/ திரு‍கோண‍மலை/ Trincomalee,27: මුත්තූර්/ மூதூர்/ Muthur
5-3-27-140,140,අල්ලෛ නගර් බටහිර,அல்லை நகர் மேற்கு,Allai Nagar West,216E,5: නැගෙනහිර/ கிழக்கு/ Eastern,3: ත්‍රිකුණාමලය/ திரு‍கோண‍மலை/ Trincomalee,27: මුත්තූර්/ மூதூர்/ Muthur
5-3-27-145,145,තොප්පූර්,தோபூர்,Thoppur,216,5: නැගෙනහිර/ கிழக்கு/ Eastern,3: ත්‍රිකුණාමලය/ திரு‍கோண‍மலை/ Trincomalee,27: මුත්තූර්/ மூதூர்/ Muthur
5-3-27-150,150,පාලතොප්පූර්,பாலதோப்பூர்,Palathoppur,216C,5: නැගෙනහිර/ கிழக்கு/ Eastern,3: ත්‍රිකුණාමලය/ திரு‍கோண‍மலை/ Trincomalee,27: මුත්තූර්/ மூதூர்/ Muthur
5-3-27-155,155,ජින්නා නගර්,ஜின்னா நகர்,Jinna Nagar,244E,5: නැගෙනහිර/ கிழக்கு/ Eastern,3: ත්‍රිකුණාමලය/ திரு‍கோண‍மலை/ Trincomalee,27: මුත්තූර්/ மூதூர்/ Muthur
5-3-27-160,160,ඉරුතයපුරම්,இருதயாபுரம்,Iruthayapuram,218E,5: නැගෙනහිර/ கிழக்கு/ Eastern,3: ත්‍රිකුණාමලය/ திரு‍கோண‍மலை/ Trincomalee,27: මුත්තූර්/ மூதூர்/ Muthur
5-3-27-165,165,පෙරියවේලි,பெருவேலி,Peyaveli,218D,5: නැගෙනහිර/ கிழக்கு/ Eastern,3: ත්‍රිකුණාමලය/ திரு‍கோண‍மலை/ Trincomalee,27: මුත්තූර්/ மூதூர்/ Muthur
5-3-27-170,170,මල්ලිහෛතීවු,மல்லிகை தீவு,Mallihaitheevu,218,5: නැගෙනහිර/ கிழக்கு/ Eastern,3: ත්‍රිකුණාමලය/ திரு‍கோண‍மலை/ Trincomalee,27: මුත්තූර්/ மூதூர்/ Muthur
5-3-27-175,175,පට්ටිතිඩල්,பட்டிதிடல்,Paddithidal,218B,5: නැගෙනහිර/ கிழக்கு/ Eastern,3: ත්‍රිකුණාමලය/ திரு‍கோண‍மலை/ Trincomalee,27: මුත්තූර්/ மூதூர்/ Muthur
5-3-27-180,180,පාලත්තඩිචෙන්නායි,பலாதடிச்சென்னை,Palaththadichenai,218F,5: නැගෙනහිර/ கிழக்கு/ Eastern,3: ත්‍රිකුණාමලය/ திரு‍கோண‍மலை/ Trincomalee,27: මුත්තූර්/ மூதூர்/ Muthur
5-3-27-185,185,ජින්නානගර්,ஜின்னா நகர்,Jinna Nagar,216D,5: නැගෙනහිර/ கிழக்கு/ Eastern,3: ත්‍රිකුණාමලය/ திரு‍கோண‍மலை/ Trincomalee,27: මුත්තූර්/ மூதூர்/ Muthur
5-3-27-190,190,ආසාත් නගර්,அஸாத் நகரம்,Azath Nagar,218H,5: නැගෙනහිර/ கிழக்கு/ Eastern,3: ත්‍රිකුණාමලය/ திரு‍கோண‍மலை/ Trincomalee,27: මුත්තූර්/ மூதூர்/ Muthur
5-3-27-195,195,බාරතිපුරම්,பாரதிபுரம்,Barathipuram,218G,5: නැගෙනහිර/ கிழக்கு/ Eastern,3: ත්‍රිකුණාමලය/ திரு‍கோண‍மலை/ Trincomalee,27: මුත්තූර්/ மூதூர்/ Muthur
5-3-27-200,200,කිළිවෙඩ්ඩි,கிலவேட்டி,Kiliveddy,218A,5: නැගෙනහිර/ கிழக்கு/ Eastern,3: ත්‍රිකුණාමලය/ திரு‍கோண‍மலை/ Trincomalee,27: මුත්තූර්/ மூதூர்/ Muthur
5-3-27-205,205,මෙන්ගමම්,மென்காமம்,Menkamam,219 I,5: නැගෙනහිර/ கிழக்கு/ Eastern,3: ත්‍රිකුණාමලය/ திரு‍கோண‍மலை/ Trincomalee,27: මුත්තූර්/ மூதூர்/ Muthur
5-3-27-210,210,කන්ගුවේලී,கங்குவேலி,Kanguveli,218C,5: නැගෙනහිර/ கிழக்கு/ Eastern,3: ත්‍රිකුණාමලය/ திரு‍கோண‍மலை/ Trincomalee,27: මුත්තූර්/ மூதூர்/ Muthur
5-3-30-005,005,නීලපොල,நீலபொல,Nilapola,217B,5: නැගෙනහිර/ கிழக்கு/ Eastern,3: ත්‍රිකුණාමලය/ திரு‍கோண‍மலை/ Trincomalee,30: සේරුවිල/ ‍சேருவில்/ Seruwila
5-3-30-010,010,සමගිපුර,சமகிபுர,Samagipura,217C,5: නැගෙනහිර/ கிழக்கு/ Eastern,3: ත්‍රිකුණාමලය/ திரு‍கோண‍மலை/ Trincomalee,30: සේරුවිල/ ‍சேருவில்/ Seruwila
5-3-30-015,015,සිවපුරම්,ஸிவபுரம்,Sivapuram,217F,5: නැගෙනහිර/ கிழக்கு/ Eastern,3: ත්‍රිකුණාමලය/ திரு‍கோண‍மலை/ Trincomalee,30: සේරුවිල/ ‍சேருவில்/ Seruwila
5-3-30-020,020,දෙහිවත්ත,தெஹிவத்த,Dehiwaththa,217,5: නැගෙනහිර/ கிழக்கு/ Eastern,3: ත්‍රිකුණාමලය/ திரு‍கோண‍மலை/ Trincomalee,30: සේරුවිල/ ‍சேருவில்/ Seruwila
5-3-30-025,025,තංගනගර්,தங்கநகர்,Tanganagar,215G,5: නැගෙනහිර/ கிழக்கு/ Eastern,3: ත්‍රිකුණාමලය/ திரு‍கோண‍மலை/ Trincomalee,30: සේරුවිල/ ‍சேருவில்/ Seruwila
5-3-30-030,030,කාවන්තිස්සපුර,காவன்திஸ்ஸபுர,Kawanthissapura,215E,5: නැගෙනහිර/ கிழக்கு/ Eastern,3: ත්‍රිකුණාමලය/ திரு‍கோண‍மலை/ Trincomalee,30: සේරුවිල/ ‍சேருவில்/ Seruwila
5-3-30-035,035,සේරුවිල,சேருவில,Seruwila,215,5: නැගෙනහිර/ கிழக்கு/ Eastern,3: ත්‍රිකුණාමලය/ திரு‍கோண‍மலை/ Trincomalee,30: සේරුවිල/ ‍சேருவில்/ Seruwila
5-3-30-040,040,නාවක්කේණිකාඩු,நாவத்கேணிகாடு,Nawakkenikadu,215B,5: නැගෙනහිර/ கிழக்கு/ Eastern,3: ත්‍රිකුණාමලය/ திரு‍கோண‍மலை/ Trincomalee,30: සේරුවිල/ ‍சேருவில்/ Seruwila
5-3-30-045,045,සුමේධංකරපුර,ஸுமேதங்கரபுர,Sumedhankarapura,215D,5: නැගෙනහිර/ கிழக்கு/ Eastern,3: ත්‍රිකුණාමලය/ திரு‍கோண‍மலை/ Trincomalee,30: සේරුවිල/ ‍சேருவில்/ Seruwila
5-3-30-050,050,මහින්දපුර,மஹிந்தபுர,Mahindapura,215C,5: නැගෙනහිර/ கிழக்கு/ Eastern,3: ත්‍රිකුණාමලය/ திரு‍கோண‍மலை/ Trincomalee,30: සේරුවිල/ ‍சேருவில்/ Seruwila
5-3-30-055,055,සේරුනුවර,ஸேருநுவர,Serunuwara,215F,5: නැගෙනහිර/ கிழக்கு/ Eastern,3: ත්‍රිකුණාමලය/ திரு‍கோண‍மலை/ Trincomalee,30: සේරුවිල/ ‍சேருவில்/ Seruwila
5-3-30-060,060,මහවැලිගම,மஹவெலிகம,Mahaweligama,215A,5: නැගෙනහිර/ கிழக்கு/ Eastern,3: ත්‍රිකුණාමලය/ திரு‍கோண‍மலை/ Trincomalee,30: සේරුවිල/ ‍சேருவில்/ Seruwila
5-3-30-065,065,ලිංගපුරම්,லிங்கபுரம்,Lingapuram,217E,5: නැගෙනහිර/ கிழக்கு/ Eastern,3: ත්‍රිකුණාමලය/ திரு‍கோண‍மலை/ Trincomalee,30: සේරුවිල/ ‍சேருவில்/ Seruwila
5-3-30-070,070,අරියමන්කණි,அரியமன்கேணி,Ariyamankani,217D,5: නැගෙනහිර/ கிழக்கு/ Eastern,3: ත්‍රිකුණාමලය/ திரு‍கோண‍மலை/ Trincomalee,30: සේරුවිල/ ‍சேருவில்/ Seruwila
5-3-30-075,075,සිරිමංගලපුර,ஸிரிமங்களபுர,Sirimangalapura,217G,5: නැගෙනහිර/ கிழக்கு/ Eastern,3: ත්‍රිකුණාමලය/ திரு‍கோண‍மலை/ Trincomalee,30: සේරුවිල/ ‍சேருவில்/ Seruwila
5-3-30-080,080,සෝමපුර,ஸோமபுர,Somapura,217A,5: නැගෙනහිර/ கிழக்கு/ Eastern,3: ත්‍රිකුණාමලය/ திரு‍கோண‍மலை/ Trincomalee,30: සේරුවිල/ ‍சேருவில்/ Seruwila
5-3-33-005,005,ඉලංගෛතුරෛ,இலங்கைத்துறை,Elangaithurai,214C,5: නැගෙනහිර/ கிழக்கு/ Eastern,3: ත්‍රිකුණාමලය/ திரு‍கோண‍மலை/ Trincomalee,33: වෙරුගල්/ ‎வெருகல்/ Verugal
5-3-33-010,010,ඉලංගෛතුරෛමුගත්තුවාරම්,இலங்கைத்துறை முகத்துவாரம்,Elangaithuraimugaththuwara,214F,5: නැගෙනහිර/ கிழக்கு/ Eastern,3: ත්‍රිකුණාමලය/ திரு‍கோண‍மலை/ Trincomalee,33: වෙරුගල්/ ‎வெருகல்/ Verugal
5-3-33-015,015,කරුක්කාමුනෛ,கறுக்காமுனை,Karukkamunai,214G,5: නැගෙනහිර/ கிழக்கு/ Eastern,3: ත්‍රිකුණාමලය/ திரு‍கோண‍மலை/ Trincomalee,33: වෙරුගල්/ ‎வெருகல்/ Verugal
5-3-33-020,020,පූනගර්,பூநகர்,Poonagar,214B,5: නැගෙනහිර/ கிழக்கு/ Eastern,3: ත්‍රිකුණාමලය/ திரு‍கோண‍மலை/ Trincomalee,33: වෙරුගල්/ ‎வெருகல்/ Verugal
5-3-33-025,025,පුමරතඩිච්චේනෛ,பூமரத்தடிச்சேனை,Poomaraththadichenai,214H,5: නැගෙනහිර/ கிழக்கு/ Eastern,3: ත්‍රිකුණාමලය/ திரு‍கோண‍மலை/ Trincomalee,33: වෙරුගල්/ ‎வெருகல்/ Verugal
5-3-33-030,030,ඊච්චිලම්පත්තු,எச்சிலம்பட்டி,Eachchilampattu,214T,5: නැගෙනහිර/ கிழக்கு/ Eastern,3: ත්‍රිකුණාමලය/ திரு‍கோண‍மலை/ Trincomalee,33: වෙරුගල්/ ‎வெருகல்/ Verugal
5-3-33-035,035,වෙරුහල්,வெருகல்,Verugal,214A,5: නැගෙනහිර/ கிழக்கு/ Eastern,3: ත්‍රිකුණාමලය/ திரு‍கோண‍மலை/ Trincomalee,33: වෙරුගල්/ ‎வெருகல்/ Verugal
5-3-33-040,040,ආනෛතීවු,ஆநெய்தீவு,Anaithivu,214D,5: නැගෙනහිර/ கிழக்கு/ Eastern,3: ත්‍රිකුණාමලය/ திரு‍கோண‍மலை/ Trincomalee,33: වෙරුගල්/ ‎வெருகல்/ Verugal
5-3-33-045,045,වෙරුගල් මුගත්තුවාරම්,வெருகல் முகத்துவாரம்,Verugalmugaththuwaram,214E,5: නැගෙනහිර/ கிழக்கு/ Eastern,3: ත්‍රිකුණාමලය/ திரு‍கோண‍மலை/ Trincomalee,33: වෙරුගල්/ ‎வெருகல்/ Verugal
5-3-33-050,050,උප්පූරල්,உப்பூரல்,Uppooral,,5: නැගෙනහිර/ கிழக்கு/ Eastern,3: ත්‍රිකුණාමලය/ திரு‍கோண‍மலை/ Trincomalee,33: වෙරුගල්/ ‎வெருகல்/ Verugal
