GN List,,,,,,,,
LIFe Code,GN Code,Name in Sinhala,Name in Tamil,Name in English,MPA Code,Province,District,Divisional Secretariat
7-2-03-005,005,සිංහගම,சிங்ககம,Sinhagama,31,7: උතුරු මැද/ வட மத்திய/ North-Central,2: පොළොන්නරුව/ ‎பொலண்ணரு‍வை/ Polonnaruwa,3: හිඟුරක්ගොඩ/ ஹிங்குரக்‎கொடை‍/ Hingurakgoda
7-2-03-010,010,ගල්ඔය,கல்ஒய,Galoya,32,7: උතුරු මැද/ வட மத்திய/ North-Central,2: පොළොන්නරුව/ ‎பொலண்ணரு‍வை/ Polonnaruwa,3: හිඟුරක්ගොඩ/ ஹிங்குரக்‎கொடை‍/ Hingurakgoda
7-2-03-015,015,රොටවැව,ரொடவெவ,Rotawewa,34,7: උතුරු මැද/ வட மத்திய/ North-Central,2: පොළොන්නරුව/ ‎பொலண்ணரு‍வை/ Polonnaruwa,3: හිඟුරක්ගොඩ/ ஹிங்குரக்‎கொடை‍/ Hingurakgoda
7-2-03-020,020,රත්මලේ,ரத்மலே,Rathmale,33,7: උතුරු මැද/ வட மத்திய/ North-Central,2: පොළොන්නරුව/ ‎பொலண்ணரு‍வை/ Polonnaruwa,3: හිඟුරක්ගොඩ/ ஹிங்குரக்‎கொடை‍/ Hingurakgoda
7-2-03-025,025,පලුවද්දන,பலு வத்தன,Paluwaddana,35,7: උතුරු මැද/ வட மத்திய/ North-Central,2: පොළොන්නරුව/ ‎பொலண்ணரு‍வை/ Polonnaruwa,3: හිඟුරක්ගොඩ/ ஹிங்குரக்‎கொடை‍/ Hingurakgoda
7-2-03-030,030,යෝධඇල,யோத எல,Yodha Ela,63,7: උතුරු මැද/ வட மத்திய/ North-Central,2: පොළොන්නරුව/ ‎பொலண்ணரு‍வை/ Polonnaruwa,3: හිඟුරක්ගොඩ/ ஹிங்குரக்‎கொடை‍/ Hingurakgoda
7-2-03-035,035,යටියල්පතාන,யடியல்பதான,Yatiyalpathana,61,7: උතුරු මැද/ வட மத்திய/ North-Central,2: පොළොන්නරුව/ ‎பொலண்ணரு‍வை/ Polonnaruwa,3: හිඟුරක්ගොඩ/ ஹிங்குரக்‎கொடை‍/ Hingurakgoda
7-2-03-040,040,රන්කොත්ගම,ரந்கொத்கம,Rankothgama,62,7: උතුරු මැද/ வட மத்திய/ North-Central,2: පොළොන්නරුව/ ‎பொலண்ணரு‍வை/ Polonnaruwa,3: හිඟුරක්ගොඩ/ ஹிங்குரக்‎கொடை‍/ Hingurakgoda
7-2-03-045,045,සිරිකෙත,ஸ்ரீகெத்த,Siriketha,73,7: උතුරු මැද/ வட மத்திய/ North-Central,2: පොළොන්නරුව/ ‎பொலண்ணரு‍வை/ Polonnaruwa,3: හිඟුරක්ගොඩ/ ஹிங்குரக்‎கொடை‍/ Hingurakgoda
7-2-03-050,050,කුමාරගම,குமாரகம,Kumaragama,72,7: උතුරු මැද/ வட மத்திய/ North-Central,2: පොළොන්නරුව/ ‎பொலண்ணரு‍வை/ Polonnaruwa,3: හිඟුරක්ගොඩ/ ஹிங்குரக்‎கொடை‍/ Hingurakgoda
7-2-03-055,055,සාමපුර,ஸாமபுர,Samapura,80,7: උතුරු මැද/ வட மத்திய/ North-Central,2: පොළොන්නරුව/ ‎பொலண்ணரு‍வை/ Polonnaruwa,3: හිඟුරක්ගොඩ/ ஹிங்குரக்‎கொடை‍/ Hingurakgoda
7-2-03-060,060,කිඹුලාවල,கிம்புலாவல,Kimbulawala,68,7: උතුරු මැද/ வட மத்திய/ North-Central,2: පොළොන්නරුව/ ‎பொலண்ணரு‍வை/ Polonnaruwa,3: හිඟුරක්ගොඩ/ ஹிங்குரக்‎கொடை‍/ Hingurakgoda
7-2-03-065,065,උල්පත්වැව,உல்பத்வெவ,Ulpathwewa,67,7: උතුරු මැද/ வட மத்திய/ North-Central,2: පොළොන්නරුව/ ‎பொலண்ணரு‍வை/ Polonnaruwa,3: හිඟුරක්ගොඩ/ ஹிங்குரக்‎கொடை‍/ Hingurakgoda
7-2-03-070,070,මිනිහිරිගම,மிணிஹிரிகம,Minihirigama,60,7: උතුරු මැද/ வட மத்திய/ North-Central,2: පොළොන්නරුව/ ‎பொலண்ணரு‍வை/ Polonnaruwa,3: හිඟුරක්ගොඩ/ ஹிங்குரக்‎கொடை‍/ Hingurakgoda
7-2-03-075,075,මොරගස්වැව,மொரகஸ்வெவ,Moragaswewa,29,7: උතුරු මැද/ வட மத்திய/ North-Central,2: පොළොන්නරුව/ ‎பொலண்ணரு‍வை/ Polonnaruwa,3: හිඟුරක්ගොඩ/ ஹிங்குரக்‎கொடை‍/ Hingurakgoda
7-2-03-080,080,මහසෙන්ගම,மஹஸென்கம,Mahasengama,30,7: උතුරු මැද/ வட மத்திய/ North-Central,2: පොළොන්නරුව/ ‎பொலண்ணரு‍வை/ Polonnaruwa,3: හිඟුරක්ගොඩ/ ஹிங்குரக்‎கொடை‍/ Hingurakgoda
7-2-03-085,085,බත්ගම්පත්තුව,பத்கம்பத்துவ,Bathgampaththuwa,58,7: උතුරු මැද/ வட மத்திய/ North-Central,2: පොළොන්නරුව/ ‎பொலண்ணரு‍வை/ Polonnaruwa,3: හිඟුරක්ගොඩ/ ஹிங்குரக்‎கொடை‍/ Hingurakgoda
7-2-03-090,090,සමගිපුර,ஸமகிபுர,Samagipura,57,7: උතුරු මැද/ வட மத்திய/ North-Central,2: පොළොන්නරුව/ ‎பொலண்ணரு‍வை/ Polonnaruwa,3: හිඟුරක්ගොඩ/ ஹிங்குரக்‎கொடை‍/ Hingurakgoda
7-2-03-095,095,මින්නේරිය,மின்னேரிய,Minneriya,56,7: උතුරු මැද/ வட மத்திய/ North-Central,2: පොළොන්නරුව/ ‎பொலண்ணரு‍வை/ Polonnaruwa,3: හිඟුරක්ගොඩ/ ஹிங்குரக்‎கொடை‍/ Hingurakgoda
7-2-03-100,100,පාසියාවැව,பாஸியவெவ,Pasiyawewa,65,7: උතුරු මැද/ வட மத்திய/ North-Central,2: පොළොන්නරුව/ ‎பொலண்ணரு‍வை/ Polonnaruwa,3: හිඟුරක්ගොඩ/ ஹிங்குரக்‎கொடை‍/ Hingurakgoda
7-2-03-105,105,අක්කර 70,அக்கர 70,Akkara 70,64,7: උතුරු මැද/ வட மத்திய/ North-Central,2: පොළොන්නරුව/ ‎பொலண்ணரு‍வை/ Polonnaruwa,3: හිඟුරක්ගොඩ/ ஹிங்குரக்‎கொடை‍/ Hingurakgoda
7-2-03-110,110,ආර්. බී. 01,R.B. 01,R.B. 01,76,7: උතුරු මැද/ வட மத்திய/ North-Central,2: පොළොන්නරුව/ ‎பொலண்ணரு‍வை/ Polonnaruwa,3: හිඟුරක්ගොඩ/ ஹிங்குரக்‎கொடை‍/ Hingurakgoda
7-2-03-115,115,පුලතිසිගම,புலதிஸிகம,Pulathisigama,75,7: උතුරු මැද/ வட மத்திய/ North-Central,2: පොළොන්නරුව/ ‎பொலண்ணரு‍வை/ Polonnaruwa,3: හිඟුරක්ගොඩ/ ஹிங்குரக்‎கொடை‍/ Hingurakgoda
7-2-03-120,120,උල්කටුපොත,உல்கடுபொத,Ulkatupotha,77,7: උතුරු මැද/ வட மத்திய/ North-Central,2: පොළොන්නරුව/ ‎பொலண்ணரு‍வை/ Polonnaruwa,3: හිඟුරක්ගොඩ/ ஹிங்குரக்‎கொடை‍/ Hingurakgoda
7-2-03-125,125,බෝපුර,போபுர,Bopura,79,7: උතුරු මැද/ வட மத்திய/ North-Central,2: පොළොන්නරුව/ ‎பொலண்ணரு‍வை/ Polonnaruwa,3: හිඟුරක්ගොඩ/ ஹிங்குரக்‎கொடை‍/ Hingurakgoda
7-2-03-130,130,ජයපුර,ஜயபுர,Jayapura,78,7: උතුරු මැද/ வட மத்திய/ North-Central,2: පොළොන්නරුව/ ‎பொலண்ணரு‍வை/ Polonnaruwa,3: හිඟුරක්ගොඩ/ ஹிங்குரக்‎கொடை‍/ Hingurakgoda
7-2-03-135,135,හිඟුරක බංඩාරගම,ஹிந்குரக பண்டாரகம,Hinguraka Bandaragama,71,7: උතුරු මැද/ வட மத்திய/ North-Central,2: පොළොන්නරුව/ ‎பொலண்ணரு‍வை/ Polonnaruwa,3: හිඟුරක්ගොඩ/ ஹிங்குரக்‎கொடை‍/ Hingurakgoda
7-2-03-140,140,හිගුරක,ஹிந்குரக,Hinguraka,69,7: උතුරු මැද/ வட மத்திய/ North-Central,2: පොළොන්නරුව/ ‎பொலண்ணரு‍வை/ Polonnaruwa,3: හිඟුරක්ගොඩ/ ஹிங்குரக்‎கொடை‍/ Hingurakgoda
7-2-03-145,145,හතමුණ,ஹதமுன,Hathamuna,70,7: උතුරු මැද/ வட மத்திய/ North-Central,2: පොළොන්නරුව/ ‎பொலண்ணரு‍வை/ Polonnaruwa,3: හිඟුරක්ගොඩ/ ஹிங்குரக்‎கொடை‍/ Hingurakgoda
7-2-03-150,150,හිඟුරක්ගොඩ,ஹிந்குரக்கொட,Hingurakgoda,74,7: උතුරු මැද/ வட மத்திய/ North-Central,2: පොළොන්නරුව/ ‎பொலண்ணரு‍வை/ Polonnaruwa,3: හිඟුරක්ගොඩ/ ஹிங்குரக்‎கொடை‍/ Hingurakgoda
7-2-03-155,155,බුබුල,புபுல,Bubula,66,7: උතුරු මැද/ வட மத்திய/ North-Central,2: පොළොන්නරුව/ ‎பொலண்ணரு‍வை/ Polonnaruwa,3: හිඟුරක්ගොඩ/ ஹிங்குரக்‎கொடை‍/ Hingurakgoda
7-2-03-160,160,රජඇල,ரஜ எல,Raja Ela,38,7: උතුරු මැද/ வட மத்திய/ North-Central,2: පොළොන්නරුව/ ‎பொலண்ணரு‍வை/ Polonnaruwa,3: හිඟුරක්ගොඩ/ ஹிங்குரக்‎கொடை‍/ Hingurakgoda
7-2-03-165,165,රජඇල ගම,ரஜ எல கம,Raja Ela Gama,37,7: උතුරු මැද/ வட மத்திய/ North-Central,2: පොළොන්නරුව/ ‎பொலண்ணரு‍வை/ Polonnaruwa,3: හිඟුරක්ගොඩ/ ஹிங்குரக்‎கொடை‍/ Hingurakgoda
7-2-03-170,170,මුවන්පැලැස්ස,முவன்பெலெஸ்ஸ,Muwanpelessa,59,7: උතුරු මැද/ வட மத்திய/ North-Central,2: පොළොන්නරුව/ ‎பொலண்ணரு‍வை/ Polonnaruwa,3: හිඟුරක්ගොඩ/ ஹிங்குரக்‎கொடை‍/ Hingurakgoda
7-2-03-175,175,සී.පී. පුර,C.P. புர,C.P. Pura,54,7: උතුරු මැද/ வட மத்திய/ North-Central,2: පොළොන්නරුව/ ‎பொலண்ணரு‍வை/ Polonnaruwa,3: හිඟුරක්ගොඩ/ ஹிங்குரக்‎கொடை‍/ Hingurakgoda
7-2-03-180,180,ගිරිතලේ,கிரிதலே,Girithale,36,7: උතුරු මැද/ வட மத்திய/ North-Central,2: පොළොන්නරුව/ ‎பொலண்ணரு‍வை/ Polonnaruwa,3: හිඟුරක්ගොඩ/ ஹிங்குரக்‎கொடை‍/ Hingurakgoda
7-2-03-185,185,ගිරිතලේ පුරන්ගම,கிரிதலே புரண்கம,Girithale Purangama,39,7: උතුරු මැද/ வட மத்திய/ North-Central,2: පොළොන්නරුව/ ‎பொலண்ணரு‍வை/ Polonnaruwa,3: හිඟුරක්ගොඩ/ ஹிங்குரக்‎கொடை‍/ Hingurakgoda
7-2-03-190,190,ගිරිතලේ කොලනි,கிரிதலே குடியிருப்பு,Girithale Colony,40,7: උතුරු මැද/ வட மத்திய/ North-Central,2: පොළොන්නරුව/ ‎பொலண்ணரு‍வை/ Polonnaruwa,3: හිඟුරක්ගොඩ/ ஹிங்குரக்‎கொடை‍/ Hingurakgoda
7-2-03-195,195,හේන්කොළ වෙල,ஹெந்கொலவெல,Henkola Wela,43,7: උතුරු මැද/ வட மத்திய/ North-Central,2: පොළොන්නරුව/ ‎பொலண்ணரு‍வை/ Polonnaruwa,3: හිඟුරක්ගොඩ/ ஹிங்குரக்‎கொடை‍/ Hingurakgoda
7-2-03-200,200,ජයන්තිපුර,ஜயந்திபுர,Jayanthipura,48,7: උතුරු මැද/ வட மத்திய/ North-Central,2: පොළොන්නරුව/ ‎பொலண்ணரு‍வை/ Polonnaruwa,3: හිඟුරක්ගොඩ/ ஹிங்குரக்‎கொடை‍/ Hingurakgoda
7-2-03-205,205,උණගලා වෙහෙර බටහිර,உணகலவெஹெர மேற்கு,Unagalavehera West,51,7: උතුරු මැද/ வட மத்திய/ North-Central,2: පොළොන්නරුව/ ‎பொலண்ணரு‍வை/ Polonnaruwa,3: හිඟුරක්ගොඩ/ ஹிங்குரக்‎கொடை‍/ Hingurakgoda
7-2-03-210,210,උණගලා වෙහෙර නැගෙනහිර,உணகலவெஹெர கிழக்கு,Unagalavehera East,52,7: උතුරු මැද/ வட மத்திய/ North-Central,2: පොළොන්නරුව/ ‎பொலண்ணரு‍வை/ Polonnaruwa,3: හිඟුරක්ගොඩ/ ஹிங்குரக்‎கொடை‍/ Hingurakgoda
7-2-03-215,215,චන්දන පොකුණ,சந்தன பொகுண,Chandana Pokuna,53,7: උතුරු මැද/ வட மத்திய/ North-Central,2: පොළොන්නරුව/ ‎பொலண்ணரு‍வை/ Polonnaruwa,3: හිඟුරක්ගොඩ/ ஹிங்குரக்‎கொடை‍/ Hingurakgoda
7-2-03-220,220,නාගපොකුණ,நாகபொகுண,Nagapokuna,49,7: උතුරු මැද/ வட மத்திய/ North-Central,2: පොළොන්නරුව/ ‎பொலண்ணரு‍வை/ Polonnaruwa,3: හිඟුරක්ගොඩ/ ஹிங்குரக்‎கொடை‍/ Hingurakgoda
7-2-03-225,225,යාය 12 පෙදෙස,யாய 12  பெதெஸ,Track 12 Pedesa,50,7: උතුරු මැද/ வட மத்திய/ North-Central,2: පොළොන්නරුව/ ‎பொலண்ணரு‍வை/ Polonnaruwa,3: හිඟුරක්ගොඩ/ ஹிங்குரக்‎கொடை‍/ Hingurakgoda
7-2-03-230,230,චේතියගිරිගම,சேதியகிரிகம,Chethiyagirigama,47,7: උතුරු මැද/ வட மத்திய/ North-Central,2: පොළොන්නරුව/ ‎பொலண்ணரு‍வை/ Polonnaruwa,3: හිඟුරක්ගොඩ/ ஹிங்குரக்‎கொடை‍/ Hingurakgoda
7-2-03-235,235,වීරගම,வீரகம,Weeragama,44,7: උතුරු මැද/ வட மத்திய/ North-Central,2: පොළොන්නරුව/ ‎பொலண்ணரு‍வை/ Polonnaruwa,3: හිඟුරක්ගොඩ/ ஹிங்குரக்‎கொடை‍/ Hingurakgoda
7-2-03-240,240,යාය 05 පෙදෙස,யாய 5 பெதெஸ,Track  05  Pedesa,45,7: උතුරු මැද/ வட மத்திய/ North-Central,2: පොළොන්නරුව/ ‎பொலண்ணரு‍வை/ Polonnaruwa,3: හිඟුරක්ගොඩ/ ஹிங்குரக்‎கொடை‍/ Hingurakgoda
7-2-03-245,245,විජයරාජවැව,விஜயராஜ வெவ,Wijayaraja Wewa,42,7: උතුරු මැද/ வட மத்திய/ North-Central,2: පොළොන්නරුව/ ‎பொலண்ணரு‍வை/ Polonnaruwa,3: හිඟුරක්ගොඩ/ ஹிங்குரக்‎கொடை‍/ Hingurakgoda
7-2-03-250,250,අග්බෝපුර,அக்போபுர,Agbopura,41,7: උතුරු මැද/ வட மத்திய/ North-Central,2: පොළොන්නරුව/ ‎பொலண்ணரு‍வை/ Polonnaruwa,3: හිඟුරක්ගොඩ/ ஹிங்குரக்‎கொடை‍/ Hingurakgoda
7-2-03-255,255,කටුකැලියාව,கடுகெளியாவ,Katukaliyawa,55,7: උතුරු මැද/ வட மத்திய/ North-Central,2: පොළොන්නරුව/ ‎பொலண்ணரு‍வை/ Polonnaruwa,3: හිඟුරක්ගොඩ/ ஹிங்குரக்‎கொடை‍/ Hingurakgoda
7-2-03-260,260,සුදුකකන්ද-නිකවැව,ஸுதுகந்த நிகவெவ,Sudukanda - Nikawewa,46,7: උතුරු මැද/ வட மத்திய/ North-Central,2: පොළොන්නරුව/ ‎பொலண்ணரு‍வை/ Polonnaruwa,3: හිඟුරක්ගොඩ/ ஹிங்குரக்‎கொடை‍/ Hingurakgoda
7-2-03-265,265,තඹලවැව,தம்பலவெவ,Thambalawewa,46A,7: උතුරු මැද/ வட மத்திய/ North-Central,2: පොළොන්නරුව/ ‎பொலண்ணரு‍வை/ Polonnaruwa,3: හිඟුරක්ගොඩ/ ஹிங்குரக்‎கொடை‍/ Hingurakgoda
7-2-06-005,005,වෙඩිකච්චිය,வெடிகச்சிய,Wedikachchiya,97,7: උතුරු මැද/ வட மத்திய/ North-Central,2: පොළොන්නරුව/ ‎பொலண்ணரு‍வை/ Polonnaruwa,6: මැදිරිගිරිය/ ‎மெதிரிகிரிய/ Medirigiriya
7-2-06-010,010,ජයතුගම,ஜயதுகம,Jayathugama,105,7: උතුරු මැද/ வட மத்திய/ North-Central,2: පොළොන්නරුව/ ‎பொலண்ணரு‍வை/ Polonnaruwa,6: මැදිරිගිරිය/ ‎மெதிரிகிரிய/ Medirigiriya
7-2-06-015,015,එකමුතුගම,எகமுதுகம,Ekemuthugama,104,7: උතුරු මැද/ வட மத்திய/ North-Central,2: පොළොන්නරුව/ ‎பொலண்ணரு‍வை/ Polonnaruwa,6: මැදිරිගිරිය/ ‎மெதிரிகிரிய/ Medirigiriya
7-2-06-020,020,මීගස්වැව,மீகஸ்வெவ,Meegaswawe,121,7: උතුරු මැද/ வட மத்திய/ North-Central,2: පොළොන්නරුව/ ‎பொலண்ணரு‍வை/ Polonnaruwa,6: මැදිරිගිරිය/ ‎மெதிரிகிரிய/ Medirigiriya
7-2-06-025,025,පල්ලියාගොඩැල්ල,பள்ளியாகொடெல்ல,Palliyagodella,122,7: උතුරු මැද/ வட மத்திய/ North-Central,2: පොළොන්නරුව/ ‎பொலண்ணரு‍வை/ Polonnaruwa,6: මැදිරිගිරිය/ ‎மெதிரிகிரிய/ Medirigiriya
7-2-06-030,030,වඩිගවැව,வெடிகவெவ,Wadigawewa,120,7: උතුරු මැද/ வட மத்திய/ North-Central,2: පොළොන්නරුව/ ‎பொலண்ணரு‍வை/ Polonnaruwa,6: මැදිරිගිරිය/ ‎மெதிரிகிரிய/ Medirigiriya
7-2-06-035,035,සෙනරත්පුර,ஸெனரத்புர,Senarathpura,106,7: උතුරු මැද/ வட மத்திய/ North-Central,2: පොළොන්නරුව/ ‎பொலண்ணரு‍வை/ Polonnaruwa,6: මැදිරිගිරිය/ ‎மெதிரிகிரிய/ Medirigiriya
7-2-06-040,040,ඇටඹඔය,எடெம்பஒய,Etambaoya,98,7: උතුරු මැද/ வட மத்திய/ North-Central,2: පොළොන්නරුව/ ‎பொலண்ணரு‍வை/ Polonnaruwa,6: මැදිරිගිරිය/ ‎மெதிரிகிரிய/ Medirigiriya
7-2-06-045,045,කවුඩුළු වැව,கவுடுலுவெவ,Kavuduluwewa,92,7: උතුරු මැද/ வட மத்திய/ North-Central,2: පොළොන්නරුව/ ‎பொலண்ணரு‍வை/ Polonnaruwa,6: මැදිරිගිරිය/ ‎மெதிரிகிரிய/ Medirigiriya
7-2-06-050,050,මැණික් හොරොව්ව,மெணிக்ஸொரொவ்வ,Menik Horowwa,95,7: උතුරු මැද/ வட மத்திய/ North-Central,2: පොළොන්නරුව/ ‎பொலண்ணரு‍வை/ Polonnaruwa,6: මැදිරිගිරිය/ ‎மெதிரிகிரிய/ Medirigiriya
7-2-06-055,055,බිසෝ බණ්ඩාර,பிஸோ பண்டார,Biso Bandara,113,7: උතුරු මැද/ வட மத்திய/ North-Central,2: පොළොන්නරුව/ ‎பொலண்ணரு‍வை/ Polonnaruwa,6: මැදිරිගිරිය/ ‎மெதிரிகிரிய/ Medirigiriya
7-2-06-060,060,තිස්සපුර,திஸ்ஸபுர,Thissapura,114,7: උතුරු මැද/ வட மத்திய/ North-Central,2: පොළොන්නරුව/ ‎பொலண்ணரு‍வை/ Polonnaruwa,6: මැදිරිගිරිය/ ‎மெதிரிகிரிய/ Medirigiriya
7-2-06-065,065,අභයපුරගම,அபயபுரகம,Abhayapuragama,94,7: උතුරු මැද/ வட மத்திய/ North-Central,2: පොළොන්නරුව/ ‎பொலண்ணரு‍வை/ Polonnaruwa,6: මැදිරිගිරිය/ ‎மெதிரிகிரிய/ Medirigiriya
7-2-06-070,070,නව නගරය,புதிய நகரம்,New Town,93,7: උතුරු මැද/ வட மத்திய/ North-Central,2: පොළොන්නරුව/ ‎பொலண்ணரு‍வை/ Polonnaruwa,6: මැදිරිගිරිය/ ‎மெதிரிகிரிய/ Medirigiriya
7-2-06-075,075,දිග්ගල්පුර,திக்கல்புர,Diggalpura,96,7: උතුරු මැද/ வட மத்திய/ North-Central,2: පොළොන්නරුව/ ‎பொலண்ணரு‍வை/ Polonnaruwa,6: මැදිරිගිරිය/ ‎மெதிரிகிரிய/ Medirigiriya
7-2-06-080,080,වේදේහපුර,வெதேஹபுர,Wedehapura,99,7: උතුරු මැද/ வட மத்திய/ North-Central,2: පොළොන්නරුව/ ‎பொலண்ணரு‍வை/ Polonnaruwa,6: මැදිරිගිරිය/ ‎மெதிரிகிரிய/ Medirigiriya
7-2-06-085,085,බිසෝබණ්ඩාරගම,பிஸோ பண்டாரகம,Bisobandara Gama,100,7: උතුරු මැද/ வட மத்திய/ North-Central,2: පොළොන්නරුව/ ‎பொலண்ணரு‍வை/ Polonnaruwa,6: මැදිරිගිරිය/ ‎மெதிரிகிரிய/ Medirigiriya
7-2-06-090,090,අඔගස්වැව,அம்பகஸ்வெவ,Ambagaswewa,103,7: උතුරු මැද/ வட மத்திய/ North-Central,2: පොළොන්නරුව/ ‎பொலண்ணரு‍வை/ Polonnaruwa,6: මැදිරිගිරිය/ ‎மெதிரிகிரிய/ Medirigiriya
7-2-06-095,095,ජයගම්පුර,ஜயகம்புர,Jayagampura,102,7: උතුරු මැද/ வட மத்திய/ North-Central,2: පොළොන්නරුව/ ‎பொலண்ணரு‍வை/ Polonnaruwa,6: මැදිරිගිරිය/ ‎மெதிரிகிரிய/ Medirigiriya
7-2-06-100,100,නාගරපුර,நாகரபுர,Nagarapura,101,7: උතුරු මැද/ வட மத்திய/ North-Central,2: පොළොන්නරුව/ ‎பொலண்ணரு‍வை/ Polonnaruwa,6: මැදිරිගිරිය/ ‎மெதிரிகிரிய/ Medirigiriya
7-2-06-105,105,කුමුදුපුර,குமுதுபுர,Kumudupura,107,7: උතුරු මැද/ வட மத்திய/ North-Central,2: පොළොන්නරුව/ ‎பொலண்ணரு‍வை/ Polonnaruwa,6: මැදිරිගිරිය/ ‎மெதிரிகிரிய/ Medirigiriya
7-2-06-110,110,දම්සෝපුර,தம்ஸோபுர,Damsopura,110,7: උතුරු මැද/ வட மத்திய/ North-Central,2: පොළොන්නරුව/ ‎பொலண்ணரு‍வை/ Polonnaruwa,6: මැදිරිගිරිය/ ‎மெதிரிகிரிய/ Medirigiriya
7-2-06-115,115,අළුත්වැව,அலுத்வெவ,Aluthwewa,112,7: උතුරු මැද/ வட மத்திய/ North-Central,2: පොළොන්නරුව/ ‎பொலண்ணரு‍வை/ Polonnaruwa,6: මැදිරිගිරිය/ ‎மெதிரிகிரிய/ Medirigiriya
7-2-06-120,120,තලාකොලවැව,தலகொலவெவ,Thalakolawewa,111,7: උතුරු මැද/ வட மத்திய/ North-Central,2: පොළොන්නරුව/ ‎பொலண்ணரு‍வை/ Polonnaruwa,6: මැදිරිගිරිය/ ‎மெதிரிகிரிய/ Medirigiriya
7-2-06-125,125,ඉහලගම,இஹலகம,Ihalagama,109,7: උතුරු මැද/ வட மத்திய/ North-Central,2: පොළොන්නරුව/ ‎பொலண்ணரு‍வை/ Polonnaruwa,6: මැදිරිගිරිය/ ‎மெதிரிகிரிய/ Medirigiriya
7-2-06-130,130,විජයපුර,விஜயபுர,Wijayapura,108,7: උතුරු මැද/ வட மத்திய/ North-Central,2: පොළොන්නරුව/ ‎பொலண்ணரு‍வை/ Polonnaruwa,6: මැදිරිගිරිය/ ‎மெதிரிகிரிய/ Medirigiriya
7-2-06-135,135,බිසෝඋයන,பிசோ உயன,Bisouyana,89,7: උතුරු මැද/ வட மத்திய/ North-Central,2: පොළොන්නරුව/ ‎பொலண்ணரு‍வை/ Polonnaruwa,6: මැදිරිගිරිය/ ‎மெதிரிகிரிய/ Medirigiriya
7-2-06-140,140,දියසෙන්පුර,தியசென்புர,Diyasenpura,88,7: උතුරු මැද/ வட மத்திய/ North-Central,2: පොළොන්නරුව/ ‎பொலண்ணரு‍வை/ Polonnaruwa,6: මැදිරිගිරිය/ ‎மெதிரிகிரிய/ Medirigiriya
7-2-06-145,145,ගජබාපුර,கஜபாபுர,Gajabapura,86,7: උතුරු මැද/ வட மத்திய/ North-Central,2: පොළොන්නරුව/ ‎பொலண்ணரு‍வை/ Polonnaruwa,6: මැදිරිගිරිය/ ‎மெதிரிகிரிய/ Medirigiriya
7-2-06-150,150,කවුඩුළුගම,கவுடுளுகம,Kavudulugama,91,7: උතුරු මැද/ வட மத்திய/ North-Central,2: පොළොන්නරුව/ ‎பொலண்ணரு‍வை/ Polonnaruwa,6: මැදිරිගිරිය/ ‎மெதிரிகிரிய/ Medirigiriya
7-2-06-155,155,මණ්ඩලගිරිය,மண்டலகிரிய,Mandalagiriya,115,7: උතුරු මැද/ வட மத்திய/ North-Central,2: පොළොන්නරුව/ ‎பொலண்ணரு‍வை/ Polonnaruwa,6: මැදිරිගිරිය/ ‎மெதிரிகிரிய/ Medirigiriya
7-2-06-160,160,මැදිරිගිරිය,‎மெதிரிகிரிய,Medirigiriya,87,7: උතුරු මැද/ வட மத்திய/ North-Central,2: පොළොන්නරුව/ ‎பொலண்ணரு‍வை/ Polonnaruwa,6: මැදිරිගිරිය/ ‎மெதிரிகிரிய/ Medirigiriya
7-2-06-165,165,විහාරගම,விஹாரகம,Viharagama,83,7: උතුරු මැද/ வட மத்திய/ North-Central,2: පොළොන්නරුව/ ‎பொலண்ணரு‍வை/ Polonnaruwa,6: මැදිරිගිරිය/ ‎மெதிரிகிரிய/ Medirigiriya
7-2-06-170,170,දිවුලන්කඩවල,திவுலன்கடவல,Divulankadawala,84,7: උතුරු මැද/ வட மத்திய/ North-Central,2: පොළොන්නරුව/ ‎பொலண்ணரு‍வை/ Polonnaruwa,6: මැදිරිගිරිය/ ‎மெதிரிகிரிய/ Medirigiriya
7-2-06-175,175,නෙළුම්පොකුණ,நெலும் பொகுண,Nelumpokuna,82,7: උතුරු මැද/ வட மத்திய/ North-Central,2: පොළොන්නරුව/ ‎பொலண்ணரு‍வை/ Polonnaruwa,6: මැදිරිගිරිය/ ‎மெதிரிகிரிய/ Medirigiriya
7-2-06-180,180,තිස්ස අමුණ,திஸ்ஸ அமுண,Thissa Amuna,116,7: උතුරු මැද/ வட மத்திய/ North-Central,2: පොළොන්නරුව/ ‎பொலண்ணரு‍வை/ Polonnaruwa,6: මැදිරිගිරිය/ ‎மெதிரிகிரிய/ Medirigiriya
7-2-06-185,185,කුසුම් පොකුණ,குஸும் பொகுண,Kusumpokuna,118,7: උතුරු මැද/ வட மத்திய/ North-Central,2: පොළොන්නරුව/ ‎பொலண்ணரு‍வை/ Polonnaruwa,6: මැදිරිගිරිය/ ‎மெதிரிகிரிய/ Medirigiriya
7-2-06-190,190,විජයරාජපුර,விஜயராஜபுர,Wijayarajapura,119,7: උතුරු මැද/ வட மத்திய/ North-Central,2: පොළොන්නරුව/ ‎பொலண்ணரு‍வை/ Polonnaruwa,6: මැදිරිගිරිය/ ‎மெதிரிகிரிய/ Medirigiriya
7-2-06-195,195,පැරකුම්පුර,பெரகும்புர,Perakumpura,85,7: උතුරු මැද/ வட மத்திய/ North-Central,2: පොළොන්නරුව/ ‎பொலண்ணரு‍வை/ Polonnaruwa,6: මැදිරිගිරිය/ ‎மெதிரிகிரிய/ Medirigiriya
7-2-06-200,200,කහඹිලියාව,கஹம்பிலியாவ,Kahambiliyawa,90,7: උතුරු මැද/ வட மத்திய/ North-Central,2: පොළොන්නරුව/ ‎பொலண்ணரு‍வை/ Polonnaruwa,6: මැදිරිගිරිය/ ‎மெதிரிகிரிய/ Medirigiriya
7-2-06-205,205,අක්බාර්පුර,அக்பாபுர,Akbarpura,123,7: උතුරු මැද/ வட மத்திய/ North-Central,2: පොළොන්නරුව/ ‎பொலண்ணரு‍வை/ Polonnaruwa,6: මැදිරිගිරිය/ ‎மெதிரிகிரிய/ Medirigiriya
7-2-06-210,210,සනසුන්ගම,ஸன்ஸுன்கம,Sansungama,125,7: උතුරු මැද/ வட மத்திய/ North-Central,2: පොළොන්නරුව/ ‎பொலண்ணரு‍வை/ Polonnaruwa,6: මැදිරිගිරිය/ ‎மெதிரிகிரிய/ Medirigiriya
7-2-06-215,215,වෙහෙරගල,வெஹெரகல,Veheragala,124,7: උතුරු මැද/ வட மத்திய/ North-Central,2: පොළොන්නරුව/ ‎பொலண்ணரு‍வை/ Polonnaruwa,6: මැදිරිගිරිය/ ‎மெதிரிகிரிய/ Medirigiriya
7-2-06-220,220,මහසෙන්පුර,மஹஸென்புர,Mahasenpura,117,7: උතුරු මැද/ வட மத்திய/ North-Central,2: පොළොන්නරුව/ ‎பொலண்ணரு‍வை/ Polonnaruwa,6: මැදිරිගිරිය/ ‎மெதிரிகிரிய/ Medirigiriya
7-2-06-225,225,යුධගනාව,யுதகனாவ,Yudhaganawa,81,7: උතුරු මැද/ வட மத்திய/ North-Central,2: පොළොන්නරුව/ ‎பொலண்ணரு‍வை/ Polonnaruwa,6: මැදිරිගිරිය/ ‎மெதிரிகிரிய/ Medirigiriya
7-2-09-005,005,වැලිඇල,வெலிஎல,Weli Ela,149,7: උතුරු මැද/ வட மத்திய/ North-Central,2: පොළොන්නරුව/ ‎பொலண்ணரு‍வை/ Polonnaruwa,9: ලංකාපුර/ லங்காபுர/ Lankapura
7-2-09-010,010,මහ කිරිමැටිය,மஹகிரிமெடியாவ,Maha Kirimetiya,150,7: උතුරු මැද/ வட மத்திய/ North-Central,2: පොළොන්නරුව/ ‎பொலண்ணரு‍வை/ Polonnaruwa,9: ලංකාපුර/ லங்காபுர/ Lankapura
7-2-09-015,015,බුද්ධයාය,புத்தயாய,Buddhayaya,151,7: උතුරු මැද/ வட மத்திய/ North-Central,2: පොළොන්නරුව/ ‎பொலண்ணரு‍வை/ Polonnaruwa,9: ලංකාපුර/ லங்காபுர/ Lankapura
7-2-09-020,020,සුන්ගාවිල,சுங்காவுல,Sungavila,137,7: උතුරු මැද/ வட மத்திய/ North-Central,2: පොළොන්නරුව/ ‎பொலண்ணரு‍வை/ Polonnaruwa,9: ලංකාපුර/ லங்காபுர/ Lankapura
7-2-09-025,025,ජයබිම,ஜயபிம,Jayabima,138,7: උතුරු මැද/ வட மத்திய/ North-Central,2: පොළොන්නරුව/ ‎பொலண்ணரு‍வை/ Polonnaruwa,9: ලංකාපුර/ லங்காபுர/ Lankapura
7-2-09-030,030,ජයපුර,ஜயபுர,Jayapura,136A,7: උතුරු මැද/ வட மத்திய/ North-Central,2: පොළොන්නරුව/ ‎பொலண்ணரு‍வை/ Polonnaruwa,9: ලංකාපුර/ லங்காபுர/ Lankapura
7-2-09-035,035,නෙළුම්පුර,நெலும்புர,Nelumpura,136,7: උතුරු මැද/ வட மத்திய/ North-Central,2: පොළොන්නරුව/ ‎பொலண்ணரு‍வை/ Polonnaruwa,9: ලංකාපුර/ லங்காபுர/ Lankapura
7-2-09-040,040,පටුනුගම,பெதுனுகம,Patunugama,139,7: උතුරු මැද/ வட மத்திய/ North-Central,2: පොළොන්නරුව/ ‎பொலண்ணரு‍வை/ Polonnaruwa,9: ලංකාපුර/ லங்காபுர/ Lankapura
7-2-09-045,045,මුණිසිරිගම,முணிசிறிகம,Munisirigama,152,7: උතුරු මැද/ வட மத்திய/ North-Central,2: පොළොන්නරුව/ ‎பொலண்ணரு‍வை/ Polonnaruwa,9: ලංකාපුර/ லங்காபுர/ Lankapura
7-2-09-050,050,පන්සල්ගොඩැල්ල,பந்ஸல்கொடெல்ல,Pansalgodella,148,7: උතුරු මැද/ வட மத்திய/ North-Central,2: පොළොන්නරුව/ ‎பொலண்ணரு‍வை/ Polonnaruwa,9: ලංකාපුර/ லங்காபுர/ Lankapura
7-2-09-055,055,ගල් අමුණ,கல்அமுன,Gal Amuna,147,7: උතුරු මැද/ வட மத்திய/ North-Central,2: පොළොන්නරුව/ ‎பொலண்ணரு‍வை/ Polonnaruwa,9: ලංකාපුර/ லங்காபுர/ Lankapura
7-2-09-060,060,හිඟුරක්දමන,சிந்குரக் தமன,Hingurakdamana,146,7: උතුරු මැද/ வட மத்திய/ North-Central,2: පොළොන්නරුව/ ‎பொலண்ணரு‍வை/ Polonnaruwa,9: ලංකාපුර/ லங்காபுர/ Lankapura
7-2-09-065,065,ගැමුණූපුර,கெமுனுபுர,Gemunupura,145,7: උතුරු මැද/ வட மத்திய/ North-Central,2: පොළොන්නරුව/ ‎பொலண்ணரு‍வை/ Polonnaruwa,9: ලංකාපුර/ லங்காபுர/ Lankapura
7-2-09-070,070,සේනානායකපුර,ஸேநாநாயகபுர,Senanayakapura,144,7: උතුරු මැද/ வட மத்திய/ North-Central,2: පොළොන්නරුව/ ‎பொலண்ணரு‍வை/ Polonnaruwa,9: ලංකාපුර/ லங்காபுர/ Lankapura
7-2-09-075,075,දෙබරැල්ල,தெபரெல்ல,Debarella,143,7: උතුරු මැද/ வட மத்திய/ North-Central,2: පොළොන්නරුව/ ‎பொலண்ணரு‍வை/ Polonnaruwa,9: ලංකාපුර/ லங்காபுர/ Lankapura
7-2-09-080,080,සෝමපුර,ஸோமபுர,Somapura,141,7: උතුරු මැද/ வட மத்திய/ North-Central,2: පොළොන්නරුව/ ‎பொலண்ணரு‍வை/ Polonnaruwa,9: ලංකාපුර/ லங்காபுர/ Lankapura
7-2-09-085,085,අභයපුර,அபயபுரம்,Abhayapura,140,7: උතුරු මැද/ வட மத்திய/ North-Central,2: පොළොන්නරුව/ ‎பொலண்ணரு‍வை/ Polonnaruwa,9: ලංකාපුර/ லங்காபுர/ Lankapura
7-2-09-090,090,සන්ගබෝධිගම,ஸங்கபோதிகம,Sanghabodhi Gama,134,7: උතුරු මැද/ வட மத்திய/ North-Central,2: පොළොන්නරුව/ ‎பொலண்ணரு‍வை/ Polonnaruwa,9: ලංකාපුර/ லங்காபுர/ Lankapura
7-2-09-095,095,පුලස්තිගම,புலதிஸ்கம,Pulasthigama,135,7: උතුරු මැද/ வட மத்திய/ North-Central,2: පොළොන්නරුව/ ‎பொலண்ணரு‍வை/ Polonnaruwa,9: ලංකාපුර/ லங்காபுர/ Lankapura
7-2-09-100,100,කෑගලුගම,கேகலுகம,Kegalugama,142,7: උතුරු මැද/ வட மத்திய/ North-Central,2: පොළොන්නරුව/ ‎பொலண்ணரு‍வை/ Polonnaruwa,9: ලංකාපුර/ லங்காபுர/ Lankapura
7-2-09-105,105,තල්පොත,தல்பொத,Thalpotha,126,7: උතුරු මැද/ வட மத்திய/ North-Central,2: පොළොන්නරුව/ ‎பொலண்ணரு‍வை/ Polonnaruwa,9: ලංකාපුර/ லங்காபுர/ Lankapura
7-2-09-110,110,බෞද්ධාර්ථගම,பௌத்தார்தகம,Bauddhartha Gama,127,7: උතුරු මැද/ வட மத்திய/ North-Central,2: පොළොන්නරුව/ ‎பொலண்ணரு‍வை/ Polonnaruwa,9: ලංකාපුර/ லங்காபுர/ Lankapura
7-2-09-115,115,ලංකාපුර,லங்காபுர,Lankapura,128,7: උතුරු මැද/ வட மத்திய/ North-Central,2: පොළොන්නරුව/ ‎பொலண்ணரு‍வை/ Polonnaruwa,9: ලංකාපුර/ லங்காபுர/ Lankapura
7-2-09-120,120,රිෆායිපුර,ரிபாய்புர,Rifaipura,130,7: උතුරු මැද/ வட மத்திய/ North-Central,2: පොළොන්නරුව/ ‎பொலண்ணரு‍வை/ Polonnaruwa,9: ලංකාපුර/ லங்காபுர/ Lankapura
7-2-09-125,125,අල් හිලාල්පුර,அல்ஹிலால்புர,Al Hilalpura,133,7: උතුරු මැද/ வட மத்திய/ North-Central,2: පොළොන්නරුව/ ‎பொலண்ணரு‍வை/ Polonnaruwa,9: ලංකාපුර/ லங்காபுர/ Lankapura
7-2-09-130,130,තඹාල,தம்பாளை,Thambala,132,7: උතුරු මැද/ வட மத்திய/ North-Central,2: පොළොන්නරුව/ ‎பொலண்ணரு‍வை/ Polonnaruwa,9: ලංකාපුර/ லங்காபுர/ Lankapura
7-2-09-135,135,ඕනෙගම මුස්ලිම්ගම,ஓனெகம முஸ்லிம்கம,Onegama Muslimgama,131,7: උතුරු මැද/ வட மத்திய/ North-Central,2: පොළොන්නරුව/ ‎பொலண்ணரு‍வை/ Polonnaruwa,9: ලංකාපුර/ லங்காபுர/ Lankapura
7-2-09-140,140,වීරපුර,வீரபுர,Weerapura,129,7: උතුරු මැද/ வட மத்திய/ North-Central,2: පොළොන්නරුව/ ‎பொலண்ணரு‍வை/ Polonnaruwa,9: ලංකාපුර/ லங்காபுர/ Lankapura
7-2-10-005,005,සිංහපුර,சிங்கபுர,Sinhapura,286,7: උතුරු මැද/ வட மத்திய/ North-Central,2: පොළොන්නරුව/ ‎பொலண்ணரு‍வை/ Polonnaruwa,10: වැලිකන්ද/ ‎வெலிகந்த/ Welikanda
7-2-10-010,010,කන්දකඩුව,கந்த கடுவ,Kandakaduwa,283,7: උතුරු මැද/ வட மத்திய/ North-Central,2: පොළොන්නරුව/ ‎பொலண்ணரு‍வை/ Polonnaruwa,10: වැලිකන්ද/ ‎வெலிகந்த/ Welikanda
7-2-10-015,015,කටුවන්විල  බටහිර,கடுவன்வில மேற்கு,Katuwanvila West,267,7: උතුරු මැද/ வட மத்திய/ North-Central,2: පොළොන්නරුව/ ‎பொலண்ணரு‍வை/ Polonnaruwa,10: වැලිකන්ද/ ‎வெலிகந்த/ Welikanda
7-2-10-020,020,කටුවන්විල නැගෙහිර,கடுவன்வில கிழக்கு,Katuwanvila East,268,7: උතුරු මැද/ வட மத்திய/ North-Central,2: පොළොන්නරුව/ ‎பொலண்ணரு‍வை/ Polonnaruwa,10: වැලිකන්ද/ ‎வெலிகந்த/ Welikanda
7-2-10-025,025,කුඩාපොකුණ,குடா பொகுண,Kudapokuna,284,7: උතුරු මැද/ வட மத்திய/ North-Central,2: පොළොන්නරුව/ ‎பொலண்ணரு‍வை/ Polonnaruwa,10: වැලිකන්ද/ ‎வெலிகந்த/ Welikanda
7-2-10-030,030,මුතුවැල්ල,முதுவெல,Muthuwella,285,7: උතුරු මැද/ வட மத்திய/ North-Central,2: පොළොන්නරුව/ ‎பொலண்ணரு‍வை/ Polonnaruwa,10: වැලිකන්ද/ ‎வெலிகந்த/ Welikanda
7-2-10-035,035,මහින්දාගම,மகிந்தா கம,Mahindagama,282,7: උතුරු මැද/ வட மத்திய/ North-Central,2: පොළොන්නරුව/ ‎பொலண்ணரு‍வை/ Polonnaruwa,10: වැලිකන්ද/ ‎வெலிகந்த/ Welikanda
7-2-10-040,040,මගුල්පොකුණ,மகுல்பொகுண,Mangulpokuna,279,7: උතුරු මැද/ வட மத்திய/ North-Central,2: පොළොන්නරුව/ ‎பொலண்ணரு‍வை/ Polonnaruwa,10: වැලිකන්ද/ ‎வெலிகந்த/ Welikanda
7-2-10-045,045,රුහුණුකෙත,ருஹுனுகெத,Ruhunuketha,276,7: උතුරු මැද/ வட மத்திய/ North-Central,2: පොළොන්නරුව/ ‎பொலண்ணரு‍வை/ Polonnaruwa,10: වැලිකන්ද/ ‎வெலிகந்த/ Welikanda
7-2-10-050,050,මල්විල,மல்வில,Malvila,270,7: උතුරු මැද/ வட மத்திய/ North-Central,2: පොළොන්නරුව/ ‎பொலண்ணரு‍வை/ Polonnaruwa,10: වැලිකන්ද/ ‎வெலிகந்த/ Welikanda
7-2-10-055,055,සේනපුර,ஸேனபுர,Senapura,266,7: උතුරු මැද/ வட மத்திய/ North-Central,2: පොළොන්නරුව/ ‎பொலண்ணரு‍வை/ Polonnaruwa,10: වැලිකන්ද/ ‎வெலிகந்த/ Welikanda
7-2-10-060,060,මුතුගල,முதுகல,Muthugala,264,7: උතුරු මැද/ வட மத்திய/ North-Central,2: පොළොන්නරුව/ ‎பொலண்ணரு‍வை/ Polonnaruwa,10: වැලිකන්ද/ ‎வெலிகந்த/ Welikanda
7-2-10-065,065,අලංචිපොතාන,அலிஞ் பதான,Alinchipothana,265,7: උතුරු මැද/ வட மத்திய/ North-Central,2: පොළොන්නරුව/ ‎பொலண்ணரு‍வை/ Polonnaruwa,10: වැලිකන්ද/ ‎வெலிகந்த/ Welikanda
7-2-10-070,070,මදුරංගල,மதுரகல,Madurangala,269,7: උතුරු මැද/ வட மத்திய/ North-Central,2: පොළොන්නරුව/ ‎பொலண்ணரு‍வை/ Polonnaruwa,10: වැලිකන්ද/ ‎வெலிகந்த/ Welikanda
7-2-10-075,075,මල්ලින්ද,மலிந்த,Mallinda,271,7: උතුරු මැද/ வட மத்திய/ North-Central,2: පොළොන්නරුව/ ‎பொலண்ணரு‍வை/ Polonnaruwa,10: වැලිකන්ද/ ‎வெலிகந்த/ Welikanda
7-2-10-080,080,සඳුන්පිටිය,சதுனிபிடிய,Sandunpitiya,272,7: උතුරු මැද/ வட மத்திய/ North-Central,2: පොළොන්නරුව/ ‎பொலண்ணரு‍வை/ Polonnaruwa,10: වැලිකන්ද/ ‎வெலிகந்த/ Welikanda
7-2-10-085,085,සූසිරිගම,ஸுஸிரிகம,Susirigama,277,7: උතුරු මැද/ வட மத்திய/ North-Central,2: පොළොන්නරුව/ ‎பொலண்ணரு‍வை/ Polonnaruwa,10: වැලිකන්ද/ ‎வெலிகந்த/ Welikanda
7-2-10-090,090,මොණරතැන්න,மொனரத்தென்ன,Monarathenna,280,7: උතුරු මැද/ வட மத்திய/ North-Central,2: පොළොන්නරුව/ ‎பொலண்ணரு‍வை/ Polonnaruwa,10: වැලිකන්ද/ ‎வெலிகந்த/ Welikanda
7-2-10-095,095,වැලිකන්ද,‎வெலிகந்த,Welikanda,278,7: උතුරු මැද/ வட மத்திய/ North-Central,2: පොළොන්නරුව/ ‎பொலண்ணரு‍வை/ Polonnaruwa,10: වැලිකන්ද/ ‎வெலிகந்த/ Welikanda
7-2-10-100,100,කඩවතමඩුව,கடவத்தமடுவ,Kadawathamaduwa,281,7: උතුරු මැද/ வட மத்திய/ North-Central,2: පොළොන්නරුව/ ‎பொலண்ணரு‍வை/ Polonnaruwa,10: වැලිකන්ද/ ‎வெலிகந்த/ Welikanda
7-2-10-105,105,බෝඅත්ත,போவத்த,Bo-Atta,275,7: උතුරු මැද/ வட மத்திய/ North-Central,2: පොළොන්නරුව/ ‎பொலண்ணரு‍வை/ Polonnaruwa,10: වැලිකන්ද/ ‎வெலிகந்த/ Welikanda
7-2-10-110,110,මැණික්වෙල,மெனிக்வெல,Menikwela,274,7: උතුරු මැද/ வட மத்திய/ North-Central,2: පොළොන්නරුව/ ‎பொலண்ணரு‍வை/ Polonnaruwa,10: වැලිකන්ද/ ‎வெலிகந்த/ Welikanda
7-2-10-115,115,සෙවනපිටිය,ஸெவனபிடிய,Sewanapitiya,261,7: උතුරු මැද/ வட மத்திய/ North-Central,2: පොළොන්නරුව/ ‎பொலண்ணரு‍வை/ Polonnaruwa,10: වැලිකන්ද/ ‎வெலிகந்த/ Welikanda
7-2-10-120,120,මහවැව,மஹவெவ,Mahawewa,262,7: උතුරු මැද/ வட மத்திய/ North-Central,2: පොළොන්නරුව/ ‎பொலண்ணரு‍வை/ Polonnaruwa,10: වැලිකන්ද/ ‎வெலிகந்த/ Welikanda
7-2-10-125,125,කරපොල,கரபொல,Karapola,263,7: උතුරු මැද/ வட மத்திய/ North-Central,2: පොළොන්නරුව/ ‎பொலண்ணரு‍வை/ Polonnaruwa,10: වැලිකන්ද/ ‎வெலிகந்த/ Welikanda
7-2-10-130,130,ගිනිදමන,கினிதமன,Ginidamana,260,7: උතුරු මැද/ வட மத்திய/ North-Central,2: පොළොන්නරුව/ ‎பொலண்ணரு‍வை/ Polonnaruwa,10: වැලිකන්ද/ ‎வெலிகந்த/ Welikanda
7-2-10-135,135,බොරවැව,பொரவெவ,Borawewa,273,7: උතුරු මැද/ வட மத்திய/ North-Central,2: පොළොන්නරුව/ ‎பொலண்ணரு‍வை/ Polonnaruwa,10: වැලිකන්ද/ ‎வெலிகந்த/ Welikanda
7-2-10-140,140,නෙළුම්වැව,நெலும்வெவ,Nelumwewa,259,7: උතුරු මැද/ வட மத்திய/ North-Central,2: පොළොන්නරුව/ ‎பொலண்ணரு‍வை/ Polonnaruwa,10: වැලිකන්ද/ ‎வெலிகந்த/ Welikanda
7-2-10-145,145,රිදීපොකුණ,ரிதீபொகுண,Rideepokuna,258,7: උතුරු මැද/ வட மத்திய/ North-Central,2: පොළොන්නරුව/ ‎பொலண்ணரு‍வை/ Polonnaruwa,10: වැලිකන්ද/ ‎வெலிகந்த/ Welikanda
7-2-10-150,150,අලුත්වැව,அலுத்வெவ,Aluthwewa,287,7: උතුරු මැද/ வட மத்திய/ North-Central,2: පොළොන්නරුව/ ‎பொலண்ணரு‍வை/ Polonnaruwa,10: වැලිකන්ද/ ‎வெலிகந்த/ Welikanda
7-2-12-005,005,මනම්පිටිය,மனம்பிடிய,Manampitiya,207,7: උතුරු මැද/ வட மத்திய/ North-Central,2: පොළොන්නරුව/ ‎பொலண்ணரு‍வை/ Polonnaruwa,12: දිඹුලාගල/ திம்புலாகல/ Dimbulagala
7-2-12-010,010,මනම්පිටිය නැගෙනහිර,மனம்பிடிய கிழக்கு,Manampitiya East,208,7: උතුරු මැද/ வட மத்திய/ North-Central,2: පොළොන්නරුව/ ‎பொலண்ணரு‍வை/ Polonnaruwa,12: දිඹුලාගල/ திம்புலாகல/ Dimbulagala
7-2-12-015,015,දළුකාන,தழுக்கான,Dalukana,210,7: උතුරු මැද/ வட மத்திய/ North-Central,2: පොළොන්නරුව/ ‎பொலண்ணரு‍வை/ Polonnaruwa,12: දිඹුලාගල/ திம்புலாகல/ Dimbulagala
7-2-12-020,020,කුඩාවැව,குடாவெவ,Kudawewa,209,7: උතුරු මැද/ வட மத்திய/ North-Central,2: පොළොන්නරුව/ ‎பொலண்ணரு‍வை/ Polonnaruwa,12: දිඹුලාගල/ திம்புலாகல/ Dimbulagala
7-2-12-025,025,මැදගම,மெதகம,Medagama,256,7: උතුරු මැද/ வட மத்திய/ North-Central,2: පොළොන්නරුව/ ‎பொலண்ணரு‍வை/ Polonnaruwa,12: දිඹුලාගල/ திம்புலாகல/ Dimbulagala
7-2-12-030,030,ජයපුර,ஜயபுர,Jayapura,257,7: උතුරු මැද/ வட மத்திய/ North-Central,2: පොළොන්නරුව/ ‎பொலண்ணரு‍வை/ Polonnaruwa,12: දිඹුලාගල/ திம்புலாகல/ Dimbulagala
7-2-12-035,035,විජයබාපුර,விஜயபாபுர,Wijayabapura,254,7: උතුරු මැද/ வட மத்திய/ North-Central,2: පොළොන්නරුව/ ‎பொலண்ணரு‍வை/ Polonnaruwa,12: දිඹුලාගල/ திம்புலாகல/ Dimbulagala
7-2-12-040,040,වෙහෙරගම,வெஹெரகம,Veheragama,253,7: උතුරු මැද/ வட மத்திய/ North-Central,2: පොළොන්නරුව/ ‎பொலண்ணரு‍வை/ Polonnaruwa,12: දිඹුලාගල/ திம்புலாகல/ Dimbulagala
7-2-12-045,045,මිල්ලාන,மில்லன,Millana,212,7: උතුරු මැද/ வட மத்திய/ North-Central,2: පොළොන්නරුව/ ‎பொலண்ணரு‍வை/ Polonnaruwa,12: දිඹුලාගල/ திம்புலாகல/ Dimbulagala
7-2-12-050,050,දිඹුලාගල,திம்புலாகல,Dimbulagala,211,7: උතුරු මැද/ வட மத்திய/ North-Central,2: පොළොන්නරුව/ ‎பொலண்ணரு‍வை/ Polonnaruwa,12: දිඹුලාගල/ திம்புலாகல/ Dimbulagala
7-2-12-055,055,යක්කුරේ,யக்குரே,Yakkure,221,7: උතුරු මැද/ வட மத்திய/ North-Central,2: පොළොන්නරුව/ ‎பொலண்ணரு‍வை/ Polonnaruwa,12: දිඹුලාගල/ திம்புலாகல/ Dimbulagala
7-2-12-060,060,දමනෙවැව,தமனெவெவ,Damanewewa,225,7: උතුරු මැද/ வட மத்திய/ North-Central,2: පොළොන්නරුව/ ‎பொலண்ணரு‍வை/ Polonnaruwa,12: දිඹුලාගල/ திம்புலாகல/ Dimbulagala
7-2-12-065,065,පිහිටිවැව,பிஹிடி வெவ,Pihitiwewa,222,7: උතුරු මැද/ வட மத்திய/ North-Central,2: පොළොන්නරුව/ ‎பொலண்ணரு‍வை/ Polonnaruwa,12: දිඹුලාගල/ திம்புலாகல/ Dimbulagala
7-2-12-070,070,පහළ යක්උරේ,பஹல யக்குறே,Pahala Yakkure,223,7: උතුරු මැද/ வட மத்திய/ North-Central,2: පොළොන්නරුව/ ‎பொலண்ணரு‍வை/ Polonnaruwa,12: දිඹුලාගල/ திம்புலாகல/ Dimbulagala
7-2-12-075,075,මගුල්දමන,மகுல்தமன,Maguldamana,214,7: උතුරු මැද/ வட மத்திய/ North-Central,2: පොළොන්නරුව/ ‎பொலண்ணரு‍வை/ Polonnaruwa,12: දිඹුලාගල/ திம்புலாகல/ Dimbulagala
7-2-12-080,080,පැලටියාව,பலேட்டியாவ,Pelatiyawa,213,7: උතුරු මැද/ வட மத்திய/ North-Central,2: පොළොන්නරුව/ ‎பொலண்ணரு‍வை/ Polonnaruwa,12: දිඹුලාගල/ திம்புலாகல/ Dimbulagala
7-2-12-085,085,මහඋල්පත,மஹஉள்பத்த,Mahaulpatha,251,7: උතුරු මැද/ வட மத்திய/ North-Central,2: පොළොන්නරුව/ ‎பொலண்ணரு‍வை/ Polonnaruwa,12: දිඹුලාගල/ திம்புலாகல/ Dimbulagala
7-2-12-090,090,බෝගස්වැව,போகஸ்வெவ,Bogaswewa,252,7: උතුරු මැද/ வட மத்திய/ North-Central,2: පොළොන්නරුව/ ‎பொலண்ணரு‍வை/ Polonnaruwa,12: දිඹුලාගල/ திம்புலாகல/ Dimbulagala
7-2-12-095,095,රත්මල්තැන්න,ரத்மல்தென்ன,Rathmalthenna,247,7: උතුරු මැද/ வட மத்திய/ North-Central,2: පොළොන්නරුව/ ‎பொலண்ணரு‍வை/ Polonnaruwa,12: දිඹුලාගල/ திம்புலாகல/ Dimbulagala
7-2-12-100,100,යාය 05 අරලගංවිල,பாதை 5 அரலகந்வில,Track 05 Aralaganvila,248,7: උතුරු මැද/ வட மத்திய/ North-Central,2: පොළොන්නරුව/ ‎பொலண்ணரு‍வை/ Polonnaruwa,12: දිඹුලාගල/ திம்புலாகல/ Dimbulagala
7-2-12-105,105,ගොමතියාය,கோமித்தியாய,Gomathiyaya,255,7: උතුරු මැද/ வட மத்திய/ North-Central,2: පොළොන්නරුව/ ‎பொலண்ணரு‍வை/ Polonnaruwa,12: දිඹුලාගල/ திம்புலாகல/ Dimbulagala
7-2-12-110,110,අරුණපුර,அறுணபுர,Arunapura,241,7: උතුරු මැද/ வட மத்திய/ North-Central,2: පොළොන්නරුව/ ‎பொலண்ணரு‍வை/ Polonnaruwa,12: දිඹුලාගල/ திம்புலாகல/ Dimbulagala
7-2-12-115,115,අරලගංල,அரலகங்வில,Aralaganwila,245,7: උතුරු මැද/ வட மத்திய/ North-Central,2: පොළොන්නරුව/ ‎பொலண்ணரு‍வை/ Polonnaruwa,12: දිඹුලාගල/ திம்புலாகல/ Dimbulagala
7-2-12-120,120,අරලගංවිල  බටහිර,அரலகங்வில மேற்கு,Aralaganwila West,246,7: උතුරු මැද/ வட மத்திய/ North-Central,2: පොළොන්නරුව/ ‎பொலண்ணரு‍வை/ Polonnaruwa,12: දිඹුලාගල/ திம்புலாகல/ Dimbulagala
7-2-12-125,125,වීරාන,வீரன,Weerana,250,7: උතුරු මැද/ வட மத்திய/ North-Central,2: පොළොන්නරුව/ ‎பொலண்ணரு‍வை/ Polonnaruwa,12: දිඹුලාගල/ திம்புலாகல/ Dimbulagala
7-2-12-130,130,බිම්පොකුණ,பிம்கொகுண,Bimpokuna,249,7: උතුරු මැද/ வட மத்திய/ North-Central,2: පොළොන්නරුව/ ‎பொலண்ணரு‍வை/ Polonnaruwa,12: දිඹුලාගල/ திம்புலாகல/ Dimbulagala
7-2-12-135,135,පහල ඇල්‍‍‍‍ලේවැව,பஹல அல்லவெவ,Pahala Ellewewa,215,7: උතුරු මැද/ வட மத்திய/ North-Central,2: පොළොන්නරුව/ ‎பொலண்ணரு‍வை/ Polonnaruwa,12: දිඹුලාගල/ திம்புலாகல/ Dimbulagala
7-2-12-140,140,කළුකැලේ,கலுகெலே,Kalukele,217,7: උතුරු මැද/ வட மத்திய/ North-Central,2: පොළොන්නරුව/ ‎பொலண்ணரு‍வை/ Polonnaruwa,12: දිඹුලාගල/ திம்புலாகல/ Dimbulagala
7-2-12-145,145,නවගහඇල,நவகங்க எல,Nawagaha Ela,226,7: උතුරු මැද/ வட மத்திய/ North-Central,2: පොළොන්නරුව/ ‎பொலண்ணரு‍வை/ Polonnaruwa,12: දිඹුලාගල/ திம்புலாகல/ Dimbulagala
7-2-12-150,150,නුවරගල,நுவரகல,Nuwaragala,224,7: උතුරු මැද/ வட மத்திய/ North-Central,2: පොළොන්නරුව/ ‎பொலண்ணரு‍வை/ Polonnaruwa,12: දිඹුලාගල/ திம்புலாகல/ Dimbulagala
7-2-12-155,155,බඳනාගල,பந்தனாகல,Bandanagala,219,7: උතුරු මැද/ வட மத்திய/ North-Central,2: පොළොන්නරුව/ ‎பொலண்ணரு‍வை/ Polonnaruwa,12: දිඹුලාගල/ திம்புலாகல/ Dimbulagala
7-2-12-160,160,ඇල්ලේවැව,அல்லெவெவ,Ellewewa,216,7: උතුරු මැද/ வட மத்திய/ North-Central,2: පොළොන්නරුව/ ‎பொலண்ணரு‍வை/ Polonnaruwa,12: දිඹුලාගල/ திம்புலாகல/ Dimbulagala
7-2-12-165,165,ඉහළ ඇල්ලේ වැව,இஹலஅல்லவெவ,Ihala Ellewewa,218,7: උතුරු මැද/ வட மத்திய/ North-Central,2: පොළොන්නරුව/ ‎பொலண்ணரு‍வை/ Polonnaruwa,12: දිඹුලාගල/ திம்புலாகல/ Dimbulagala
7-2-12-170,170,මහදමන,மஹதமண,Mahadamana,220,7: උතුරු මැද/ வட மத்திய/ North-Central,2: පොළොන්නරුව/ ‎பொலண்ணரு‍வை/ Polonnaruwa,12: දිඹුලාගල/ திம்புலாகல/ Dimbulagala
7-2-12-175,175,පිඹුරත්වැව බටහිර,பிம்புரத்தேவ,Pimburattewa West,238,7: උතුරු මැද/ வட மத்திய/ North-Central,2: පොළොන්නරුව/ ‎பொலண்ணரு‍வை/ Polonnaruwa,12: දිඹුලාගල/ திம்புலாகல/ Dimbulagala
7-2-12-180,180,දිවුල්දමන,திவுள் தமண,Divuldamana,242,7: උතුරු මැද/ வட மத்திய/ North-Central,2: පොළොන්නරුව/ ‎பொலண்ணரு‍வை/ Polonnaruwa,12: දිඹුලාගල/ திம்புலாகல/ Dimbulagala
7-2-12-185,185,නිදන්වල,நிதன்வல,Nidanwala,244,7: උතුරු මැද/ வட மத்திய/ North-Central,2: පොළොන්නරුව/ ‎பொலண்ணரு‍வை/ Polonnaruwa,12: දිඹුලාගල/ திம்புலாகல/ Dimbulagala
7-2-12-190,190,ඉහළවැව,இப்வன்வெவ,Ihalawewa,243,7: උතුරු මැද/ வட மத்திய/ North-Central,2: පොළොන්නරුව/ ‎பொலண்ணரு‍வை/ Polonnaruwa,12: දිඹුලාගල/ திம்புலாகல/ Dimbulagala
7-2-12-195,195,පිඹුරත්තෑව නැගෙනහිර,பிம்புருத்தேவ கிழக்கு,Pimburattewa East,236,7: උතුරු මැද/ வட மத்திய/ North-Central,2: පොළොන්නරුව/ ‎பொலண்ணரு‍வை/ Polonnaruwa,12: දිඹුලාගල/ திம்புலாகல/ Dimbulagala
7-2-12-200,200,අලුත්ඔය,அலுத்ஒய,Aluthoya,237,7: උතුරු මැද/ வட மத்திய/ North-Central,2: පොළොන්නරුව/ ‎பொலண்ணரு‍வை/ Polonnaruwa,12: දිඹුලාගල/ திம்புலாகல/ Dimbulagala
7-2-12-205,205,වෙහෙ‍රගල,வெஹெரகல,Veheragala,234,7: උතුරු මැද/ வட மத்திய/ North-Central,2: පොළොන්නරුව/ ‎பொலண்ணரு‍வை/ Polonnaruwa,12: දිඹුලාගල/ திம்புலாகல/ Dimbulagala
7-2-12-210,210,වරාපිටිය,வராபிடிய,Warapitiya,235,7: උතුරු මැද/ வட மத்திய/ North-Central,2: පොළොන්නරුව/ ‎பொலண்ணரு‍வை/ Polonnaruwa,12: දිඹුලාගල/ திம்புலாகல/ Dimbulagala
7-2-12-215,215,ගල් එළිය,கல்எளிய,Gal Eliya,233,7: උතුරු මැද/ வட மத்திய/ North-Central,2: පොළොන්නරුව/ ‎பொலண்ணரு‍வை/ Polonnaruwa,12: දිඹුලාගල/ திம்புலாகல/ Dimbulagala
7-2-12-220,220,වීරලන්ද,வீரலந்த,Weeralanda,232,7: උතුරු මැද/ வட மத்திய/ North-Central,2: පොළොන්නරුව/ ‎பொலண்ணரு‍வை/ Polonnaruwa,12: දිඹුලාගල/ திம்புலாகல/ Dimbulagala
7-2-12-225,225,සඳගලතැන්න,ஸந்தகலதென்ன,Sandagalathenna,231,7: උතුරු මැද/ வட மத்திய/ North-Central,2: පොළොන්නරුව/ ‎பொலண்ணரு‍வை/ Polonnaruwa,12: දිඹුලාගල/ திம்புலாகல/ Dimbulagala
7-2-12-230,230,උල්පත්වැව,உல்பத்வெவ,Ulpathwewa,229,7: උතුරු මැද/ வட மத்திய/ North-Central,2: පොළොන්නරුව/ ‎பொலண்ணரு‍வை/ Polonnaruwa,12: දිඹුලාගල/ திம்புலாகல/ Dimbulagala
7-2-12-235,235,අලවාකුඹුර,அலவா கும்புற,Alawakumbura,239,7: උතුරු මැද/ வட மத்திய/ North-Central,2: පොළොන්නරුව/ ‎பொலண்ணரு‍வை/ Polonnaruwa,12: දිඹුලාගල/ திம்புலாகல/ Dimbulagala
7-2-12-240,240,කන්දෙගම,கந்தெகம,Kandegama,240,7: උතුරු මැද/ வட மத்திய/ North-Central,2: පොළොන්නරුව/ ‎பொலண்ணரு‍வை/ Polonnaruwa,12: දිඹුලාගල/ திம்புலாகல/ Dimbulagala
7-2-12-245,245,කනිච්චගල,கணிச்சகல,Kanichchagala,227,7: උතුරු මැද/ வட மத்திய/ North-Central,2: පොළොන්නරුව/ ‎பொலண்ணரு‍வை/ Polonnaruwa,12: දිඹුලාගල/ திம்புலாகல/ Dimbulagala
7-2-12-250,250,කැකුලුවෙල,கெகுழுவெல,Kekuluwela,228,7: උතුරු මැද/ வட மத்திய/ North-Central,2: පොළොන්නරුව/ ‎பொலண்ணரு‍வை/ Polonnaruwa,12: දිඹුලාගල/ திம்புலாகல/ Dimbulagala
7-2-12-255,255,මල්දෙනිය,மல்‎தெணிய,Maldeniya,230,7: උතුරු මැද/ வட மத்திய/ North-Central,2: පොළොන්නරුව/ ‎பொலண்ணரு‍வை/ Polonnaruwa,12: දිඹුලාගල/ திம்புலாகல/ Dimbulagala
7-2-12-260,260,මීවත්පුර,மிவத்புர,Miewathpura,294       #,7: උතුරු මැද/ வட மத்திய/ North-Central,2: පොළොන්නරුව/ ‎பொலண்ணரு‍வை/ Polonnaruwa,12: දිඹුලාගල/ திம்புலாகல/ Dimbulagala
7-2-12-265,265,රන්කෙත්ගම,ரந்கொத்கம,Rankethgama,297 #,7: උතුරු මැද/ வட மத்திய/ North-Central,2: පොළොන්නරුව/ ‎பொலண்ணரு‍வை/ Polonnaruwa,12: දිඹුලාගල/ திம்புலாகல/ Dimbulagala
7-2-12-270,270,මුදුන්ගම,முதுன்கம,Mudungama,298 #,7: උතුරු මැද/ வட மத்திய/ North-Central,2: පොළොන්නරුව/ ‎பொலண்ணரு‍வை/ Polonnaruwa,12: දිඹුලාගල/ திம்புலாகல/ Dimbulagala
7-2-12-275,275,සිරිපුර,ஸிரிபுர,Siripura,299 #,7: උතුරු මැද/ வட மத்திய/ North-Central,2: පොළොන්නරුව/ ‎பொலண்ணரு‍வை/ Polonnaruwa,12: දිඹුලාගල/ திம்புலாகல/ Dimbulagala
7-2-12-280,280,සැලසුම්ගම,ஸெலஸும்கம,Salasumgama,300 #,7: උතුරු මැද/ வட மத்திய/ North-Central,2: පොළොන්නරුව/ ‎பொலண்ணரு‍வை/ Polonnaruwa,12: දිඹුලාගල/ திம்புலாகல/ Dimbulagala
7-2-15-005,005,ශාන්තිපුර,ஷாந்திபுர,Shanthi Pura                           #,206,7: උතුරු මැද/ வட மத்திய/ North-Central,2: පොළොන්නරුව/ ‎பொலண்ணரு‍வை/ Polonnaruwa,15: තමන්කඩුව/ தமண்கடுவ/ Thamankaduwa
7-2-15-010,010,සිංහ පුර,ஸிங்கபுர,Sinha Pura  #,204,7: උතුරු මැද/ வட மத்திய/ North-Central,2: පොළොන්නරුව/ ‎பொலண்ணரு‍வை/ Polonnaruwa,15: තමන්කඩුව/ தமண்கடுவ/ Thamankaduwa
7-2-15-015,015,විජයබාහු පුර,விஜயபாகுபுர,Wijayabahu Pura,203,7: උතුරු මැද/ வட மத்திய/ North-Central,2: පොළොන්නරුව/ ‎பொலண்ணரு‍வை/ Polonnaruwa,15: තමන්කඩුව/ தமண்கடுவ/ Thamankaduwa
7-2-15-020,020,උනගලාවෙහෙර දකුණ,உணகல்வெஹெர தெற்கு,Unagalavehera South,205,7: උතුරු මැද/ வட மத்திய/ North-Central,2: පොළොන්නරුව/ ‎பொலண்ணரு‍வை/ Polonnaruwa,15: තමන්කඩුව/ தமண்கடுவ/ Thamankaduwa
7-2-15-025,025,ලක්ෂ උයන,லக்ஷ உயன,Laksha Uyana,198,7: උතුරු මැද/ வட மத்திய/ North-Central,2: පොළොන්නරුව/ ‎பொலண்ணரு‍வை/ Polonnaruwa,15: තමන්කඩුව/ தமண்கடுவ/ Thamankaduwa
7-2-15-030,030,සේවාගම,ஸேவாகம,Sevagama,200,7: උතුරු මැද/ வட மத்திய/ North-Central,2: පොළොන්නරුව/ ‎பொலண்ணரு‍வை/ Polonnaruwa,15: තමන්කඩුව/ தமண்கடுவ/ Thamankaduwa
7-2-15-035,035,වීවත්තැන්න,வீவன்தென்ன,Wewethenna,201,7: උතුරු මැද/ வட மத்திய/ North-Central,2: පොළොන්නරුව/ ‎பொலண்ணரு‍வை/ Polonnaruwa,15: තමන්කඩුව/ தமண்கடுவ/ Thamankaduwa
7-2-15-040,040,මොණරතැන්න,மொணரதென்ன,Monarathenna,202,7: උතුරු මැද/ வட மத்திய/ North-Central,2: පොළොන්නරුව/ ‎பொலண்ணரு‍வை/ Polonnaruwa,15: තමන්කඩුව/ தமண்கடுவ/ Thamankaduwa
7-2-15-045,045,දමන ගැමුණුපුර,தமன கெமுனுபுர,Damana Gemunupura,191,7: උතුරු මැද/ வட மத்திய/ North-Central,2: පොළොන්නරුව/ ‎பொலண்ணரு‍வை/ Polonnaruwa,15: තමන්කඩුව/ தமண்கடுவ/ Thamankaduwa
7-2-15-050,050,කාලිංග ඇල,காலிங்க எல,Kalinga Ela,190,7: උතුරු මැද/ வட மத்திய/ North-Central,2: පොළොන්නරුව/ ‎பொலண்ணரு‍வை/ Polonnaruwa,15: තමන්කඩුව/ தமண்கடுவ/ Thamankaduwa
7-2-15-055,055,ඕනෑගම,ஓனெகம,Onegama,195,7: උතුරු මැද/ வட மத்திய/ North-Central,2: පොළොන්නරුව/ ‎பொலண்ணரு‍வை/ Polonnaruwa,15: තමන්කඩුව/ தமண்கடுவ/ Thamankaduwa
7-2-15-060,060,සිංහරාජපුර,ஸிங்கராஜபுர,Sinharajapura,194,7: උතුරු මැද/ வட மத்திய/ North-Central,2: පොළොන්නරුව/ ‎பொலண்ணரு‍வை/ Polonnaruwa,15: තමන්කඩුව/ தமண்கடுவ/ Thamankaduwa
7-2-15-065,065,පුදූර්,புதூர்,Pudur,193,7: උතුරු මැද/ வட மத்திய/ North-Central,2: පොළොන්නරුව/ ‎பொலண்ணரு‍வை/ Polonnaruwa,15: තමන්කඩුව/ தமண்கடுவ/ Thamankaduwa
7-2-15-070,070,මැදම්‍ළුව,மெதமளுவ,Medamaluwa,197,7: උතුරු මැද/ வட மத்திய/ North-Central,2: පොළොන්නරුව/ ‎பொலண்ணரு‍வை/ Polonnaruwa,15: තමන්කඩුව/ தமண்கடுவ/ Thamankaduwa
7-2-15-075,075,විජයරාජ පුර,விஜயராஜ புர,Wijayaraja Pura,196,7: උතුරු මැද/ வட மத்திய/ North-Central,2: පොළොන්නරුව/ ‎பொலண்ணரு‍வை/ Polonnaruwa,15: තමන්කඩුව/ தமண்கடுவ/ Thamankaduwa
7-2-15-080,080,පලුගස්දමන 03 ඇල,பலுகஸ்தமன 03 எல,Palugasdamana 03 Ela,175,7: උතුරු මැද/ வட மத்திய/ North-Central,2: පොළොන්නරුව/ ‎பொலண்ணரு‍வை/ Polonnaruwa,15: තමන්කඩුව/ தமண்கடுவ/ Thamankaduwa
7-2-15-085,085,පලුගස්දමන 02 ඇල,பலுகஸ்தமன 2 எல,Palugasdamana 02 Ela,174,7: උතුරු මැද/ வட மத்திய/ North-Central,2: පොළොන්නරුව/ ‎பொலண்ணரு‍வை/ Polonnaruwa,15: තමන්කඩුව/ தமண்கடுவ/ Thamankaduwa
7-2-15-090,090,පලුගස්දමන 01 ඇල,பலுகஸ்தமன 1 எல,Palugasdamana 01 Ela,173,7: උතුරු මැද/ வட மத்திய/ North-Central,2: පොළොන්නරුව/ ‎பொலண்ணரு‍வை/ Polonnaruwa,15: තමන්කඩුව/ தமண்கடுவ/ Thamankaduwa
7-2-15-095,095,පලුගස්දමන දකුණ,பலுகஸ்தமன தமன,Palugasdamana South,177,7: උතුරු මැද/ வட மத்திய/ North-Central,2: පොළොන්නරුව/ ‎பொலண்ணரு‍வை/ Polonnaruwa,15: තමන්කඩුව/ தமண்கடுவ/ Thamankaduwa
7-2-15-100,100,පලුගස්දමන උතුර,பலுகஸ்தமன வடக்கு,Palugasdamana North,176,7: උතුරු මැද/ வட மத்திய/ North-Central,2: පොළොන්නරුව/ ‎பொலண்ணரு‍வை/ Polonnaruwa,15: තමන්කඩුව/ தமண்கடுவ/ Thamankaduwa
7-2-15-105,105,නිශ්ශංකමුල්ලපුර,நிஷ்ஷங்கமல்லபுர,Nishshankamallapura,199,7: උතුරු මැද/ வட மத்திய/ North-Central,2: පොළොන්නරුව/ ‎பொலண்ணரு‍வை/ Polonnaruwa,15: තමන්කඩුව/ தமண்கடுவ/ Thamankaduwa
7-2-15-110,110,ඇතුමල්පිටිය,எதுமல்பிடிய,Ethumalpitiya,155,7: උතුරු මැද/ வட மத்திய/ North-Central,2: පොළොන්නරුව/ ‎பொலண்ணரு‍வை/ Polonnaruwa,15: තමන්කඩුව/ தமண்கடுவ/ Thamankaduwa
7-2-15-115,115,නිකවැව,நிகவெவ,Nikawewa,156,7: උතුරු මැද/ வட மத்திய/ North-Central,2: පොළොන්නරුව/ ‎பொலண்ணரு‍வை/ Polonnaruwa,15: තමන්කඩුව/ தமண்கடுவ/ Thamankaduwa
7-2-15-120,120,කඩවලවැව,கடல வெவ,Kadawala Wewa,158,7: උතුරු මැද/ வட மத்திய/ North-Central,2: පොළොන්නරුව/ ‎பொலண்ணரு‍வை/ Polonnaruwa,15: තමන්කඩුව/ தமண்கடுவ/ Thamankaduwa
7-2-15-125,125,සමුද්‍රගම,ஸமுதுகம,Samudragama,154,7: උතුරු මැද/ வட மத்திய/ North-Central,2: පොළොන්නරුව/ ‎பொலண்ணரு‍வை/ Polonnaruwa,15: තමන්කඩුව/ தமண்கடுவ/ Thamankaduwa
7-2-15-130,130,සිරිසන්ගබෝ පෙදෙස,ஸிரிஸந்கபோ பெதெஸ,Sirisangabo Pedesa,155A,7: උතුරු මැද/ வட மத்திய/ North-Central,2: පොළොන්නරුව/ ‎பொலண்ணரு‍வை/ Polonnaruwa,15: තමන්කඩුව/ தமண்கடுவ/ Thamankaduwa
7-2-15-135,135,බැදිවැව,பெதிவெவ,Bendiwewa,153,7: උතුරු මැද/ வட மத்திய/ North-Central,2: පොළොන්නරුව/ ‎பொலண்ணரு‍வை/ Polonnaruwa,15: තමන්කඩුව/ தமண்கடுவ/ Thamankaduwa
7-2-15-140,140,ගල්තඹරාව,கல்தம்பராவ,Galthambarawa,178,7: උතුරු මැද/ வட மத்திய/ North-Central,2: පොළොන්නරුව/ ‎பொலண்ணரு‍வை/ Polonnaruwa,15: තමන්කඩුව/ தமண்கடுவ/ Thamankaduwa
7-2-15-145,145,කුරුප්පු හන්දිය,குருப்பு ஹந்திய,Kuruppu Junction,179,7: උතුරු මැද/ வட மத்திய/ North-Central,2: පොළොන්නරුව/ ‎பொலண்ணரு‍வை/ Polonnaruwa,15: තමන්කඩුව/ தமண்கடுவ/ Thamankaduwa
7-2-15-150,150,මහසෙන් පෙදෙස,மஹஸென் பெதெஸ,Mahasen Pedesa,180,7: උතුරු මැද/ வட மத்திய/ North-Central,2: පොළොන්නරුව/ ‎பொலண்ணரு‍வை/ Polonnaruwa,15: තමන්කඩුව/ தமண்கடுவ/ Thamankaduwa
7-2-15-155,155,කදුරුවෙල  බටහිර,கந்‎துருவெல மேற்கு,Kaduruwela West,183,7: උතුරු මැද/ வட மத்திய/ North-Central,2: පොළොන්නරුව/ ‎பொலண்ணரு‍வை/ Polonnaruwa,15: තමන්කඩුව/ தமண்கடுவ/ Thamankaduwa
7-2-15-160,160,කදුරුවෙල  නැගෙනහිර,கந்துருவெல கிழக்கு,Kaduruwela East,186,7: උතුරු මැද/ வட மத்திய/ North-Central,2: පොළොන්නරුව/ ‎பொலண்ணரு‍வை/ Polonnaruwa,15: තමන්කඩුව/ தமண்கடுவ/ Thamankaduwa
7-2-15-165,165,දිවුලාන,திவுலான,Divulana,192,7: උතුරු මැද/ வட மத்திய/ North-Central,2: පොළොන්නරුව/ ‎பொலண்ணரு‍வை/ Polonnaruwa,15: තමන්කඩුව/ தமண்கடுவ/ Thamankaduwa
7-2-15-170,170,ගල්ලෑල්ල,கல்எல்ல,Gallella,187,7: උතුරු මැද/ வட மத்திய/ North-Central,2: පොළොන්නරුව/ ‎பொலண்ணரு‍வை/ Polonnaruwa,15: තමන්කඩුව/ தமண்கடுவ/ Thamankaduwa
7-2-15-175,175,මනික්කම්පට්ටිය,மாணிக்கம்பிடிய,Manikkampattiya,181,7: උතුරු මැද/ வட மத்திய/ North-Central,2: පොළොන්නරුව/ ‎பொலண்ணரு‍வை/ Polonnaruwa,15: තමන්කඩුව/ தமண்கடுவ/ Thamankaduwa
7-2-15-180,180,ගල්ලෑල්ල බටහිර,கல்எல்ல மேற்கு,Gallella West,188,7: උතුරු මැද/ வட மத்திய/ North-Central,2: පොළොන්නරුව/ ‎பொலண்ணரு‍வை/ Polonnaruwa,15: තමන්කඩුව/ தமண்கடுவ/ Thamankaduwa
7-2-15-185,185,නෙළුම්විල,நெலும்வில,Nelumvila,182,7: උතුරු මැද/ வட மத்திய/ North-Central,2: පොළොන්නරුව/ ‎பொலண்ணரு‍வை/ Polonnaruwa,15: තමන්කඩුව/ தமண்கடுவ/ Thamankaduwa
7-2-15-190,190,කදුරුවෙල  දකුණ,கந்துருவெல தெற்கு,Kaduruwela South,184,7: උතුරු මැද/ வட மத்திய/ North-Central,2: පොළොන්නරුව/ ‎பொலண்ணரு‍வை/ Polonnaruwa,15: තමන්කඩුව/ தமண்கடுவ/ Thamankaduwa
7-2-15-195,195,පැරකුම් පෙදෙස,பெரகும் பெதெஸ,Perakum Pedesa,185,7: උතුරු මැද/ வட மத்திய/ North-Central,2: පොළොන්නරුව/ ‎பொலண்ணரு‍வை/ Polonnaruwa,15: තමන්කඩුව/ தமண்கடுவ/ Thamankaduwa
7-2-15-200,200,වීර පෙදෙස,வீர பெதெஸ,Weera Pedesa,162,7: උතුරු මැද/ வட மத்திய/ North-Central,2: පොළොන්නරුව/ ‎பொலண்ணரு‍வை/ Polonnaruwa,15: තමන්කඩුව/ தமண்கடுவ/ Thamankaduwa
7-2-15-205,205,පුලතිසි පෙදෙස,புலதிஸி பெதெஸ,Pulathisi Pedesa,163,7: උතුරු මැද/ வட மத்திய/ North-Central,2: පොළොන්නරුව/ ‎பொலண்ணரு‍வை/ Polonnaruwa,15: තමන්කඩුව/ தமண்கடுவ/ Thamankaduwa
7-2-15-210,210,පොලොන්නරුව නගරය,பொலொன்னருவை நகரம்,Polonnaruwa Town,172,7: උතුරු මැද/ வட மத்திய/ North-Central,2: පොළොන්නරුව/ ‎பொலண்ணரு‍வை/ Polonnaruwa,15: තමන්කඩුව/ தமண்கடுவ/ Thamankaduwa
7-2-15-215,215,තෝපාවැව,தோபாவெல,Thopawewa,171,7: උතුරු මැද/ வட மத்திய/ North-Central,2: පොළොන්නරුව/ ‎பொலண்ணரு‍வை/ Polonnaruwa,15: තමන්කඩුව/ தமண்கடுவ/ Thamankaduwa
7-2-15-220,220,සිංහ උදාගම,ஸிங்க உதாகம,Sinha Udagama,157,7: උතුරු මැද/ வட மத்திய/ North-Central,2: පොළොන්නරුව/ ‎பொலண்ணரு‍வை/ Polonnaruwa,15: තමන්කඩුව/ தமண்கடுவ/ Thamankaduwa
7-2-15-225,225,පොත්ගුල් පෙදෙස,பொத்குல் பெதெஸ,Pothgul Pedesa,167,7: උතුරු මැද/ வட மத்திய/ North-Central,2: පොළොන්නරුව/ ‎பொலண்ணரு‍வை/ Polonnaruwa,15: තමන්කඩුව/ தமண்கடுவ/ Thamankaduwa
7-2-15-230,230,උඩවෙල,உடவெல,Udawela,168,7: උතුරු මැද/ வட மத்திய/ North-Central,2: පොළොන්නරුව/ ‎பொலண்ணரு‍வை/ Polonnaruwa,15: තමන්කඩුව/ தமண்கடுவ/ Thamankaduwa
7-2-15-235,235,ගනන්ගොල්ල,கனன்கொல்ல,Ganangolla,161,7: උතුරු මැද/ வட மத்திய/ North-Central,2: පොළොන්නරුව/ ‎பொலண்ணரு‍வை/ Polonnaruwa,15: තමන්කඩුව/ தமண்கடுவ/ Thamankaduwa
7-2-15-240,240,නිශ්ශංකමල්ල පෙදෙස,நிஷ்ஷங்கமல்ல பெதெஸ,Nishshankamalla Pedesa,170,7: උතුරු මැද/ வட மத்திய/ North-Central,2: පොළොන්නරුව/ ‎பொலண்ணரு‍வை/ Polonnaruwa,15: තමන්කඩුව/ தமண்கடுவ/ Thamankaduwa
7-2-15-245,245,මහවැලි පෙදෙස,மஹவெலி பெதெஸ,Mahaweli Pedesa,169,7: උතුරු මැද/ வட மத்திய/ North-Central,2: පොළොන්නරුව/ ‎பொலண்ணரு‍வை/ Polonnaruwa,15: තමන්කඩුව/ தமண்கடுவ/ Thamankaduwa
7-2-15-250,250,කොටලිය,கொடலிய,Kotaliya,189,7: උතුරු මැද/ வட மத்திய/ North-Central,2: පොළොන්නරුව/ ‎பொலண்ணரு‍வை/ Polonnaruwa,15: තමන්කඩුව/ தமண்கடுவ/ Thamankaduwa
7-2-15-255,255,අලුත් වැව නැගෙනහිර,அலுத்வெவ கிழக்கு,Aluth Wewa East,159,7: උතුරු මැද/ வட மத்திய/ North-Central,2: පොළොන්නරුව/ ‎பொலண்ணரு‍வை/ Polonnaruwa,15: තමන්කඩුව/ தமண்கடுவ/ Thamankaduwa
7-2-15-260,260,අලුත් වැව  බටහිර,அலுத்வெவ மேற்கு,Aluth Wewa West,160,7: උතුරු මැද/ வட மத்திய/ North-Central,2: පොළොන්නරුව/ ‎பொலண்ணரு‍வை/ Polonnaruwa,15: තමන්කඩුව/ தமண்கடுவ/ Thamankaduwa
7-2-15-265,265,පරාක්‍රමසමුද්‍රය,பராக்கிரம சமுத்திரம்,Parakrama Samudraya,164,7: උතුරු මැද/ வட மத்திய/ North-Central,2: පොළොන්නරුව/ ‎பொலண்ணரு‍வை/ Polonnaruwa,15: තමන්කඩුව/ தமண்கடுவ/ Thamankaduwa
7-2-15-270,270,අඔන්ගග,அம்பந்கக,Ambanganga,165,7: උතුරු මැද/ வட மத்திய/ North-Central,2: පොළොන්නරුව/ ‎பொலண்ணரு‍வை/ Polonnaruwa,15: තමන්කඩුව/ தமண்கடுவ/ Thamankaduwa
7-2-15-275,275,කලහගල,கலஹாகல,Kalahagala,166,7: උතුරු මැද/ வட மத்திய/ North-Central,2: පොළොන්නරුව/ ‎பொலண்ணரு‍வை/ Polonnaruwa,15: තමන්කඩුව/ தமண்கடுவ/ Thamankaduwa
7-2-18-005,005,ඉහකුළුවැව,இஹகுலுவெவ,Ihakuluwewa,27,7: උතුරු මැද/ வட மத்திய/ North-Central,2: පොළොන්නරුව/ ‎பொலண்ணரு‍வை/ Polonnaruwa,18: ඇලහැර/ எல‎ஹெற/ Elahera
7-2-18-010,010,කටුකැලියාව,கட்கெளியாவ,Katukeliyawa,28,7: උතුරු මැද/ வட மத்திய/ North-Central,2: පොළොන්නරුව/ ‎பொலண்ணரு‍வை/ Polonnaruwa,18: ඇලහැර/ எல‎ஹெற/ Elahera
7-2-18-015,015,දියබෙදුම,தியபெதும,Diyabeduma,26,7: උතුරු මැද/ வட மத்திய/ North-Central,2: පොළොන්නරුව/ ‎பொலண்ணரு‍வை/ Polonnaruwa,18: ඇලහැර/ எல‎ஹெற/ Elahera
7-2-18-020,020,කොඳුරුවාව,கோதுருவெவ,Konduruwawa,25,7: උතුරු මැද/ வட மத்திய/ North-Central,2: පොළොන්නරුව/ ‎பொலண்ணரு‍வை/ Polonnaruwa,18: ඇලහැර/ எல‎ஹெற/ Elahera
7-2-18-025,025,අත්තනකඩවල  බටහිර,அத்தனகடவல மேற்கு,Attanakadawala West,20,7: උතුරු මැද/ வட மத்திய/ North-Central,2: පොළොන්නරුව/ ‎பொலண்ணரு‍வை/ Polonnaruwa,18: ඇලහැර/ எல‎ஹெற/ Elahera
7-2-18-030,030,රදවිගේඔය,ரதவீரிஒய,Radavigeoya,23,7: උතුරු මැද/ வட மத்திய/ North-Central,2: පොළොන්නරුව/ ‎பொலண்ணரு‍வை/ Polonnaruwa,18: ඇලහැර/ எல‎ஹெற/ Elahera
7-2-18-035,035,මඩුදමන,மடுதமன,Madudamana,22,7: උතුරු මැද/ வட மத்திய/ North-Central,2: පොළොන්නරුව/ ‎பொலண்ணரு‍வை/ Polonnaruwa,18: ඇලහැර/ எல‎ஹெற/ Elahera
7-2-18-040,040,අත්තනකඩවල උතුර,அத்தனகடவல வடக்கு,Attanakadawala North,19,7: උතුරු මැද/ வட மத்திய/ North-Central,2: පොළොන්නරුව/ ‎பொலண்ணரு‍வை/ Polonnaruwa,18: ඇලහැර/ எல‎ஹெற/ Elahera
7-2-18-045,045,අත්තනකඩවල දකුණ,அத்தனகடவலதெற்கு,Attanakadawala South,18,7: උතුරු මැද/ வட மத்திய/ North-Central,2: පොළොන්නරුව/ ‎பொலண்ணரு‍வை/ Polonnaruwa,18: ඇලහැර/ எல‎ஹெற/ Elahera
7-2-18-050,050,ඉකිරිවැව,இகிரி வெவ,Ikiriwewa,21,7: උතුරු මැද/ வட மத்திய/ North-Central,2: පොළොන්නරුව/ ‎பொலண்ணரு‍வை/ Polonnaruwa,18: ඇලහැර/ எல‎ஹெற/ Elahera
7-2-18-055,055,කහටගහපිටිය,கஹபிடிய,Kahatagahapitiya,24,7: උතුරු මැද/ வட மத்திய/ North-Central,2: පොළොන්නරුව/ ‎பொலண்ணரு‍வை/ Polonnaruwa,18: ඇලහැර/ எல‎ஹெற/ Elahera
7-2-18-060,060,නිකපිටිය,நிகபிடிய,Nikapitiya,16,7: උතුරු මැද/ வட மத்திய/ North-Central,2: පොළොන්නරුව/ ‎பொலண்ணரு‍வை/ Polonnaruwa,18: ඇලහැර/ எல‎ஹெற/ Elahera
7-2-18-065,065,සරුබිම,ஸருபிம,Sarubima,17,7: උතුරු මැද/ வட மத்திய/ North-Central,2: පොළොන්නරුව/ ‎பொலண்ணரு‍வை/ Polonnaruwa,18: ඇලහැර/ எல‎ஹெற/ Elahera
7-2-18-070,070,සෑගල,ஸேகல,Segala,15,7: උතුරු මැද/ வட மத்திய/ North-Central,2: පොළොන්නරුව/ ‎பொலண்ணரு‍வை/ Polonnaruwa,18: ඇලහැර/ எல‎ஹெற/ Elahera
7-2-18-075,075,කෝට්ටපිටිය දකුණ,கொடபிடிய தெற்கு,Kottapitiya South,10,7: උතුරු මැද/ வட மத்திய/ North-Central,2: පොළොන්නරුව/ ‎பொலண்ணரு‍வை/ Polonnaruwa,18: ඇලහැර/ எல‎ஹெற/ Elahera
7-2-18-080,080,සොමියල්ස්,ஸொமியெல்ஸ்,Somiyals,14,7: උතුරු මැද/ வட மத்திய/ North-Central,2: පොළොන්නරුව/ ‎பொலண்ணரு‍வை/ Polonnaruwa,18: ඇලහැර/ எல‎ஹெற/ Elahera
7-2-18-085,085,ගඟේයාය,கங்கெயாய,Gageyaya,13,7: උතුරු මැද/ வட மத்திய/ North-Central,2: පොළොන්නරුව/ ‎பொலண்ணரு‍வை/ Polonnaruwa,18: ඇලහැර/ எல‎ஹெற/ Elahera
7-2-18-090,090,කෝට්ටපිටිය උතුර,கொடபிடிய வடக்கு,Kottapitiya North,11,7: උතුරු මැද/ வட மத்திய/ North-Central,2: පොළොන්නරුව/ ‎பொலண்ணரு‍வை/ Polonnaruwa,18: ඇලහැර/ எல‎ஹெற/ Elahera
7-2-18-095,095,දමනයාය,தமனயாய,Damanayaya,8,7: උතුරු මැද/ வட மத்திய/ North-Central,2: පොළොන්නරුව/ ‎பொலண்ணரு‍வை/ Polonnaruwa,18: ඇලහැර/ எல‎ஹெற/ Elahera
7-2-18-100,100,ඇලහැර,எல‎ஹெற,Elahara,3,7: උතුරු මැද/ வட மத்திய/ North-Central,2: පොළොන්නරුව/ ‎பொலண்ணரு‍வை/ Polonnaruwa,18: ඇලහැර/ எல‎ஹெற/ Elahera
7-2-18-105,105,හීරටිය,ஹீரடிய,Heeratiya,5,7: උතුරු මැද/ வட மத்திய/ North-Central,2: පොළොන්නරුව/ ‎பொலண்ணரு‍வை/ Polonnaruwa,18: ඇලහැර/ எல‎ஹெற/ Elahera
7-2-18-110,110,බකමූණ,பகமூன,Bakamoona,7,7: උතුරු මැද/ வட மத்திய/ North-Central,2: පොළොන්නරුව/ ‎பொலண்ணரு‍வை/ Polonnaruwa,18: ඇලහැර/ எல‎ஹெற/ Elahera
7-2-18-115,115,සිරිකඳුයාය,ஸிரிகந்துரயாய,Sirikanduyaya,12,7: උතුරු මැද/ வட மத்திய/ North-Central,2: පොළොන්නරුව/ ‎பொலண்ணரு‍வை/ Polonnaruwa,18: ඇලහැර/ எல‎ஹெற/ Elahera
7-2-18-120,120,අත්තරගල්ලෑව,அதரகல்லேவ,Atharagallewa,2,7: උතුරු මැද/ வட மத்திய/ North-Central,2: පොළොන්නරුව/ ‎பொலண்ணரு‍வை/ Polonnaruwa,18: ඇලහැර/ எல‎ஹெற/ Elahera
7-2-18-125,125,මළුවේයාය,மலுவெயாய,Maluweyaya,9,7: උතුරු මැද/ வட மத்திய/ North-Central,2: පොළොන්නරුව/ ‎பொலண்ணரு‍வை/ Polonnaruwa,18: ඇලහැර/ எல‎ஹெற/ Elahera
7-2-18-130,130,ඔරුබැඳි සියඔලාව,ஒருபெந்தி ஸியம்பலாவ,Orubendi Siyambalawa,4,7: උතුරු මැද/ வட மத்திய/ North-Central,2: පොළොන්නරුව/ ‎பொலண்ணரு‍வை/ Polonnaruwa,18: ඇලහැර/ எல‎ஹெற/ Elahera
7-2-18-135,135,කුමාර ඇල්ල,குமார எல்ல,Kumara Ella,6,7: උතුරු මැද/ வட மத்திய/ North-Central,2: පොළොන්නරුව/ ‎பொலண்ணரு‍வை/ Polonnaruwa,18: ඇලහැර/ எல‎ஹெற/ Elahera
7-2-18-140,140,කිරිඔය,கிரிஒய,Kirioya,1,7: උතුරු මැද/ வட மத்திய/ North-Central,2: පොළොන්නරුව/ ‎பொலண்ணரு‍வை/ Polonnaruwa,18: ඇලහැර/ எல‎ஹெற/ Elahera
