GN List,,,,,,,,
LIFe Code,GN Code,Name in Sinhala,Name in Tamil,Name in English,MPA Code,Province,District,Divisional Secretariat
4-5-03-005,005,අල්ලිපලයි,அல்லிப்பளை,Allipallai,89,4: උතුර/ வடக்கு/ Northern,5: කිලිනොච්චි/ கிளி‎‎நொச்சி/ Kilinochchi,3: පච්චිලයිපල්ලි/ பச்சிலைப்பல்லி/ Pachchilaipalli
4-5-03-010,010,අරසර්කේණි,அரசர்கேணி,Arasarkerni,91,4: උතුර/ வடக்கு/ Northern,5: කිලිනොච්චි/ கிளி‎‎நொச்சி/ Kilinochchi,3: පච්චිලයිපල්ලි/ பச்சிலைப்பல்லி/ Pachchilaipalli
4-5-03-015,015,ඉට්ටාවිල්,இத்தாவில்,Ittavil,92,4: උතුර/ வடக்கு/ Northern,5: කිලිනොච්චි/ கிளி‎‎நொச்சி/ Kilinochchi,3: පච්චිලයිපල්ලි/ பச்சிலைப்பல்லி/ Pachchilaipalli
4-5-03-020,020,ඉයක්කච්චි,இயக்கச்சி,Iyakachchi,79,4: උතුර/ வடக்கு/ Northern,5: කිලිනොච්චි/ கிளி‎‎நொச்சி/ Kilinochchi,3: පච්චිලයිපල්ලි/ பச்சிலைப்பல்லி/ Pachchilaipalli
4-5-03-025,025,කච්චාර්වෙලි,கச்சார்வெளி,Kachcharveli,90,4: උතුර/ வடக்கு/ Northern,5: කිලිනොච්චි/ கிளி‎‎நொச்சி/ Kilinochchi,3: පච්චිලයිපල්ලි/ பச்சிலைப்பல்லி/ Pachchilaipalli
4-5-03-030,030,කිලාලි,கிளாலி,Kilali,95,4: උතුර/ வடக்கு/ Northern,5: කිලිනොච්චි/ கிளி‎‎நொச்சி/ Kilinochchi,3: පච්චිලයිපල්ලි/ பச்சிலைப்பல்லி/ Pachchilaipalli
4-5-03-035,035,කෝවිල්වයල්,கோவில் வயல்,Kovilvayal,78,4: උතුර/ வடக்கு/ Northern,5: කිලිනොච්චි/ கிளி‎‎நொச்சி/ Kilinochchi,3: පච්චිලයිපල්ලි/ பச்சிலைப்பல்லி/ Pachchilaipalli
4-5-03-040,040,මාසාර්,மாசார்,Masar,81,4: උතුර/ வடக்கு/ Northern,5: කිලිනොච්චි/ கிளி‎‎நொச்சி/ Kilinochchi,3: පච්චිලයිපල්ලි/ பச்சிலைப்பல்லி/ Pachchilaipalli
4-5-03-045,045,මුගමාලයි,முகமாலை,Mugamalai,93,4: උතුර/ வடக்கு/ Northern,5: කිලිනොච්චි/ கிளி‎‎நொச்சி/ Kilinochchi,3: පච්චිලයිපල්ලි/ பச்சிலைப்பல்லி/ Pachchilaipalli
4-5-03-050,050,මුගාවිල්,முகாவில்,Mugavil,80,4: උතුර/ வடக்கு/ Northern,5: කිලිනොච්චි/ கிளி‎‎நொச்சி/ Kilinochchi,3: පච්චිලයිපල්ලි/ பச்சிலைப்பல்லி/ Pachchilaipalli
4-5-03-055,055,මුල්ලයඩි,முல்லையடி,Mullaiyady,85,4: උතුර/ வடக்கு/ Northern,5: කිලිනොච්චි/ கிளி‎‎நொச்சி/ Kilinochchi,3: පච්චිලයිපල්ලි/ பச்சிலைப்பல்லி/ Pachchilaipalli
4-5-03-060,060,පලේයි නගරය,பளை நகரம்,Pallai Town,87,4: උතුර/ வடக்கு/ Northern,5: කිලිනොච්චි/ கிளி‎‎நொச்சி/ Kilinochchi,3: පච්චිලයිපල්ලි/ பச்சிலைப்பல்லி/ Pachchilaipalli
4-5-03-065,065,පුලෝපලයි,புலோப்பளை,Pulopallai,84,4: උතුර/ வடக்கு/ Northern,5: කිලිනොච්චි/ கிளி‎‎நொச்சி/ Kilinochchi,3: පච්චිලයිපල්ලි/ பச்சிலைப்பல்லி/ Pachchilaipalli
4-5-03-070,070,පුලෝපලයි බටහිර,புலோப்பளை மேற்கு,Pulopallai West,88,4: උතුර/ வடக்கு/ Northern,5: කිලිනොච්චි/ கிளி‎‎நொச்சி/ Kilinochchi,3: පච්චිලයිපල්ලි/ பச்சிலைப்பல்லி/ Pachchilaipalli
4-5-03-075,075,සෝරන්පර්රු,சோறன்பற்று,Soranpattu,82,4: උතුර/ வடக்கு/ Northern,5: කිලිනොච්චි/ கிளி‎‎நொச்சி/ Kilinochchi,3: පච්චිලයිපල්ලි/ பச்சிலைப்பல்லி/ Pachchilaipalli
4-5-03-080,080,තම්පගාමම්,தம்பகாமம்,Thambagamam,86,4: උතුර/ வடக்கு/ Northern,5: කිලිනොච්චි/ கிளி‎‎நொச்சி/ Kilinochchi,3: පච්චිලයිපල්ලි/ பச்சிலைப்பல்லி/ Pachchilaipalli
4-5-03-085,085,තර්මකේණි,தா்மக்கேணி,Tharmakerny,83,4: උතුර/ வடக்கு/ Northern,5: කිලිනොච්චි/ கிளி‎‎நொச்சி/ Kilinochchi,3: පච්චිලයිපල්ලි/ பச்சிலைப்பல்லி/ Pachchilaipalli
4-5-03-090,090,වේම්පොඩුකේණි,வேம்பொடுகேணி,Vembodukerny,94,4: උතුර/ வடக்கு/ Northern,5: කිලිනොච්චි/ கிளி‎‎நொச்சி/ Kilinochchi,3: පච්චිලයිපල්ලි/ பச்சிலைப்பல்லி/ Pachchilaipalli
4-5-06-005,005,අලිමංකඩ,ஆனை யிறவு,Elephant Pass,KN/46,4: උතුර/ வடக்கு/ Northern,5: කිලිනොච්චි/ கிளி‎‎நொச்சி/ Kilinochchi,6: කන්දවලායි/ கந்தவளை/ Kandavalai
4-5-06-010,010,කල්මඩුනගර්,கல்மடுநகர்,Kalmadunagar,KN/ 53,4: උතුර/ வடக்கு/ Northern,5: කිලිනොච්චි/ கிளி‎‎நொச்சி/ Kilinochchi,6: කන්දවලායි/ கந்தவளை/ Kandavalai
4-5-06-015,015,කන්ඩාවලෙයි,கண்டாவளை,Kandawalai,KN/51,4: උතුර/ வடக்கு/ Northern,5: කිලිනොච්චි/ கிளி‎‎நொச்சி/ Kilinochchi,6: කන්දවලායි/ கந்தவளை/ Kandavalai
4-5-06-020,020,කෝරක්කන්කට්ටු,கோரக்கன்கட்டு,Korakkankaddu,KN/48,4: උතුර/ வடக்கு/ Northern,5: කිලිනොච්චි/ கிளி‎‎நொச்சி/ Kilinochchi,6: කන්දවලායි/ கந்தவளை/ Kandavalai
4-5-06-025,025,කුමරපුරම්,குமரபுரம்,Kumarapuram,KN/43,4: උතුර/ வடக்கு/ Northern,5: කිලිනොච්චි/ கிளி‎‎நொச்சி/ Kilinochchi,6: කන්දවලායි/ கந்தவளை/ Kandavalai
4-5-06-030,030,මුරසුමෝට්ටෙයි,முரசுமோட்டை,Murasumoddai,KN/50,4: උතුර/ வடக்கு/ Northern,5: කිලිනොච්චි/ கிளி‎‎நொச்சி/ Kilinochchi,6: කන්දවලායි/ கந்தவளை/ Kandavalai
4-5-06-035,035,පරන්දන්,பரந்தன்,Paranthan,KN/44,4: උතුර/ வடக்கு/ Northern,5: කිලිනොච්චි/ கிளி‎‎நொச்சி/ Kilinochchi,6: කන්දවලායි/ கந்தவளை/ Kandavalai
4-5-06-040,040,පෙරියකුලම්,பெரியகுளம்,Periyakulam,KN/52,4: උතුර/ வடக்கு/ Northern,5: කිලිනොච්චි/ கிளி‎‎நொச்சி/ Kilinochchi,6: කන්දවලායි/ கந்தவளை/ Kandavalai
4-5-06-045,045,පිරමන්දනාරු,பிரமந்தனாறு,Piramanthanaru,KN/ 58,4: උතුර/ வடக்கு/ Northern,5: කිලිනොච්චි/ கிளி‎‎நொச்சி/ Kilinochchi,6: කන්දවලායි/ கந்தவளை/ Kandavalai
4-5-06-050,050,පුලියම්පොක්කනෙයි,புளியம்பொக்கணை,Puliyampokkanai,KN/56,4: උතුර/ வடக்கு/ Northern,5: කිලිනොච්චි/ கிளி‎‎நொச்சி/ Kilinochchi,6: කන්දවලායි/ கந்தவளை/ Kandavalai
4-5-06-055,055,පුදිය පුන්නයි නීරාවි,புன்னைநீராவி,Puthiya Punnaineeravi,KN/57,4: උතුර/ வடக்கு/ Northern,5: කිලිනොච්චි/ கிளி‎‎நொச்சி/ Kilinochchi,6: කන්දවලායි/ கந்தவளை/ Kandavalai
4-5-06-060,060,තඩ්ඩුවන්කොඩ්ඩි,தட்டுவன் கொட்டிய,Thadduvankoddy,KN/47,4: උතුර/ வடக்கு/ Northern,5: කිලිනොච්චි/ கிளி‎‎நொச்சி/ Kilinochchi,6: කන්දවලායි/ கந்தவளை/ Kandavalai
4-5-06-065,065,ධර්මපුරම් නැගෙනහිර,தர்மபுரம் கிழக்கு,Tharmapuram East,KN/55,4: උතුර/ வடக்கு/ Northern,5: කිලිනොච්චි/ கிளி‎‎நொச்சி/ Kilinochchi,6: කන්දවලායි/ கந்தவளை/ Kandavalai
4-5-06-070,070,ධර්මපුරම් බටහිර,தர்மபுரம் மேற்கு,Tharmapuram West,KN/54,4: උතුර/ வடக்கு/ Northern,5: කිලිනොච්චි/ கிளி‎‎நொச்சி/ Kilinochchi,6: කන්දවලායි/ கந்தவளை/ Kandavalai
4-5-06-075,075,උමෛයාල්පුරම්,உமையாள்புரம்,Umaiyalpuram,KN/45,4: උතුර/ வடக்கு/ Northern,5: කිලිනොච්චි/ கிளி‎‎நொச்சி/ Kilinochchi,6: කන්දවලායි/ கந்தவளை/ Kandavalai
4-5-06-080,080,ඌරියාන්,ஊரியான்,Uriyan,KN/49,4: උතුර/ வடக்கு/ Northern,5: කිලිනොච්චි/ கிளி‎‎நொச்சி/ Kilinochchi,6: කන්දවලායි/ கந்தவளை/ Kandavalai
4-5-09-005,005,අක්කරායන්කුලම්,அக்கராயன் குளம்,Akkarayan kulam,K/05,4: උතුර/ வடக்கு/ Northern,5: කිලිනොච්චි/ கிளி‎‎நொச்சி/ Kilinochchi,9: කරච්චි/ கரைச்சி/ Karachchi
4-5-09-010,010,අම්පාල් කුලම්,அம்பாள்குளம்,Ampalkulam,K/14,4: උතුර/ வடக்கு/ Northern,5: කිලිනොච්චි/ கிளி‎‎நொச்சி/ Kilinochchi,9: කරච්චි/ கரைச்சி/ Karachchi
4-5-09-015,015,අම්පාල්නගර්,அம்பாள் நகர்,Ampalnakar,K/19,4: උතුර/ வடக்கு/ Northern,5: කිලිනොච්චි/ கிளி‎‎நொச்சி/ Kilinochchi,9: කරච්චි/ கரைச்சி/ Karachchi
4-5-09-020,020,ආනෛවිලුන්තාන්කුලම්,ஆனைவிழுந்தான்குளம்,Anaivilunthaankulam,K/02,4: උතුර/ வடக்கு/ Northern,5: කිලිනොච්චි/ கிளி‎‎நொச்சி/ Kilinochchi,9: කරච්චි/ கரைச்சி/ Karachchi
4-5-09-025,025,ආනන්දපුරම්,ஆனந்தபுரம்,Ananthapuram,K/16,4: උතුර/ வடக்கு/ Northern,5: කිලිනොච්චි/ கிளி‎‎நொச்சி/ Kilinochchi,9: කරච්චි/ கரைச்சி/ Karachchi
4-5-09-030,030,සිවික් මධ්‍යස්ථානය,சிவிக்சென்ரா்,Civic Center,K/39,4: උතුර/ வடக்கு/ Northern,5: කිලිනොච්චි/ கிளி‎‎நொச்சி/ Kilinochchi,9: කරච්චි/ கரைச்சி/ Karachchi
4-5-09-035,035,ජෙයන්තිනගර්,ஜெயந்திநகர்,Jeyanthinagar,K/30,4: උතුර/ வடக்கு/ Northern,5: කිලිනොච්චි/ கிளி‎‎நொச்சி/ Kilinochchi,9: කරච්චි/ கரைச்சி/ Karachchi
4-5-09-040,040,කනහාම්පිකෛ කුලම්,கனகாம்பிகைக்குளம்,Kanagambikaykulam,K/18,4: උතුර/ வடக்கு/ Northern,5: කිලිනොච්චි/ கிளி‎‎நொச்சி/ Kilinochchi,9: කරච්චි/ கரைச்சி/ Karachchi
4-5-09-045,045,කනගපුරම්,கனகபுரம்,Kanagapuram,K/ 26,4: උතුර/ வடக்கு/ Northern,5: කිලිනොච්චි/ கிளி‎‎நொச்சி/ Kilinochchi,9: කරච්චි/ கரைச்சி/ Karachchi
4-5-09-050,050,ගණේෂපුරම්,கணேசபுரம்,Ganeshapuram,K/29,4: උතුර/ வடக்கு/ Northern,5: කිලිනොච්චි/ கிளி‎‎நொச்சி/ Kilinochchi,9: කරච්චි/ கரைச்சி/ Karachchi
4-5-09-055,055,කන්නකෛපුරම්,கண்ணகைபுரம்,Kannakai puram,K/03,4: උතුර/ வடக்கு/ Northern,5: කිලිනොච්චි/ கிளி‎‎நொச்சி/ Kilinochchi,9: කරච්චි/ கரைச்சி/ Karachchi
4-5-09-060,060,කිලි නගරය,கிளி நகர்,Kili Town,K/23,4: උතුර/ வடக்கு/ Northern,5: කිලිනොච්චි/ கிளி‎‎நொச்சி/ Kilinochchi,9: කරච්චි/ கரைச்சி/ Karachchi
4-5-09-065,065,කෝනාවිල්,கோணாவில்,Konavil,K/06,4: උතුර/ வடக்கு/ Northern,5: කිලිනොච්චි/ கிளி‎‎நொச்சி/ Kilinochchi,9: කරච්චි/ கரைச்சி/ Karachchi
4-5-09-070,070,ක්‍රිෂ්නපුරම්,கிருஸ்ணபுரம்,Krishnapuram,K/11,4: උතුර/ வடக்கு/ Northern,5: කිලිනොච්චි/ கிளி‎‎நொச்சி/ Kilinochchi,9: කරච්චි/ கரைச்சி/ Karachchi
4-5-09-075,075,මලෛයාලපුරම්,மலையாளபுரம்,Malaiyalapuram,K/09,4: උතුර/ வடக்கு/ Northern,5: කිලිනොච්චි/ கிளி‎‎நொச்சி/ Kilinochchi,9: කරච්චි/ கரைச்சி/ Karachchi
4-5-09-080,080,මරුදනගර්,மருதநகர்,Maruthanakar,K/ 24,4: උතුර/ வடக்கு/ Northern,5: කිලිනොච්චි/ கிளி‎‎நொச்சி/ Kilinochchi,9: කරච්චි/ கரைச்சி/ Karachchi
4-5-09-085,085,මාවඩියම්මන්,மாவடியம்மன்,Mavadiyamman,K/ 42,4: උතුර/ வடக்கு/ Northern,5: කිලිනොච්චි/ கிளி‎‎நொச்சி/ Kilinochchi,9: කරච්චි/ கரைச்சி/ Karachchi
4-5-09-090,090,මායවනර්,மாயவனூர்,Mayavanoor,K/ 40,4: උතුර/ வடக்கு/ Northern,5: කිලිනොච්චි/ கிளி‎‎நொச்சி/ Kilinochchi,9: කරච්චි/ கரைச்சி/ Karachchi
4-5-09-095,095,පන්නන්කණ්ඩි,பன்னங்கண்டி,Pannankandy,K/25,4: උතුර/ வடக்கு/ Northern,5: කිලිනොච්චි/ கிளி‎‎நொச்சி/ Kilinochchi,9: කරච්චි/ கரைச்சி/ Karachchi
4-5-09-100,100,පාරතිපුරම්,பாரதிபுரம்,Barathi puram,K/08,4: උතුර/ வடக்கு/ Northern,5: කිලිනොච්චි/ கிளி‎‎நொச்சி/ Kilinochchi,9: කරච්චි/ கரைச்சி/ Karachchi
4-5-09-105,105,පෙරිය පරන්දන්,பெரியபரந்தன்,Periya Paranthan,K/31,4: උතුර/ வடக்கு/ Northern,5: කිලිනොච්චි/ கிளி‎‎நொச்சி/ Kilinochchi,9: කරච්චි/ கரைச்சி/ Karachchi
4-5-09-110,110,පොන්නගර්,பொன்னகர்,Ponnagar,K/07,4: උතුර/ வடக்கு/ Northern,5: කිලිනොච්චි/ கிளி‎‎நொச்சி/ Kilinochchi,9: කරච්චි/ கரைச்சி/ Karachchi
4-5-09-115,115,‍පුදුමුරිප්පු,புதுமுறிப்பு,Puthumurippu,K/37,4: උතුර/ வடக்கு/ Northern,5: කිලිනොච්චි/ கிளி‎‎நொச்சி/ Kilinochchi,9: කරච්චි/ கரைச்சி/ Karachchi
4-5-09-120,120,රාමනාදපුරම්,‎இராமநாதபுரம்,Ramanathapuram,K/41,4: උතුර/ வடக்கு/ Northern,5: කිලිනොච්චි/ கிளி‎‎நொச்சி/ Kilinochchi,9: කරච්චි/ கரைச்சி/ Karachchi
4-5-09-125,125,රතිනාපුරම්,இரதினாபுரம்,Rathinapuram,K/22,4: උතුර/ வடக்கு/ Northern,5: කිලිනොච්චි/ கிளி‎‎நொச்சி/ Kilinochchi,9: කරච්චි/ கரைச்சி/ Karachchi
4-5-09-130,130,සෙල්වානගර්,செல்வாநகர்,Selvanakar,K/15,4: උතුර/ வடக்கு/ Northern,5: කිලිනොච්චි/ கிளி‎‎நொச்சி/ Kilinochchi,9: කරච්චි/ கரைச்சி/ Karachchi
4-5-09-135,135,සිවනගර්,சிவநகர்,Sivanakar,K/35,4: උතුර/ வடக்கு/ Northern,5: කිලිනොච්චි/ கிளி‎‎நொச்சி/ Kilinochchi,9: කරච්චි/ கரைச்சி/ Karachchi
4-5-09-140,140,ස්කන්තපුරම්,ஸ்கந்தபுரம்,Skantha puram,K/ 04,4: උතුර/ வடக்கு/ Northern,5: කිලිනොච්චි/ கிளி‎‎நொச்சி/ Kilinochchi,9: කරච්චි/ கரைச்சி/ Karachchi
4-5-09-145,145,තිරුනගර් උතුර,திருநகர் வடக்கு,Thirunagar North,K/28,4: උතුර/ வடக்கு/ Northern,5: කිලිනොච්චි/ கிளி‎‎நொச்சி/ Kilinochchi,9: කරච්චි/ கரைச்சி/ Karachchi
4-5-09-150,150,තිරුනගර් දකුණ,திருநகர் தெற்கு,Thirunagar South,K/27,4: උතුර/ வடக்கு/ Northern,5: කිලිනොච්චි/ கிளி‎‎நொச்சி/ Kilinochchi,9: කරච්චි/ கரைச்சி/ Karachchi
4-5-09-155,155,තිරුවෛයාරු,திருவையாறு,Thiruvaiyaru,K/20,4: උතුර/ வடக்கு/ Northern,5: කිලිනොච්චි/ கிளி‎‎நொச்சி/ Kilinochchi,9: කරච්චි/ கரைச்சி/ Karachchi
4-5-09-160,160,තිරුවෛයාරු බස්නාහිර,திருவையாறு மேற்கு,Thiruvaiyaru West,K/21,4: උතුර/ வடக்கு/ Northern,5: කිලිනොච්චි/ கிளி‎‎நொச்சி/ Kilinochchi,9: කරච්චි/ கரைச்சி/ Karachchi
4-5-09-165,165,තොණ්ඩමාන් නගර්,தொண்டமான் நகர்,Thondamannagar,K/17,4: උතුර/ வடக்கு/ Northern,5: කිලිනොච්චි/ கிளி‎‎நொச்சி/ Kilinochchi,9: කරච්චි/ கரைச்சி/ Karachchi
4-5-09-170,170,උරුතිරපුරම් නැගෙනහිර,உருத்திரபுரம் கிழக்கு,Uruthirapuram East,K/33,4: උතුර/ வடக்கு/ Northern,5: කිලිනොච්චි/ கிளி‎‎நொச்சி/ Kilinochchi,9: කරච්චි/ கரைச்சி/ Karachchi
4-5-09-175,175,උරුතිපුරම් උතුර,உருத்திரபுரம் வடக்கு,Uruththiram puram North,K/ 32,4: උතුර/ வடக்கு/ Northern,5: කිලිනොච්චි/ கிளி‎‎நொச்சி/ Kilinochchi,9: කරච්චි/ கரைச்சி/ Karachchi
4-5-09-180,180,උරුතිරපුරම් බස්නාහිර,உருத்திரபுரம் மேற்கு,Uruthirapuram West,K/34,4: උතුර/ வடக்கு/ Northern,5: කිලිනොච්චි/ கிளி‎‎நொச்சி/ Kilinochchi,9: කරච්චි/ கரைச்சி/ Karachchi
4-5-09-185,185,උදයනගර් නැගෙනහිර,உதயநகர் கிழக்கு,Uthayanagar East,K/12,4: උතුර/ வடக்கு/ Northern,5: කිලිනොච්චි/ கிளி‎‎நொச்சி/ Kilinochchi,9: කරච්චි/ கரைச்சி/ Karachchi
4-5-09-190,190,උදයනගර් බස්නාහිර,உதயநகர் மேற்கு,Uthayanagar West,K/13,4: උතුර/ வடக்கு/ Northern,5: කිලිනොච්චි/ கிளி‎‎நொச்சி/ Kilinochchi,9: කරච්චි/ கரைச்சி/ Karachchi
4-5-09-195,195,උට්ටුපුලම්,ஊற்றுப்புலம்,Uttupulam,K/36,4: උතුර/ வடக்கு/ Northern,5: කිලිනොච්චි/ கிளி‎‎நொச்சி/ Kilinochchi,9: කරච්චි/ கரைச்சி/ Karachchi
4-5-09-200,200,වඩ්ඩකච්චි,வட்டக்கச்சி,Vaddakachchi,K/38,4: උතුර/ வடக்கு/ Northern,5: කිලිනොච්චි/ கிளி‎‎நொச்சி/ Kilinochchi,9: කරච්චි/ கரைச்சி/ Karachchi
4-5-09-205,205,වන්නේරිකුලම්,வன்னேரிக்குளம்,Vannerikulam,K/01,4: උතුර/ வடக்கு/ Northern,5: කිලිනොච්චි/ கிளி‎‎நொச்சி/ Kilinochchi,9: කරච්චි/ கரைச்சி/ Karachchi
4-5-09-210,210,විවේකානන්තනගර්,விவேகானந்தநகர்,Vivegananthanagar,K/10,4: උතුර/ வடக்கு/ Northern,5: කිලිනොච්චි/ கிளி‎‎நொச்சி/ Kilinochchi,9: කරච්චි/ கரைச்சி/ Karachchi
4-5-12-005,005,ආලංකේණි,ஆலங்கேணி,Alankerny,60,4: උතුර/ வடக்கு/ Northern,5: කිලිනොච්චි/ கிளி‎‎நொச்சி/ Kilinochchi,12: පුනකරි/ பூணாகரி/ Poonakary
4-5-12-010,010,චෙඩ්ඩියකුරිච්චි,செட்டியகுறிச்சி,Cheddiyakurichchi,61,4: උතුර/ வடக்கு/ Northern,5: කිලිනොච්චි/ கிளி‎‎நொச்சி/ Kilinochchi,12: පුනකරි/ பூணாகரி/ Poonakary
4-5-12-015,015,ඤානිමඩම්,ஞானிமடம்,Gnanimadam,63,4: උතුර/ வடக்கு/ Northern,5: කිලිනොච්චි/ கிளி‎‎நொச்சி/ Kilinochchi,12: පුනකරි/ பூணாகரி/ Poonakary
4-5-12-020,020,ඉරනෛතිවු,இரனைதிவு,Iranaitivu,77,4: උතුර/ வடக்கு/ Northern,5: කිලිනොච්චි/ கிளி‎‎நொச்சி/ Kilinochchi,12: පුනකරි/ பூணாகரி/ Poonakary
4-5-12-025,025,ජෙයපුරම් උතුර,​​​ஜெயபுரம் வடக்கு,Jayapuram North,69,4: උතුර/ வடக்கு/ Northern,5: කිලිනොච්චි/ கிளி‎‎நொச்சி/ Kilinochchi,12: පුනකරි/ பூணாகரி/ Poonakary
4-5-12-030,030,‍ජෙයපුරම් දකුණ,ஜெயபுரம் தெற்கு,Jeyapuram South,70,4: උතුර/ வடக்கு/ Northern,5: කිලිනොච්චි/ கிளி‎‎நொச்சி/ Kilinochchi,12: පුනකරි/ பூணாகரி/ Poonakary
4-5-12-035,035,කරියාලෛ නාගපඩුවාන්,கரியாலை நாகபடுவான்,Kariyalainagapaduvan,71,4: උතුර/ வடக்கு/ Northern,5: කිලිනොච්චි/ கிளி‎‎நொச்சி/ Kilinochchi,12: පුනකරි/ பூணாகரி/ Poonakary
4-5-12-040,040,කිරඤ්සි,கிராஞ்சி,Kiranchi,75,4: උතුර/ வடக்கு/ Northern,5: කිලිනොච්චි/ கிளி‎‎நொச்சி/ Kilinochchi,12: පුනකරි/ பூணாகரி/ Poonakary
4-5-12-045,045,කොල්ලකුරිච්චි,கொல்லகுறிச்சி,Kollakuruchchi,62,4: උතුර/ வடக்கு/ Northern,5: කිලිනොච්චි/ கிளி‎‎நொச்சி/ Kilinochchi,12: පුනකරි/ பூணாகரி/ Poonakary
4-5-12-050,050,කෞතාරිමුනෛ,கௌதாரிமுணை,Gowtharimunai,68,4: උතුර/ வடக்கு/ Northern,5: කිලිනොච්චි/ கிளி‎‎நொச்சி/ Kilinochchi,12: පුනකරි/ பூணாகரி/ Poonakary
4-5-12-055,055,මට්ටුවිල්නාටු නැගෙනහිර,மட்டுவில்நாடு கிழக்கு,Madduvilnadu East,64,4: උතුර/ வடக்கு/ Northern,5: කිලිනොච්චි/ கிளி‎‎நொச்சி/ Kilinochchi,12: පුනකරි/ பூணாகரி/ Poonakary
4-5-12-060,060,මඩ්ඩුවිල්නාඩු බටහිර,மட்டுவில்நாடு மேற்கு,Madduvilnadu West,66,4: උතුර/ வடக்கு/ Northern,5: කිලිනොච්චි/ கிளி‎‎நொச்சி/ Kilinochchi,12: පුනකරි/ பூணாகரி/ Poonakary
4-5-12-065,065,මුලංකාවිල්,முழங்காவில்,Mulankavil,73,4: උතුර/ வடக்கு/ Northern,5: කිලිනොච්චි/ கிளி‎‎நொச்சி/ Kilinochchi,12: පුනකරි/ பூணாகரி/ Poonakary
4-5-12-070,070,නාච්චිකුඩා,நாச்சிக்குடா,Nachchikuda,74,4: උතුර/ வடக்கு/ Northern,5: කිලිනොච්චි/ கிளி‎‎நொச்சி/ Kilinochchi,12: පුනකරි/ பூணாகரி/ Poonakary
4-5-12-075,075,නල්ලූර්,நல்லூர்,Nallur,59,4: උතුර/ வடக்கு/ Northern,5: කිලිනොච්චි/ கிளி‎‎நொச்சி/ Kilinochchi,12: පුනකරි/ பூணாகரி/ Poonakary
4-5-12-080,080,පල්ලවරායන්කට්ටු,பல்லவராயன் கட்டு,Pallavarayankaddu,72,4: උතුර/ வடக்கு/ Northern,5: කිලිනොච්චි/ கிளி‎‎நொச்சி/ Kilinochchi,12: පුනකරි/ பூணாகரி/ Poonakary
4-5-12-085,085,පළ්ළිකු‍ඩා,பள்ளிக்குடா,Pallikuda,65,4: උතුර/ வடக்கு/ Northern,5: කිලිනොච්චි/ கிளி‎‎நொச்சி/ Kilinochchi,12: පුනකරි/ பூணாகரி/ Poonakary
4-5-12-090,090,පරමන්කිරායි,பரமன்கிராய்,Paramankirai,67,4: උතුර/ வடக்கு/ Northern,5: කිලිනොච්චි/ கிளி‎‎நொச்சி/ Kilinochchi,12: පුනකරි/ பூணாகரி/ Poonakary
4-5-12-095,095,පොන්නාවෙළි,பொன்னாவெளி,Ponnaveli,76,4: උතුර/ வடக்கு/ Northern,5: කිලිනොච්චි/ கிளி‎‎நொச்சி/ Kilinochchi,12: පුනකරි/ பூணாகரி/ Poonakary
