GN List,,,,,,,,
LIFe Code,GN Code,Name in Sinhala,Name in Tamil,Name in English,MPA Code,Province,District,Divisional Secretariat
8-1-03-005,005,රොටලෙවෙල,‎‎ரொட்டலவெல,Rotalawela,1M,8: ඌව/ ஊவா/ Uva,1: බදුල්ල/ பது‍ளை/ Badulla,3: මහියංගනය/ மஹியங்க‍ணை/ Mahiyanganaya
8-1-03-010,010,දිවුලපැලැස්ස,திவுலபெலெஸ்ஸ,Divulapelessa,1C,8: ඌව/ ஊவா/ Uva,1: බදුල්ල/ பது‍ளை/ Badulla,3: මහියංගනය/ மஹியங்க‍ணை/ Mahiyanganaya
8-1-03-015,015,අළුයටවෙල,அலுயட்டாவல,Aluyatawala,1I,8: ඌව/ ஊவா/ Uva,1: බදුල්ල/ பது‍ளை/ Badulla,3: මහියංගනය/ மஹியங்க‍ணை/ Mahiyanganaya
8-1-03-020,020,තෙල්දෙනියාය,‎தெல்‎தெணியாய,Theldeniyaya,1L,8: ඌව/ ஊவா/ Uva,1: බදුල්ල/ பது‍ளை/ Badulla,3: මහියංගනය/ மஹியங்க‍ணை/ Mahiyanganaya
8-1-03-025,025,හෙබරව,‎ஹெபரவ,Hebarawa,1A,8: ඌව/ ஊவா/ Uva,1: බදුල්ල/ பது‍ளை/ Badulla,3: මහියංගනය/ மஹியங்க‍ணை/ Mahiyanganaya
8-1-03-030,030,ගින්නොරුව,கிண்‎ணொருவ,Ginnoruwa,1J,8: ඌව/ ஊவா/ Uva,1: බදුල්ල/ பது‍ளை/ Badulla,3: මහියංගනය/ மஹியங்க‍ணை/ Mahiyanganaya
8-1-03-035,035,බෙලගන්වැව,‎பெலகண்‎வெவ,Belaganwewa,1G,8: ඌව/ ஊவா/ Uva,1: බදුල්ල/ பது‍ளை/ Badulla,3: මහියංගනය/ மஹியங்க‍ணை/ Mahiyanganaya
8-1-03-040,040,උල්හිටිය,உல்ஹிடிய,Ulhitiya,1R,8: ඌව/ ஊவா/ Uva,1: බදුල්ල/ பது‍ளை/ Badulla,3: මහියංගනය/ மஹியங்க‍ணை/ Mahiyanganaya
8-1-03-045,045,පහළ රත්කිඳ,பஹல ரத்கிந்த,Pahala Rathkinda,1D,8: ඌව/ ஊவா/ Uva,1: බදුල්ල/ பது‍ளை/ Badulla,3: මහියංගනය/ மஹியங்க‍ணை/ Mahiyanganaya
8-1-03-050,050,හොබරියාව,‎ஹொபரியாவ,Hobariyawa,1N,8: ඌව/ ஊவா/ Uva,1: බදුල්ල/ பது‍ளை/ Badulla,3: මහියංගනය/ மஹியங்க‍ணை/ Mahiyanganaya
8-1-03-055,055,මිල්ලත්තාව,மில்லத்தாவ,Millattawa,1P,8: ඌව/ ஊவா/ Uva,1: බදුල්ල/ பது‍ளை/ Badulla,3: මහියංගනය/ மஹியங்க‍ணை/ Mahiyanganaya
8-1-03-060,060,විරානගම,விராணகம,Wiranegama,1E,8: ඌව/ ஊவா/ Uva,1: බදුල්ල/ பது‍ளை/ Badulla,3: මහියංගනය/ மஹியங்க‍ணை/ Mahiyanganaya
8-1-03-065,065,අලුත්තරම,அளுத்தரம,Aluttarama,1H,8: ඌව/ ஊவா/ Uva,1: බදුල්ල/ பது‍ளை/ Badulla,3: මහියංගනය/ மஹியங்க‍ணை/ Mahiyanganaya
8-1-03-070,070,ගිරාඳුරුකෝට්ටේ,கிராந்துரு‍கோட்‍டே,Girandurukotte,1F,8: ඌව/ ஊவா/ Uva,1: බදුල්ල/ பது‍ளை/ Badulla,3: මහියංගනය/ மஹியங்க‍ணை/ Mahiyanganaya
8-1-03-075,075,බතලයාය,பத்தலயாய,Bathalayaya,1,8: ඌව/ ஊவா/ Uva,1: බදුල්ල/ பது‍ளை/ Badulla,3: මහියංගනය/ மஹியங்க‍ணை/ Mahiyanganaya
8-1-03-080,080,හද්දත්තාව,ஹத்தத்தாவ,Haddattawa,2A,8: ඌව/ ஊவா/ Uva,1: බදුල්ල/ பது‍ளை/ Badulla,3: මහියංගනය/ மஹியங்க‍ணை/ Mahiyanganaya
8-1-03-085,085,මීගහහේන,மீகாஹேண,Meegahahena,1K,8: ඌව/ ஊவா/ Uva,1: බදුල්ල/ பது‍ளை/ Badulla,3: මහියංගනය/ மஹியங்க‍ணை/ Mahiyanganaya
8-1-03-090,090,ගල්පෝරුයාය,கல்போருயாய,Galporuyaya,1B,8: ඌව/ ஊவா/ Uva,1: බදුල්ල/ பது‍ளை/ Badulla,3: මහියංගනය/ மஹியங்க‍ணை/ Mahiyanganaya
8-1-03-095,095,බෙලිගල්ල,‎பெலிகள,Beligalla,7,8: ඌව/ ஊவா/ Uva,1: බදුල්ල/ பது‍ளை/ Badulla,3: මහියංගනය/ மஹியங்க‍ணை/ Mahiyanganaya
8-1-03-100,100,දඹාන,தம்பாண,Dambana,7A,8: ඌව/ ஊவா/ Uva,1: බදුල්ල/ பது‍ளை/ Badulla,3: මහියංගනය/ மஹியங்க‍ணை/ Mahiyanganaya
8-1-03-105,105,කුකුළාපොල,குக்குலா‎பொல,Kukulapola,8,8: ඌව/ ஊவா/ Uva,1: බදුල්ල/ பது‍ளை/ Badulla,3: මහියංගනය/ மஹியங்க‍ணை/ Mahiyanganaya
8-1-03-110,110,වේවත්ත,‍வேவத்த,Wewatta,8A,8: ඌව/ ஊவா/ Uva,1: බදුල්ල/ பது‍ளை/ Badulla,3: මහියංගනය/ மஹியங்க‍ணை/ Mahiyanganaya
8-1-03-115,115,තලංගමුව,தலங்கமுவ,Thalangamuwa,2C,8: ඌව/ ஊவா/ Uva,1: බදුල්ල/ பது‍ளை/ Badulla,3: මහියංගනය/ மஹியங்க‍ணை/ Mahiyanganaya
8-1-03-120,120,සොරබොර,‎சொர‎பொர,Sorabora,2B,8: ඌව/ ஊவா/ Uva,1: බදුල්ල/ பது‍ளை/ Badulla,3: මහියංගනය/ மஹியங்க‍ணை/ Mahiyanganaya
8-1-03-125,125,වැව්ගම්පහ,‎வெவ்கம்பஹ,Wewgampaha,2,8: ඌව/ ஊவா/ Uva,1: බදුල්ල/ பது‍ளை/ Badulla,3: මහියංගනය/ மஹியங்க‍ணை/ Mahiyanganaya
8-1-03-130,130,දෙහිගොල්ල,‎தெஹி‎கொல்ல,Dehigolla,3B,8: ඌව/ ஊவா/ Uva,1: බදුල්ල/ பது‍ளை/ Badulla,3: මහියංගනය/ மஹியங்க‍ணை/ Mahiyanganaya
8-1-03-135,135,ඇලෑවෙල,எ‍‍லவெல,Elewela,3C,8: ඌව/ ஊவா/ Uva,1: බදුල්ල/ பது‍ளை/ Badulla,3: මහියංගනය/ மஹியங்க‍ணை/ Mahiyanganaya
8-1-03-140,140,මහියංගණ නගරය,மஹியங்கண நகரம்,Mahiyangana Town,3A,8: ඌව/ ஊவா/ Uva,1: බදුල්ල/ பது‍ளை/ Badulla,3: මහියංගනය/ மஹியங்க‍ணை/ Mahiyanganaya
8-1-03-145,145,පූජානගරය,பூஜாநகரய,Poojanagaraya,3D,8: ඌව/ ஊவா/ Uva,1: බදුල්ල/ பது‍ளை/ Badulla,3: මහියංගනය/ மஹியங்க‍ணை/ Mahiyanganaya
8-1-03-150,150,දම්බරාව,தம்பராவ,Dambarawa,3,8: ඌව/ ஊவா/ Uva,1: බදුල්ල/ பது‍ளை/ Badulla,3: මහියංගනය/ மஹியங்க‍ணை/ Mahiyanganaya
8-1-03-155,155,සේනානිගම,‎செனானிகம,Senanigama,4D,8: ඌව/ ஊவா/ Uva,1: බදුල්ල/ பது‍ளை/ Badulla,3: මහියංගනය/ மஹியங்க‍ணை/ Mahiyanganaya
8-1-03-160,160,මාපාකඩවැව,மாபாக்கட‎வெவ,Mapakadawewa,4A,8: ඌව/ ஊவா/ Uva,1: බදුල්ල/ பது‍ளை/ Badulla,3: මහියංගනය/ மஹியங்க‍ணை/ Mahiyanganaya
8-1-03-165,165,පඟරගම්මාන,பங்கரகம்மான,Pangaragammana,4,8: ඌව/ ஊவா/ Uva,1: බදුල්ල/ பது‍ளை/ Badulla,3: මහියංගනය/ மஹியங்க‍ணை/ Mahiyanganaya
8-1-03-170,170,දඹගොල්ල,தம்ப‎கொல்ல,Dambagolla,4C,8: ඌව/ ஊவா/ Uva,1: බදුල්ල/ பது‍ளை/ Badulla,3: මහියංගනය/ மஹியங்க‍ணை/ Mahiyanganaya
8-1-03-175,175,මැදයාය,‎மெதயாய,Medayaya,4B,8: ඌව/ ஊவா/ Uva,1: බදුල්ල/ பது‍ளை/ Badulla,3: මහියංගනය/ மஹியங்க‍ணை/ Mahiyanganaya
8-1-06-005,005,ඔරුබැඳිවැව,ஒரு‎பெந்தி‎வெவ,Orubendiwewa,2D,8: ඌව/ ஊவா/ Uva,1: බදුල්ල/ பது‍ளை/ Badulla,6: රිදීමාලියද්ද/ ரிதீமாலியத்த/ Rideemaliyadda
8-1-06-010,010,සඟබෝපුර,சங்க‎‍போபுர,Sangabopura,2K,8: ඌව/ ஊவா/ Uva,1: බදුල්ල/ பது‍ளை/ Badulla,6: රිදීමාලියද්ද/ ரிதீமாலியத்த/ Rideemaliyadda
8-1-06-015,015,වෙලම්පැලේ,‎‎வெலம்‎பெ‍லே,Welampele,2E,8: ඌව/ ஊவா/ Uva,1: බදුල්ල/ பது‍ளை/ Badulla,6: රිදීමාලියද්ද/ ரிதீமாலியத்த/ Rideemaliyadda
8-1-06-020,020,කෙසෙල්පොත උතුර,‎கெ‎செல்‎பொத வடக்கு,Keselpotha North,2B,8: ඌව/ ஊவா/ Uva,1: බදුල්ල/ பது‍ளை/ Badulla,6: රිදීමාලියද්ද/ ரிதீமாலியத்த/ Rideemaliyadda
8-1-06-025,025,ඉකිරියගොඩ,இக்கிரியா‎கொட,Ikiriyagoda,2G,8: ඌව/ ஊவா/ Uva,1: බදුල්ල/ பது‍ளை/ Badulla,6: රිදීමාලියද්ද/ ரிதீமாலியத்த/ Rideemaliyadda
8-1-06-030,030,කඳුබැද්ද,கந்து‎பெத்த,Kandubedda,9D,8: ඌව/ ஊவா/ Uva,1: බදුල්ල/ பது‍ளை/ Badulla,6: රිදීමාලියද්ද/ ரிதீமாலியத்த/ Rideemaliyadda
8-1-06-035,035,අරළුපිටිය,அரளுபிட்டிய,Aralupitiya,9C,8: ඌව/ ஊவா/ Uva,1: බදුල්ල/ பது‍ளை/ Badulla,6: රිදීමාලියද්ද/ ரிதீமாலியத்த/ Rideemaliyadda
8-1-06-040,040,ඇකිරියන්කුඹුර,எகிரியங்கும்குர,Ekiriyankumbura,9,8: ඌව/ ஊவா/ Uva,1: බදුල්ල/ பது‍ளை/ Badulla,6: රිදීමාලියද්ද/ ரிதீமாலியத்த/ Rideemaliyadda
8-1-06-045,045,දෙහිගම,‎தெஹிகம,Dehigama,9A,8: ඌව/ ஊவா/ Uva,1: බදුල්ල/ பது‍ளை/ Badulla,6: රිදීමාලියද්ද/ ரிதீமாலியத்த/ Rideemaliyadda
8-1-06-050,050,මොරාණ,‎மொராண,Morana,9B,8: ඌව/ ஊவா/ Uva,1: බදුල්ල/ பது‍ளை/ Badulla,6: රිදීමාලියද්ද/ ரிதீமாலியத்த/ Rideemaliyadda
8-1-06-055,055,කුඩාලුණුක,குடாலுணுக,Kudalunuka,10A,8: ඌව/ ஊவா/ Uva,1: බදුල්ල/ பது‍ளை/ Badulla,6: රිදීමාලියද්ද/ ரிதீமாலியத்த/ Rideemaliyadda
8-1-06-060,060,අළුකැටියාව,அளு‎கெட்டியாவ,Aluketiyawa,6,8: ඌව/ ஊவா/ Uva,1: බදුල්ල/ பது‍ளை/ Badulla,6: රිදීමාලියද්ද/ ரிதீமாலியத்த/ Rideemaliyadda
8-1-06-065,065,කෙසෙල්පොත දකුණ,‎கெ‎செல்‎பொத ‎தெற்கு,Keselpotha South,2F,8: ඌව/ ஊவா/ Uva,1: බදුල්ල/ பது‍ளை/ Badulla,6: රිදීමාලියද්ද/ ரிதீமாலியத்த/ Rideemaliyadda
8-1-06-070,070,සේරාණ,சேராண,Serana,2C,8: ඌව/ ஊவா/ Uva,1: බදුල්ල/ பது‍ளை/ Badulla,6: රිදීමාලියද්ද/ ரிதீமாலியத்த/ Rideemaliyadda
8-1-06-075,075,අරාවත්ත,அராவத்த,Arawatta,2L,8: ඌව/ ஊவா/ Uva,1: බදුල්ල/ பது‍ளை/ Badulla,6: රිදීමාලියද්ද/ ரிதீமாலியத்த/ Rideemaliyadda
8-1-06-080,080,ඌව ගැමුණුපුර,‎ஊவா கெமுணுபுர,Uva Gemunupura,2A,8: ඌව/ ஊவா/ Uva,1: බදුල්ල/ பது‍ளை/ Badulla,6: රිදීමාලියද්ද/ ரிதீமாலியத்த/ Rideemaliyadda
8-1-06-085,085,සෙනවිගම,‎செணவிகம,Senewigama,2J,8: ඌව/ ஊவா/ Uva,1: බදුල්ල/ பது‍ளை/ Badulla,6: රිදීමාලියද්ද/ ரிதீமாலியத்த/ Rideemaliyadda
8-1-06-090,090,ඌව තිස්සපුර,ஊவா திஸ்ஸபுர,Uva Thissapura,6A,8: ඌව/ ஊவா/ Uva,1: බදුල්ල/ பது‍ளை/ Badulla,6: රිදීමාලියද්ද/ ரிதீமாலியத்த/ Rideemaliyadda
8-1-06-095,095,ගමකුඹුර උතුර,கமகும்புர வடக்கு,Gamakumbura North,6E,8: ඌව/ ஊவா/ Uva,1: බදුල්ල/ பது‍ளை/ Badulla,6: රිදීමාලියද්ද/ ரிதீமாலியத்த/ Rideemaliyadda
8-1-06-100,100,කුරාලේවෙල,கூரா‎லெ‎வெள,Kooralewela,6C,8: ඌව/ ஊவா/ Uva,1: බදුල්ල/ பது‍ளை/ Badulla,6: රිදීමාලියද්ද/ ரிதீமாலியத்த/ Rideemaliyadda
8-1-06-105,105,නාගදීප,நாகதீப,Nagadeepa,6B,8: ඌව/ ஊவா/ Uva,1: බදුල්ල/ பது‍ளை/ Badulla,6: රිදීමාලියද්ද/ ரிதீமாலியத்த/ Rideemaliyadda
8-1-06-110,110,මහළුණුක,மஹலுணுக்க,Mahalunuka,10,8: ඌව/ ஊவா/ Uva,1: බදුල්ල/ பது‍ளை/ Badulla,6: රිදීමාලියද්ද/ ரிதீமாலியத்த/ Rideemaliyadda
8-1-06-115,115,පෙතියා‍ගොඩ,‎பெதியா‎கொட,Pethiyagoda,11A,8: ඌව/ ஊவா/ Uva,1: බදුල්ල/ பது‍ளை/ Badulla,6: රිදීමාලියද්ද/ ரிதீமாலியத்த/ Rideemaliyadda
8-1-06-120,120,රිදීමාලියද්ද දකුණ,ரிதீமாலியத்த ‎தெற்கு,Rideemaliyadda South,11B,8: ඌව/ ஊவா/ Uva,1: බදුල්ල/ பது‍ளை/ Badulla,6: රිදීමාලියද්ද/ ரிதீமாலியத்த/ Rideemaliyadda
8-1-06-125,125,රිදීමාලියද්ද උතුර,ரிதீமாலியத்த வடக்கு,Rideemaliyadda North,11,8: ඌව/ ஊவா/ Uva,1: බදුල්ල/ பது‍ளை/ Badulla,6: රිදීමාලියද්ද/ ரிதீமாலியத்த/ Rideemaliyadda
8-1-06-130,130,ඌරණිය,ஊரணிய,Uraniya,11C,8: ඌව/ ஊவா/ Uva,1: බදුල්ල/ பது‍ளை/ Badulla,6: රිදීමාලියද්ද/ ரிதீமாலியத்த/ Rideemaliyadda
8-1-06-135,135,කොටතලාව,‎கொட்டதலாவ,Kotathalawa,5,8: ඌව/ ஊவா/ Uva,1: බදුල්ල/ பது‍ளை/ Badulla,6: රිදීමාලියද්ද/ ரிதீமாலியத்த/ Rideemaliyadda
8-1-06-140,140,ආඳාඋල්පත,ஆந்தாஉல்‎பொத,Andaulapatha,5A,8: ඌව/ ஊவா/ Uva,1: බදුල්ල/ பது‍ளை/ Badulla,6: රිදීමාලියද්ද/ ரிதீமாலியத்த/ Rideemaliyadda
8-1-06-145,145,ගමකුඹුර දකුණ,கமகும்புர ‎தெற்கு,Gamakumbura South,6F,8: ඌව/ ஊவா/ Uva,1: බදුල්ල/ பது‍ளை/ Badulla,6: රිදීමාලියද්ද/ ரிதீமாலியத்த/ Rideemaliyadda
8-1-06-150,150,අභයපුර,அபயபுர,Abhayapura,2H,8: ඌව/ ஊவா/ Uva,1: බදුල්ල/ பது‍ளை/ Badulla,6: රිදීමාලියද්ද/ ரிதீமாலியத்த/ Rideemaliyadda
8-1-06-155,155,දික්කැන්දයාය,திக்‎கெந்தயாய,Dikkendayaya,6D,8: ඌව/ ஊவா/ Uva,1: බදුල්ල/ பது‍ளை/ Badulla,6: රිදීමාලියද්ද/ ரிதீமாலியத்த/ Rideemaliyadda
8-1-06-160,160,පහලඔයගම,பஹலஓயகம,Pahalaoyagama,5B,8: ඌව/ ஊவா/ Uva,1: බදුල්ල/ பது‍ளை/ Badulla,6: රිදීමාලියද්ද/ ரிதீமாலியத்த/ Rideemaliyadda
8-1-06-165,165,බුබුල,புபுல,Bubula,13B,8: ඌව/ ஊவா/ Uva,1: බදුල්ල/ பது‍ளை/ Badulla,6: රිදීමාලියද්ද/ ரிதீமாலியத்த/ Rideemaliyadda
8-1-06-170,170,රිටිගහඅරාව,ரிட்டிகஹஅராவ,Ritigahaarawa,12,8: ඌව/ ஊவா/ Uva,1: බදුල්ල/ பது‍ளை/ Badulla,6: රිදීමාලියද්ද/ ரிதீமாலியத்த/ Rideemaliyadda
8-1-06-175,175,කන්දේගම,கந்‎‎தெகம,Kandegama,12A,8: ඌව/ ஊவா/ Uva,1: බදුල්ල/ பது‍ளை/ Badulla,6: රිදීමාලියද්ද/ ரிதீமாலியத்த/ Rideemaliyadda
8-1-06-180,180,මහගම,மஹகம,Mahagama,13,8: ඌව/ ஊவா/ Uva,1: බදුල්ල/ பது‍ளை/ Badulla,6: රිදීමාලියද්ද/ ரிதீமாலியத்த/ Rideemaliyadda
8-1-06-185,185,කුරුවිතැන්න,குருவித்‎தெண்ண,Kuruvithenna,13A,8: ඌව/ ஊவா/ Uva,1: බදුල්ල/ பது‍ளை/ Badulla,6: රිදීමාලියද්ද/ ரிதீமாலியத்த/ Rideemaliyadda
8-1-06-190,190,දීකිරිගොල්ල,தீகிரி‎கொல்ல,Deekirigolla,14A,8: ඌව/ ஊவா/ Uva,1: බදුල්ල/ பது‍ளை/ Badulla,6: රිදීමාලියද්ද/ ரிதீமாலியத்த/ Rideemaliyadda
8-1-06-195,195,පින්නගොල්ල,பிண்ண‎கொல்ல,Pinnagolla,14,8: ඌව/ ஊவா/ Uva,1: බදුල්ල/ பது‍ளை/ Badulla,6: රිදීමාලියද්ද/ ரிதீமாலியத்த/ Rideemaliyadda
8-1-06-200,200,අරාව,அராவ,Arawa,15,8: ඌව/ ஊவா/ Uva,1: බදුල්ල/ பது‍ளை/ Badulla,6: රිදීමාලියද්ද/ ரிதீமாலியத்த/ Rideemaliyadda
8-1-06-205,205,දික්යාය,திக்யாய,Dikyaya,15A,8: ඌව/ ஊவா/ Uva,1: බදුල්ල/ பது‍ளை/ Badulla,6: රිදීමාලියද්ද/ ரிதீமாலியத்த/ Rideemaliyadda
8-1-06-210,210,දියකොබල,திய‎கொம்பல,Diyakombala,11D,8: ඌව/ ஊவா/ Uva,1: බදුල්ල/ பது‍ளை/ Badulla,6: රිදීමාලියද්ද/ ரிதீமாலியத்த/ Rideemaliyadda
8-1-09-005,005,කරමැටිය,கர‎மெட்டிய,Karametiya,22D,8: ඌව/ ஊவா/ Uva,1: බදුල්ල/ பது‍ளை/ Badulla,9: මීගහකිවුල/ மீகஹகிவுல/ Meegahakivula
8-1-09-010,010,බලගොල්ල,பர‎கொல்ல,Balagolla,22A,8: ඌව/ ஊவா/ Uva,1: බදුල්ල/ பது‍ளை/ Badulla,9: මීගහකිවුල/ மீகஹகிவுல/ Meegahakivula
8-1-09-015,015,අග්ගලාඋල්පොත,அக்கலாஉல்பத,Aggalaulpotha,22C,8: ඌව/ ஊவா/ Uva,1: බදුල්ල/ பது‍ளை/ Badulla,9: මීගහකිවුල/ மீகஹகிவுல/ Meegahakivula
8-1-09-020,020,කරඳගහමඩ,கரந்தகஹ‎மெத,Karandagahamada,22B,8: ඌව/ ஊவா/ Uva,1: බදුල්ල/ பது‍ளை/ Badulla,9: මීගහකිවුල/ மீகஹகிவுல/ Meegahakivula
8-1-09-025,025,පොල්ගහඅ‍රාව,‎பொல்கஹஅராவ,Polgahaarawa,22E,8: ඌව/ ஊவா/ Uva,1: බදුල්ල/ பது‍ளை/ Badulla,9: මීගහකිවුල/ மீகஹகிவுல/ Meegahakivula
8-1-09-030,030,පොල්වත්ත,‎பொல்வத்த,Polwatta,16D,8: ඌව/ ஊவா/ Uva,1: බදුල්ල/ பது‍ளை/ Badulla,9: මීගහකිවුල/ மீகஹகிவுல/ Meegahakivula
8-1-09-035,035,වටගොම්මන,வத்த‎கொம்மண,Watagommana,16E,8: ඌව/ ஊவா/ Uva,1: බදුල්ල/ பது‍ளை/ Badulla,9: මීගහකිවුල/ மீகஹகிவுல/ Meegahakivula
8-1-09-040,040,රෝබේරිය,‎‍ரோ‎பெரிய,Roberiya,18F,8: ඌව/ ஊவா/ Uva,1: බදුල්ල/ பது‍ளை/ Badulla,9: මීගහකිවුල/ மீகஹகிவுல/ Meegahakivula
8-1-09-045,045,පිටමාරුව,பிடமாறுவ,Pitamaruwa,16A,8: ඌව/ ஊவா/ Uva,1: බදුල්ල/ பது‍ளை/ Badulla,9: මීගහකිවුල/ மீகஹகிவுல/ Meegahakivula
8-1-09-050,050,වැවතැන්න,‎வெ‍வே‎‎தெண்ண,Wewathenna,16B,8: ඌව/ ஊவா/ Uva,1: බදුල්ල/ பது‍ளை/ Badulla,9: මීගහකිවුල/ மீகஹகிவுல/ Meegahakivula
8-1-09-055,055,ඇල්ලන්ද,எல்லந்த,Ellanda,16C,8: ඌව/ ஊவா/ Uva,1: බදුල්ල/ பது‍ளை/ Badulla,9: මීගහකිවුල/ மீகஹகிவுல/ Meegahakivula
8-1-09-060,060,කළුගහකඳුර,களுகஹகந்துர,Kalugahakandura,16,8: ඌව/ ஊவா/ Uva,1: බදුල්ල/ பது‍ளை/ Badulla,9: මීගහකිවුල/ மீகஹகிவுல/ Meegahakivula
8-1-09-065,065,කෝමාරික,‍கோமாரிகா,Komarika,22F,8: ඌව/ ஊவா/ Uva,1: බදුල්ල/ பது‍ளை/ Badulla,9: මීගහකිවුල/ மீகஹகிவுல/ Meegahakivula
8-1-09-070,070,අකුරුකඩුව,அக்குருகடுவ,Akurukaduwa,22G,8: ඌව/ ஊவா/ Uva,1: බදුල්ල/ பது‍ளை/ Badulla,9: මීගහකිවුල/ மீகஹகிவுல/ Meegahakivula
8-1-09-075,075,මීගහකිවුල,மீகஹகிவுல,Meegahakivula,22,8: ඌව/ ஊவா/ Uva,1: බදුල්ල/ பது‍ளை/ Badulla,9: මීගහකිවුල/ மீகஹகிவுல/ Meegahakivula
8-1-09-080,080,තල්දෙන,தல்‎தெண,Thaldena,23,8: ඌව/ ஊவா/ Uva,1: බදුල්ල/ பது‍ளை/ Badulla,9: මීගහකිවුල/ மீகஹகிவுல/ Meegahakivula
8-1-09-085,085,කොහාන,‎கொ‎ஹொண,Kohana,23C,8: ඌව/ ஊவா/ Uva,1: බදුල්ල/ பது‍ளை/ Badulla,9: මීගහකිවුල/ மீகஹகிவுல/ Meegahakivula
8-1-09-090,090,කැටවත්ත,‎கெடவத்த,Ketawatta,21A,8: ඌව/ ஊவா/ Uva,1: බදුල්ල/ பது‍ளை/ Badulla,9: මීගහකිවුල/ மீகஹகிவுல/ Meegahakivula
8-1-09-095,095,මොරහෙළ,‎மொர‎ஹெல,Morahela,21,8: ඌව/ ஊவா/ Uva,1: බදුල්ල/ பது‍ளை/ Badulla,9: මීගහකිවුල/ மீகஹகிவுல/ Meegahakivula
8-1-09-100,100,හුණුකැටපිටිය,ஹுணு‎கெடபிடிய,Hunuketapitiya,23B,8: ඌව/ ஊவா/ Uva,1: බදුල්ල/ பது‍ளை/ Badulla,9: මීගහකිවුල/ மீகஹகிவுல/ Meegahakivula
8-1-12-005,005,මහකැලේ,மஹ‎கெ‍லே,Mahakele,31F,8: ඌව/ ஊவா/ Uva,1: බදුල්ල/ பது‍ளை/ Badulla,12: කන්දකැටිය/ கந்த‎கெட்டிய/ Kandaketiya
8-1-12-010,010,බදුළුඔය බටහිර,பதுலுஓய ‍மேற்கு,Badulluoya West,31A,8: ඌව/ ஊவா/ Uva,1: බදුල්ල/ பது‍ளை/ Badulla,12: කන්දකැටිය/ கந்த‎கெட்டிய/ Kandaketiya
8-1-12-015,015,කන්දකැපූ උල්පොත,கந்த‎கெப்பு உல்பத்த,Kandakepu Ulpotha,31D,8: ඌව/ ஊவா/ Uva,1: බදුල්ල/ பது‍ளை/ Badulla,12: කන්දකැටිය/ கந்த‎கெட்டிய/ Kandaketiya
8-1-12-020,020,හැවන්දාන,‎ஹெவன்தான,Hevandana,31C,8: ඌව/ ஊவா/ Uva,1: බදුල්ල/ பது‍ளை/ Badulla,12: කන්දකැටිය/ கந்த‎கெட்டிய/ Kandaketiya
8-1-12-025,025,මහතැන්න,மஹ‎தென்ன,Mahathenna,30C,8: ඌව/ ஊவா/ Uva,1: බදුල්ල/ பது‍ளை/ Badulla,12: කන්දකැටිය/ கந்த‎கெட்டிய/ Kandaketiya
8-1-12-030,030,බදුළුඔය නැගෙනහිර,பதுலுஓய கிழக்கு,Baduluoya East,30A,8: ඌව/ ஊவா/ Uva,1: බදුල්ල/ பது‍ளை/ Badulla,12: කන්දකැටිය/ கந்த‎கெட்டிய/ Kandaketiya
8-1-12-035,035,කන්දකැටිය,கந்த‎கெட்டிய,Kandaketiya,31B,8: ඌව/ ஊவா/ Uva,1: බදුල්ල/ பது‍ளை/ Badulla,12: කන්දකැටිය/ கந்த‎கெட்டிய/ Kandaketiya
8-1-12-040,040,වෙලඔය,‎வெலஓய,Welaoya,31E,8: ඌව/ ஊவா/ Uva,1: බදුල්ල/ பது‍ளை/ Badulla,12: කන්දකැටිය/ கந்த‎கெட்டிய/ Kandaketiya
8-1-12-045,045,කිවුලේ‍ගෙදර,கிவு‎லெ‎கெதர,Kivulegedara,31G,8: ඌව/ ஊவா/ Uva,1: බදුල්ල/ பது‍ளை/ Badulla,12: කන්දකැටිය/ கந்த‎கெட்டிய/ Kandaketiya
8-1-12-050,050,කිරිවෙහෙර,கிரி‎வெஹர,Kirivehera,31H,8: ඌව/ ஊவா/ Uva,1: බදුල්ල/ பது‍ளை/ Badulla,12: කන්දකැටිය/ கந்த‎கெட்டிய/ Kandaketiya
8-1-12-055,055,වැවතැන්න,‎வெவ‎தென்ன,Wewathenna,30B,8: ඌව/ ஊவா/ Uva,1: බදුල්ල/ பது‍ளை/ Badulla,12: කන්දකැටිය/ கந்த‎கெட்டிய/ Kandaketiya
8-1-12-060,060,මාලියද්ද,மாலியத்த,Maliyadda,30,8: ඌව/ ஊவா/ Uva,1: බදුල්ල/ பது‍ளை/ Badulla,12: කන්දකැටිය/ கந்த‎கெட்டிய/ Kandaketiya
8-1-12-065,065,පල්ලේවෙල,பல்‍லே‎வெல,Pallewela,31,8: ඌව/ ஊவா/ Uva,1: බදුල්ල/ பது‍ளை/ Badulla,12: කන්දකැටිය/ கந்த‎கெட்டிய/ Kandaketiya
8-1-12-070,070,මුඩගමුව,முடகமுவ,Mudagamuwa,32A,8: ඌව/ ஊவா/ Uva,1: බදුල්ල/ பது‍ளை/ Badulla,12: කන්දකැටිය/ கந்த‎கெட்டிய/ Kandaketiya
8-1-12-075,075,දික්කුඹුර,திக்கும்புர,Dikkumbura,32B,8: ඌව/ ஊவா/ Uva,1: බදුල්ල/ பது‍ளை/ Badulla,12: කන්දකැටිය/ கந்த‎கெட்டிய/ Kandaketiya
8-1-12-080,080,හාපත්ගමුව,ஹாபத்கமுவ,Hapathgamuwa,32C,8: ඌව/ ஊவா/ Uva,1: බදුල්ල/ பது‍ளை/ Badulla,12: කන්දකැටිය/ கந்த‎கெட்டிய/ Kandaketiya
8-1-12-085,085,බෝපිටිය,‎‍போபிட்டிய,Bopitiya,33A,8: ඌව/ ஊவா/ Uva,1: බදුල්ල/ பது‍ளை/ Badulla,12: කන්දකැටිය/ கந்த‎கெட்டிய/ Kandaketiya
8-1-12-090,090,බෝගහකුඹුර,‍போகஹகும்புர,Bogahakumbura,33,8: ඌව/ ஊவா/ Uva,1: බදුල්ල/ பது‍ளை/ Badulla,12: කන්දකැටිය/ கந்த‎கெட்டிய/ Kandaketiya
8-1-12-095,095,බෙරාමඩ,பெராமட,Beramada,35A,8: ඌව/ ஊவா/ Uva,1: බදුල්ල/ பது‍ளை/ Badulla,12: කන්දකැටිය/ கந்த‎கெட்டிய/ Kandaketiya
8-1-12-100,100,ගෝඩුන්න,‍கோடுண்ண,Godunna,32,8: ඌව/ ஊவா/ Uva,1: බදුල්ල/ பது‍ளை/ Badulla,12: කන්දකැටිය/ கந்த‎கெட்டிய/ Kandaketiya
8-1-12-105,105,වාසනාගම,வாசனாகம,Wasanagama,32D,8: ඌව/ ஊவா/ Uva,1: බදුල්ල/ பது‍ளை/ Badulla,12: කන්දකැටිය/ கந்த‎கெட்டிய/ Kandaketiya
8-1-12-110,110,තැටිල්ල,‎தெட்டில்ல,Thetilla,35C,8: ඌව/ ஊவா/ Uva,1: බදුල්ල/ பது‍ளை/ Badulla,12: කන්දකැටිය/ கந்த‎கெட்டிய/ Kandaketiya
8-1-12-115,115,තලාකුඹුර,தலாகும்புர,Thalakumbura,35E,8: ඌව/ ஊவா/ Uva,1: බදුල්ල/ பது‍ளை/ Badulla,12: කන්දකැටිය/ கந்த‎கெட்டிய/ Kandaketiya
8-1-12-120,120,ගලඋඩ,கலஉட,Galauda,35,8: ඌව/ ஊவா/ Uva,1: බදුල්ල/ பது‍ளை/ Badulla,12: කන්දකැටිය/ கந்த‎கெட்டிய/ Kandaketiya
8-1-12-125,125,බොකන්ඔරුව,பொகன்ஒருவ,Bokanoruwa,35B,8: ඌව/ ஊவா/ Uva,1: බදුල්ල/ பது‍ளை/ Badulla,12: කන්දකැටිය/ கந்த‎கெட்டிய/ Kandaketiya
8-1-12-130,130,නාරංගල,நாரங்கல,Narangala,35D,8: ඌව/ ஊவா/ Uva,1: බදුල්ල/ பது‍ளை/ Badulla,12: කන්දකැටිය/ கந்த‎கெட்டிய/ Kandaketiya
8-1-15-005,005,ඉඩමේපංගුම,இட‍மேபங்கும,Idamepanguwa,34,8: ඌව/ ஊவா/ Uva,1: බදුල්ල/ பது‍ளை/ Badulla,15: සොරණාතොට/ ‎சொறணாதொட்ட/ Soranathota
8-1-15-010,010,බුදුගේකන්ද,புது‍கேகந்த,Budugekanda,29A,8: ඌව/ ஊவா/ Uva,1: බදුල්ල/ பது‍ளை/ Badulla,15: සොරණාතොට/ ‎சொறணாதொட்ட/ Soranathota
8-1-15-015,015,පල්ලෙකන්ද,பல்‍லேகந்த,Pallekanda,29B,8: ඌව/ ஊவா/ Uva,1: බදුල්ල/ பது‍ளை/ Badulla,15: සොරණාතොට/ ‎சொறணாதொட்ட/ Soranathota
8-1-15-020,020,බෝලියද්ද,‍போலியத்த,Boliyadda,23A,8: ඌව/ ஊவா/ Uva,1: බදුල්ල/ பது‍ளை/ Badulla,15: සොරණාතොට/ ‎சொறணாதொட்ட/ Soranathota
8-1-15-025,025,පතනේගෙදර,பத‍ணே‎கெதர,Pathanegedara,24B,8: ඌව/ ஊவா/ Uva,1: බදුල්ල/ பது‍ளை/ Badulla,15: සොරණාතොට/ ‎சொறணாதொட்ட/ Soranathota
8-1-15-030,030,එගොඩ‍වෙල,எ‎கொட‎வெள,Egodawela,24,8: ඌව/ ஊவா/ Uva,1: බදුල්ල/ பது‍ளை/ Badulla,15: සොරණාතොට/ ‎சொறணாதொட்ட/ Soranathota
8-1-15-035,035,වත්තෙකැලේ,வத்தேகெ‍லே,Wattekele,24A,8: ඌව/ ஊவா/ Uva,1: බදුල්ල/ பது‍ளை/ Badulla,15: සොරණාතොට/ ‎சொறணாதொட்ட/ Soranathota
8-1-15-040,040,පුස්සැල්ලාව,புஸ்‎செல்லாவ,Pussellawa,23AA,8: ඌව/ ஊவா/ Uva,1: බදුල්ල/ பது‍ளை/ Badulla,15: සොරණාතොට/ ‎சொறணாதொட்ட/ Soranathota
8-1-15-045,045,පුස්සැල්ලාකන්ද,புஸ்‎செல்லகந்த,Pussellakanda,28A,8: ඌව/ ஊவா/ Uva,1: බදුල්ල/ பது‍ளை/ Badulla,15: සොරණාතොට/ ‎சொறணாதொட்ட/ Soranathota
8-1-15-050,050,මොරගොල්ල,‎மொர‎கொல்ல,Moragolla,29,8: ඌව/ ஊவா/ Uva,1: බදුල්ල/ பது‍ளை/ Badulla,15: සොරණාතොට/ ‎சொறணாதொட்ட/ Soranathota
8-1-15-055,055,දික්පිටිය,திக்பிடிய,Dikpitiya,34A,8: ඌව/ ஊவா/ Uva,1: බදුල්ල/ பது‍ளை/ Badulla,15: සොරණාතොට/ ‎சொறணாதொட்ட/ Soranathota
8-1-15-060,060,ලෙජර්වත්ත,‎லெஜர்வத்த,Ledger Watta,27C,8: ඌව/ ஊவா/ Uva,1: බදුල්ල/ பது‍ளை/ Badulla,15: සොරණාතොට/ ‎சொறணாதொட்ட/ Soranathota
8-1-15-065,065,ඉඩමේගම,இட‎மெகம,Idamegama,27B,8: ඌව/ ஊவா/ Uva,1: බදුල්ල/ பது‍ளை/ Badulla,15: සොරණාතොට/ ‎சொறணாதொட்ட/ Soranathota
8-1-15-070,070,සොරණාතොට,‎சொரணாதொட,Soranathota,28,8: ඌව/ ஊவா/ Uva,1: බදුල්ල/ பது‍ளை/ Badulla,15: සොරණාතොට/ ‎சொறணாதொட்ட/ Soranathota
8-1-15-075,075,ය‍ටිලෑල්ලගම,யடி‍லேல்லகம,Yatilellagama,26A,8: ඌව/ ஊவா/ Uva,1: බදුල්ල/ பது‍ளை/ Badulla,15: සොරණාතොට/ ‎சொறணாதொட்ட/ Soranathota
8-1-15-080,080,අඹගස්දෝව,அம்பகஸ்‎கொட,Ambagasdowa,25C,8: ඌව/ ஊவா/ Uva,1: බදුල්ල/ பது‍ளை/ Badulla,15: සොරණාතොට/ ‎சொறணாதொட்ட/ Soranathota
8-1-15-085,085,කැටකෑල්ලගම,‎கெட‍கேல்லகம,Ketakellagama,25B,8: ඌව/ ஊவா/ Uva,1: බදුල්ල/ பது‍ளை/ Badulla,15: සොරණාතොට/ ‎சொறணாதொட்ட/ Soranathota
8-1-15-090,090,කුට්‍‍ටියගොල්ල,குட்டியா‎கொல்ல,Kuttiyagolla,25A,8: ඌව/ ஊவா/ Uva,1: බදුල්ල/ பது‍ளை/ Badulla,15: සොරණාතොට/ ‎சொறணாதொட்ட/ Soranathota
8-1-15-095,095,අංගොඩ,அங்‎கொட,Angoda,25,8: ඌව/ ஊவா/ Uva,1: බදුල්ල/ பது‍ளை/ Badulla,15: සොරණාතොට/ ‎சொறணாதொட்ட/ Soranathota
8-1-15-100,100,කොස්ගොල්ල,‎கொஸ்‎கொல்ல,Kosgolla,25D,8: ඌව/ ஊவா/ Uva,1: බදුල්ල/ பது‍ளை/ Badulla,15: සොරණාතොට/ ‎சொறணாதொட்ட/ Soranathota
8-1-15-105,105,රිදීපාන,ரிதீபாண,Rideepana,26C,8: ඌව/ ஊவா/ Uva,1: බදුල්ල/ பது‍ளை/ Badulla,15: සොරණාතොට/ ‎சொறணாதொட்ட/ Soranathota
8-1-15-110,110,කොහොවිල,‎கொ‎ஹொவில,Kohowila,26,8: ඌව/ ஊவா/ Uva,1: බදුල්ල/ பது‍ளை/ Badulla,15: සොරණාතොට/ ‎சொறணாதொட்ட/ Soranathota
8-1-15-115,115,කිතුල්වත්තගම,கிதுல்வத்தகம,Kithulwattagama,26B,8: ඌව/ ஊவா/ Uva,1: බදුල්ල/ பது‍ளை/ Badulla,15: සොරණාතොට/ ‎சொறணாதொட்ட/ Soranathota
8-1-15-120,120,කිරිඔරුව,கிரியொருவ,Kirioruwa,27,8: ඌව/ ஊவா/ Uva,1: බදුල්ල/ பது‍ளை/ Badulla,15: සොරණාතොට/ ‎சொறணாதொட்ட/ Soranathota
8-1-15-125,125,කන්දෙගෙද‍ර නගරය,கந்‎தெ‎கெதர நகரம்,Kandegedara Town,27A,8: ඌව/ ஊவா/ Uva,1: බදුල්ල/ பது‍ளை/ Badulla,15: සොරණාතොට/ ‎சொறணாதொட்ட/ Soranathota
8-1-18-005,005,දෙමෝදර,‎தெ‍மோதர,Demodara,20,8: ඌව/ ஊவா/ Uva,1: බදුල්ල/ பது‍ளை/ Badulla,18: පස්සර/ பச‍றை/ Passara
8-1-18-010,010,පාලාවත්ත,பாலவத்த,Palawatta,20B,8: ඌව/ ஊவா/ Uva,1: බදුල්ල/ பது‍ளை/ Badulla,18: පස්සර/ பச‍றை/ Passara
8-1-18-015,015,කහටරුප්ප,கஹட்டருப்ப,Kahataruppa,19A,8: ඌව/ ஊவா/ Uva,1: බදුල්ල/ பது‍ளை/ Badulla,18: පස්සර/ பச‍றை/ Passara
8-1-18-020,020,දඹකොටේ,தம்ப‎கொட்‍டே,Dambakote,20A,8: ඌව/ ஊவா/ Uva,1: බදුල්ල/ பது‍ளை/ Badulla,18: පස්සර/ பச‍றை/ Passara
8-1-18-025,025,මඩුගස්තලාව උතුර,மடுகஸ்தலாவ வடக்கு,Madugasthalawa North,19,8: ඌව/ ஊவா/ Uva,1: බදුල්ල/ பது‍ளை/ Badulla,18: පස්සර/ பச‍றை/ Passara
8-1-18-030,030,තලගහගෙදර,தலகஹ‎கெதர,Thalagahagedara,19B,8: ඌව/ ஊவா/ Uva,1: බදුල්ල/ பது‍ளை/ Badulla,18: පස්සර/ பச‍றை/ Passara
8-1-18-035,035,වැල්ගොල්ල,‎வெல்‎கொல்ல,Welgolla,89D,8: ඌව/ ஊவா/ Uva,1: බදුල්ල/ பது‍ளை/ Badulla,18: පස්සර/ பச‍றை/ Passara
8-1-18-040,040,මඩුගස්තලාව දකුණ,மடுகஸ்தலாவ ‎தெற்கு,Madugasthalawa South,19C,8: ඌව/ ஊவா/ Uva,1: බදුල්ල/ பது‍ளை/ Badulla,18: පස්සර/ பச‍றை/ Passara
8-1-18-045,045,ගැරඬිඇල්ල,‎கெரண்டிஎல்ல,Gerandiella,89F,8: ඌව/ ஊவா/ Uva,1: බදුල්ල/ பது‍ளை/ Badulla,18: පස්සර/ பச‍றை/ Passara
8-1-18-050,050,මාලිගාතැන්න,மாலிகா‎தெண்ண,Maligathenna,89E,8: ඌව/ ஊவா/ Uva,1: බදුල්ල/ பது‍ளை/ Badulla,18: පස්සර/ பச‍றை/ Passara
8-1-18-055,055,මැදවෙලගම,‎மெத‎வெளேகம,Medawelagama,89,8: ඌව/ ஊவா/ Uva,1: බදුල්ල/ பது‍ளை/ Badulla,18: පස්සර/ பச‍றை/ Passara
8-1-18-060,060,පරමහන්කඩ,பரமஹங்கந்த,Paramahankada,89I,8: ඌව/ ஊவா/ Uva,1: බදුල්ල/ பது‍ளை/ Badulla,18: පස්සර/ பச‍றை/ Passara
8-1-18-065,065,නිකේබැද්ද,நிக்‍கே‎பெத்த,Nikebedda,89H,8: ඌව/ ஊவா/ Uva,1: බදුල්ල/ பது‍ளை/ Badulla,18: පස්සර/ பச‍றை/ Passara
8-1-18-070,070,උඩගම,உடகம,Udagama,89A,8: ඌව/ ஊவா/ Uva,1: බදුල්ල/ பது‍ளை/ Badulla,18: පස්සර/ பச‍றை/ Passara
8-1-18-075,075,පැල්ගහතැන්න,‎பெல்கஹ‎தெண்ண,Pelgahathenna,89G,8: ඌව/ ஊவா/ Uva,1: බදුල්ල/ பது‍ளை/ Badulla,18: පස්සර/ பச‍றை/ Passara
8-1-18-080,080,සපුරොද,சுபு‍ரோத,Supuroda,89B,8: ඌව/ ஊவா/ Uva,1: බදුල්ල/ பது‍ளை/ Badulla,18: පස්සර/ பச‍றை/ Passara
8-1-18-085,085,පාලාගොල්ල,பாலா‎கொல்ல,Palagolla,88H,8: ඌව/ ஊவா/ Uva,1: බදුල්ල/ பது‍ளை/ Badulla,18: පස්සර/ பச‍றை/ Passara
8-1-18-090,090,ගෝනගල - බටහිර,கோணகல ‍மேற்கு,Gonagala West,88C,8: ඌව/ ஊவா/ Uva,1: බදුල්ල/ பது‍ளை/ Badulla,18: පස්සර/ பச‍றை/ Passara
8-1-18-095,095,ගෝනගල - නැගෙනහිර,‎கொணாகல கிழக்கு,Gonagala East,88I,8: ඌව/ ஊவா/ Uva,1: බදුල්ල/ பது‍ளை/ Badulla,18: පස්සර/ பச‍றை/ Passara
8-1-18-100,100,කනහෙල,கண‎ஹெல,Kanahela,88A,8: ඌව/ ஊவா/ Uva,1: බදුල්ල/ பது‍ளை/ Badulla,18: පස්සර/ பச‍றை/ Passara
8-1-18-105,105,පල්ලේගම,பல்‍லேகம,Pallegama,88G,8: ඌව/ ஊவா/ Uva,1: බදුල්ල/ பது‍ளை/ Badulla,18: පස්සර/ பச‍றை/ Passara
8-1-18-110,110,පස්සර නගරය - උතුර,பசறை நகரம் வடக்கு,Passara Town North,88B,8: ඌව/ ஊவா/ Uva,1: බදුල්ල/ பது‍ளை/ Badulla,18: පස්සර/ பச‍றை/ Passara
8-1-18-115,115,පස්සර නගරය  - දකුණ,பசறை நகரம் ‎தெற்கு,Passara Town South,88K,8: ඌව/ ஊவா/ Uva,1: බදුල්ල/ பது‍ளை/ Badulla,18: පස්සර/ பச‍றை/ Passara
8-1-18-120,120,පස්සර නගරය  - නැ‍ගෙනහිර,பசறை நகரம் கிழக்கு,Passara Town East,88L,8: ඌව/ ஊவா/ Uva,1: බදුල්ල/ பது‍ளை/ Badulla,18: පස්සර/ பச‍றை/ Passara
8-1-18-125,125,අඹතැන්න බටහිර,அம்ப‎தெண்ண ‍மேற்கு,Ambathenna West,88M,8: ඌව/ ஊவா/ Uva,1: බදුල්ල/ பது‍ளை/ Badulla,18: පස්සර/ பச‍றை/ Passara
8-1-18-130,130,තැන්නුගේ,‎தெண்ணு‍கே,Thennuge,88D,8: ඌව/ ஊவா/ Uva,1: බදුල්ල/ பது‍ளை/ Badulla,18: පස්සර/ பச‍றை/ Passara
8-1-18-135,135,මීදුම්පිටිය,மீதும்பிட்டிய,Meedumpitiya,90B,8: ඌව/ ஊவா/ Uva,1: බදුල්ල/ பது‍ளை/ Badulla,18: පස්සර/ பச‍றை/ Passara
8-1-18-140,140,කුඩුගලපතන,குடுகலபதண,Kudugala Pathana,90D,8: ඌව/ ஊவா/ Uva,1: බදුල්ල/ பது‍ளை/ Badulla,18: පස්සර/ பச‍றை/ Passara
8-1-18-145,145,තොලබෝවත්ත,‎தொல‍போவத்த,Tholabolawatta,90,8: ඌව/ ஊவா/ Uva,1: බදුල්ල/ பது‍ளை/ Badulla,18: පස්සර/ பச‍றை/ Passara
8-1-18-150,150,අඹතැන්න,அம்ப‎தெண்ண,Ambathenna,88F,8: ඌව/ ஊவா/ Uva,1: බදුල්ල/ பது‍ளை/ Badulla,18: පස්සර/ பச‍றை/ Passara
8-1-18-155,155,මීරියබැද්ද,மீரிய‎பெத்த,Meeriyabedda,88,8: ඌව/ ஊவா/ Uva,1: බදුල්ල/ பது‍ளை/ Badulla,18: පස්සර/ பச‍றை/ Passara
8-1-18-160,160,පුහුල්වත්ත,புஹுல்வத்த,Puhulwatta,88J,8: ඌව/ ஊவா/ Uva,1: බදුල්ල/ பது‍ளை/ Badulla,18: පස්සර/ பச‍றை/ Passara
8-1-18-165,165,මාඋස්සාගොල්ල  -  බටහිර,மாவுஸ்ஸா‎கொல்ல மேற்கு,Maussagolla West,87A,8: ඌව/ ஊவா/ Uva,1: බදුල්ල/ பது‍ளை/ Badulla,18: පස්සර/ பச‍றை/ Passara
8-1-18-170,170,කණවැරැල්ල  -  බටහිර,கண‍வே‎ரெல்ல ‍மேற்கு,Kanawerella West,87C,8: ඌව/ ஊவா/ Uva,1: බදුල්ල/ பது‍ளை/ Badulla,18: පස්සර/ பச‍றை/ Passara
8-1-18-175,175,කණවැරැල්ල,கண‍வே‎ரெல்ல,Kanawerella,87,8: ඌව/ ஊவா/ Uva,1: බදුල්ල/ பது‍ளை/ Badulla,18: පස්සර/ பச‍றை/ Passara
8-1-18-180,180,කණවැරැල්ල  -  නැ‍ගෙනහිර,கண‍வே‎ரெல்ல கிழக்கு,Kanawerella East,87D,8: ඌව/ ஊவா/ Uva,1: බදුල්ල/ பது‍ளை/ Badulla,18: පස්සර/ பச‍றை/ Passara
8-1-18-185,185,බිබිලේගම  - බටහිර,பிபி‍லேகம  ‍மேற்கு,Bibilegama West,87B,8: ඌව/ ஊவா/ Uva,1: බදුල්ල/ பது‍ளை/ Badulla,18: පස්සර/ பச‍றை/ Passara
8-1-18-190,190,වැවේකැලේ,‎வெ‍வே‎கெ‍லே,Wewekele,87G,8: ඌව/ ஊவா/ Uva,1: බදුල්ල/ பது‍ளை/ Badulla,18: පස්සර/ பச‍றை/ Passara
8-1-18-195,195,බිබිලේගම - නැ‍ගෙනහිර,பிபி‍லேகம கிழக்கு,Bibilegama East,87E,8: ඌව/ ஊவா/ Uva,1: බදුල්ල/ பது‍ளை/ Badulla,18: පස්සර/ பச‍றை/ Passara
8-1-18-200,200,මාඋස්සාගොල්ල -  නැ‍ගෙනහිර,மாவுஸ்ஸா‎கொல்ல கிழக்கு,Maussagolla East,87F,8: ඌව/ ஊவா/ Uva,1: බදුල්ල/ பது‍ளை/ Badulla,18: පස්සර/ பச‍றை/ Passara
8-1-18-205,205,දඹේවෙල,தம்‍பே‎வெள,Dambewela,88E,8: ඌව/ ஊவா/ Uva,1: බදුල්ල/ பது‍ளை/ Badulla,18: පස්සර/ பச‍றை/ Passara
8-1-19-005,005,ඇකිරිය,எகிரிய,Ekiriya,17,8: ඌව/ ஊவா/ Uva,1: බදුල්ල/ பது‍ளை/ Badulla,19: ලුණුගල/ லுணுக‍லை/ Lunugala
8-1-19-010,010,මැටිගහතැන්න,‎மெட்டிகஹ‎தெண்ண,Metigahathenna,18,8: ඌව/ ஊவா/ Uva,1: බදුල්ල/ பது‍ளை/ Badulla,19: ලුණුගල/ லுணுக‍லை/ Lunugala
8-1-19-015,015,ගල්වෙලගම,கல்‎வெ‍லகம,Galwelagama,18C,8: ඌව/ ஊவா/ Uva,1: බදුල්ල/ பது‍ளை/ Badulla,19: ලුණුගල/ லுணுக‍லை/ Lunugala
8-1-19-020,020,වැවබැද්ද,‎வெவ‎பெத்த,Wewabedda,18A,8: ඌව/ ஊவா/ Uva,1: බදුල්ල/ பது‍ளை/ Badulla,19: ලුණුගල/ லுணுக‍லை/ Lunugala
8-1-19-025,025,ජනතාපුර උතුර,ஜணதாபுர வடக்கு,Janathapura North,95A,8: ඌව/ ஊவா/ Uva,1: බදුල්ල/ பது‍ளை/ Badulla,19: ලුණුගල/ லுணுக‍லை/ Lunugala
8-1-19-030,030,අරවාකුඹුර,அரவாகும்புர,Arawakumbura,94C,8: ඌව/ ஊவா/ Uva,1: බදුල්ල/ பது‍ளை/ Badulla,19: ලුණුගල/ லுணுக‍லை/ Lunugala
8-1-19-035,035,උඩකිරුව,உடகிருவ,Udakiruwa,92A,8: ඌව/ ஊவா/ Uva,1: බදුල්ල/ பது‍ளை/ Badulla,19: ලුණුගල/ லுணுக‍லை/ Lunugala
8-1-19-040,040,අලකොලගල,அல‍கொலகல,Alakolagala,94E,8: ඌව/ ஊவா/ Uva,1: බදුල්ල/ பது‍ளை/ Badulla,19: ලුණුගල/ லுணுக‍லை/ Lunugala
8-1-19-045,045,උඩපංගුව,உடபங்குவ,Udapanguwa,94,8: ඌව/ ஊவா/ Uva,1: බදුල්ල/ பது‍ளை/ Badulla,19: ලුණුගල/ லுணுக‍லை/ Lunugala
8-1-19-050,050,ලුණුගල නගරය,லுணுகலை  நகரம்,Lunugala Town,94A,8: ඌව/ ஊவா/ Uva,1: බදුල්ල/ பது‍ளை/ Badulla,19: ලුණුගල/ லுணுக‍லை/ Lunugala
8-1-19-055,055,ජනතාපුර  දකුණ,ஜனதாபுர ‎தெற்கு,Janathapura South,95B,8: ඌව/ ஊவா/ Uva,1: බදුල්ල/ பது‍ளை/ Badulla,19: ලුණුගල/ லுணுக‍லை/ Lunugala
8-1-19-060,060,ජනතාපුර,ஜனதாபுர,Janathapura,95,8: ඌව/ ஊவா/ Uva,1: බදුල්ල/ பது‍ளை/ Badulla,19: ලුණුගල/ லுணுக‍லை/ Lunugala
8-1-19-065,065,බටවත්ත,பட்டாவத்த,Batawatta,18D,8: ඌව/ ஊவா/ Uva,1: බදුල්ල/ பது‍ளை/ Badulla,19: ලුණුගල/ லுணுக‍லை/ Lunugala
8-1-19-070,070,ගල්ලූල්ල,கல்லுல்லை,Gallulla,18B,8: ඌව/ ஊவா/ Uva,1: බදුල්ල/ பது‍ளை/ Badulla,19: ලුණුගල/ லுணுக‍லை/ Lunugala
8-1-19-075,075,මඩුල්සිම,மடுல்சீமை,Madulsima,89C,8: ඌව/ ஊவா/ Uva,1: බදුල්ල/ பது‍ளை/ Badulla,19: ලුණුගල/ லுணுக‍லை/ Lunugala
8-1-19-080,080,සුමුදුගම,சுமுதுகம,Sumudugama,94G,8: ඌව/ ஊவா/ Uva,1: බදුල්ල/ பது‍ளை/ Badulla,19: ලුණුගල/ லுணுக‍லை/ Lunugala
8-1-19-085,085,අත්තනගොල්ල,அத்தண‎கொல்ல,Attanagolla,94F,8: ඌව/ ஊவா/ Uva,1: බදුල්ල/ பது‍ளை/ Badulla,19: ලුණුගල/ லுணுக‍லை/ Lunugala
8-1-19-090,090,සූරියගොඩ,சூரிய‎கொட,Sooriyagoda,94D,8: ඌව/ ஊவா/ Uva,1: බදුල්ල/ பது‍ளை/ Badulla,19: ලුණුගල/ லுணுக‍லை/ Lunugala
8-1-19-095,095,වේරගොඩ,‍வேர‎கொட,Weragoda,92B,8: ඌව/ ஊவா/ Uva,1: බදුල්ල/ பது‍ளை/ Badulla,19: ලුණුගල/ லுணுக‍லை/ Lunugala
8-1-19-100,100,පල්ලේකිරුව,பல்‍லேகிருவ,Pallekiruwa,92,8: ඌව/ ஊவா/ Uva,1: බදුල්ල/ பது‍ளை/ Badulla,19: ලුණුගල/ லுணுக‍லை/ Lunugala
8-1-19-105,105,කොට්ටල්බැද්ද,‎கொட்டல்‎பெத்த,Kottalbedda,93,8: ඌව/ ஊவா/ Uva,1: බදුල්ල/ பது‍ளை/ Badulla,19: ලුණුගල/ லுணுக‍லை/ Lunugala
8-1-19-110,110,මහදෝව,மஹ‎‍தோவ,Mahadowa,89J,8: ඌව/ ஊவா/ Uva,1: බදුල්ල/ பது‍ளை/ Badulla,19: ලුණුගල/ லுணுக‍லை/ Lunugala
8-1-19-115,115,යපම්ම,யபம்ம,Yapamma,94B,8: ඌව/ ஊவா/ Uva,1: බදුල්ල/ பது‍ளை/ Badulla,19: ලුණුගල/ லுணுக‍லை/ Lunugala
8-1-19-120,120,පීස්සගම,பீஸ்ஸகம,Peessagama,94I,8: ඌව/ ஊவா/ Uva,1: බදුල්ල/ பது‍ளை/ Badulla,19: ලුණුගල/ லுணுக‍லை/ Lunugala
8-1-19-125,125,රේන්දපොල,‍ரேந்த‎பொல,Rendapola,94J,8: ඌව/ ஊவா/ Uva,1: බදුල්ල/ பது‍ளை/ Badulla,19: ලුණුගල/ லுணுக‍லை/ Lunugala
8-1-19-130,130,හොප්ටන්,‎ஹொப்டண்,Hopton,94H,8: ඌව/ ஊவா/ Uva,1: බදුල්ල/ பது‍ளை/ Badulla,19: ලුණුගල/ லுணுக‍லை/ Lunugala
8-1-19-135,135,මඩුවත්ත,மடுவத்த,Maduwatta,90C,8: ඌව/ ஊவா/ Uva,1: බදුල්ල/ பது‍ளை/ Badulla,19: ලුණුගල/ லுணுக‍லை/ Lunugala
8-1-19-140,140,මිල්ලබැද්ද,மில்ல‎‎பெத்த,Millabedda,90A,8: ඌව/ ஊவா/ Uva,1: බදුල්ල/ பது‍ளை/ Badulla,19: ලුණුගල/ லுணுக‍லை/ Lunugala
8-1-21-005,005,පිටවෙලගම,பிடி‎வெலகம,Pitawelagama,78L,8: ඌව/ ஊவா/ Uva,1: බදුල්ල/ பது‍ளை/ Badulla,21: බදුල්ල/ பதுளை/ Badulla
8-1-21-010,010,බදුල්ල උතුර,பது‍ளை வடக்கு,Badulla North,78A,8: ඌව/ ஊவா/ Uva,1: බදුල්ල/ பது‍ளை/ Badulla,21: බදුල්ල/ பதுளை/ Badulla
8-1-21-015,015,මැදපතන,‎மெதபதண,Medapathana,78M,8: ඌව/ ஊவா/ Uva,1: බදුල්ල/ பது‍ளை/ Badulla,21: බදුල්ල/ பதுளை/ Badulla
8-1-21-020,020,කයිලගොඩ,கயில்லகொட,Kailagoda,78G,8: ඌව/ ஊவா/ Uva,1: බදුල්ල/ பது‍ளை/ Badulla,21: බදුල්ල/ பதுளை/ Badulla
8-1-21-025,025,අංදෙණිය,அந்‎‎தெணிய,Andeniya,79A,8: ඌව/ ஊவா/ Uva,1: බදුල්ල/ பது‍ளை/ Badulla,21: බදුල්ල/ பதுளை/ Badulla
8-1-21-030,030,සිරිමල්ගොඩ,சிரிமல்‎கொட,Sirimalgoda,80A,8: ඌව/ ஊவா/ Uva,1: බදුල්ල/ பது‍ளை/ Badulla,21: බදුල්ල/ பதுளை/ Badulla
8-1-21-035,035,දමන්වර,தமண்வர,Damanwara,80F,8: ඌව/ ஊவா/ Uva,1: බදුල්ල/ பது‍ளை/ Badulla,21: බදුල්ල/ பதுளை/ Badulla
8-1-21-040,040,හින්නාරංගොල්ල,ஹிண்ணாரங்‎கொல்ல,Hinnarangolla,81A,8: ඌව/ ஊவா/ Uva,1: බදුල්ල/ பது‍ளை/ Badulla,21: බදුල්ල/ பதுளை/ Badulla
8-1-21-045,045,කැන්දගොල්ල,‎கெந்த‎கொல்ல,Kendagolla,81,8: ඌව/ ஊவா/ Uva,1: බදුල්ල/ பது‍ளை/ Badulla,21: බදුල්ල/ பதுளை/ Badulla
8-1-21-050,050,තෙල්බැද්ද,‎தெல்‎பெத்த தோட்டம்,Thelbedda Estate,81B,8: ඌව/ ஊவா/ Uva,1: බදුල්ල/ பது‍ளை/ Badulla,21: බදුල්ල/ பதுளை/ Badulla
8-1-21-055,055,ඉලුක්තැන්න,இலுக்‎தெண்ண,Ilukthenna,80B,8: ඌව/ ஊவா/ Uva,1: බදුල්ල/ பது‍ளை/ Badulla,21: බදුල්ල/ பதுளை/ Badulla
8-1-21-060,060,හෑගොඩ,‍ஹே‎கொட,Hegoda,79,8: ඌව/ ஊவா/ Uva,1: බදුල්ල/ பது‍ளை/ Badulla,21: බදුල්ල/ பதுளை/ Badulla
8-1-21-065,065,බදුලුපිටිය,பதுளுபிடிய,Badulupitiya,78J,8: ඌව/ ஊவா/ Uva,1: බදුල්ල/ பது‍ளை/ Badulla,21: බදුල්ල/ பதுளை/ Badulla
8-1-21-070,070,බදුල්ල මධ්‍යම,மத்திய பது‍ளை,Badulla Central,78D,8: ඌව/ ஊவா/ Uva,1: බදුල්ල/ பது‍ளை/ Badulla,21: බදුල්ල/ பதுளை/ Badulla
8-1-21-075,075,බදුල්ල බටහිර,பது‍ளை  ‍மேற்கு,Badulla West,78C,8: ඌව/ ஊவா/ Uva,1: බදුල්ල/ பது‍ளை/ Badulla,21: බදුල්ල/ பதுளை/ Badulla
8-1-21-080,080,කටුපැලැල්ල,கட்டு‎பெ‎லெல்ல,Katupelella,78H,8: ඌව/ ஊவா/ Uva,1: බදුල්ල/ பது‍ளை/ Badulla,21: බදුල්ල/ பதுளை/ Badulla
8-1-21-085,085,බදුල්ල දකුණ,பது‍ளை  ‎தெற்கு,Badulla South,78,8: ඌව/ ஊவா/ Uva,1: බදුල්ල/ பது‍ளை/ Badulla,21: බදුල්ල/ பதுளை/ Badulla
8-1-21-090,090,බදුල්ල නැගෙනහිර,பது‍ளை கிழக்கு,Badulla East,78B,8: ඌව/ ஊவா/ Uva,1: බදුල්ල/ பது‍ளை/ Badulla,21: බදුල්ල/ பதுளை/ Badulla
8-1-21-095,095,හිඳගොඩ,ஹிந்த‎கொட,Hindagoda,78K,8: ඌව/ ஊவா/ Uva,1: බදුල්ල/ பது‍ளை/ Badulla,21: බදුල්ල/ பதுளை/ Badulla
8-1-21-100,100,රඹුක්පොත,ரம்புக்‎பொத்த,Rambukpotha,80,8: ඌව/ ஊவா/ Uva,1: බදුල්ල/ பது‍ளை/ Badulla,21: බදුල්ල/ பதுளை/ Badulla
8-1-21-105,105,මලංගමුව,மலங்கமுவ,Malangamuwa,80G,8: ඌව/ ஊவா/ Uva,1: බදුල්ල/ பது‍ளை/ Badulla,21: බදුල්ල/ பதுளை/ Badulla
8-1-21-110,110,වියදිගුණ,வியதிகுண,Viyadiguna,80E,8: ඌව/ ஊவா/ Uva,1: බදුල්ල/ பது‍ளை/ Badulla,21: බදුල්ල/ பதுளை/ Badulla
8-1-21-115,115,විනීතගම,விணீதகம,Vineethagama,80C,8: ඌව/ ஊவா/ Uva,1: බදුල්ල/ பது‍ளை/ Badulla,21: බදුල්ල/ பதுளை/ Badulla
8-1-21-120,120,වේවැස්ස,‍வே‎வெஸ்ஸ,Wewessa,80J,8: ඌව/ ஊவா/ Uva,1: බදුල්ල/ பது‍ளை/ Badulla,21: බදුල්ල/ பதுளை/ Badulla
8-1-21-125,125,වැලිබිස්ස,‎வெலிபிஸ்ஸ,Welibissa,80I,8: ඌව/ ஊவா/ Uva,1: බදුල්ල/ பது‍ளை/ Badulla,21: බදුල්ල/ பதுளை/ Badulla
8-1-21-130,130,ග්ලේන් ඇල්පින්,க்‍லேன் அல்பிண்,Glen Alpin,80H,8: ඌව/ ஊவா/ Uva,1: බදුල්ල/ பது‍ளை/ Badulla,21: බදුල්ල/ பதுளை/ Badulla
8-1-21-135,135,උඩවෙල,உட‎வெல,Udawela,80D,8: ඌව/ ஊவா/ Uva,1: බදුල්ල/ பது‍ளை/ Badulla,21: බදුල්ල/ பதுளை/ Badulla
8-1-21-140,140,හිඟුරුගමුව,ஹிங்குருகமுவ,Hingurugamuwa,78E,8: ඌව/ ஊவா/ Uva,1: බදුල්ල/ பது‍ளை/ Badulla,21: බදුල්ල/ பதுளை/ Badulla
8-1-21-145,145,කණුපැලැල්ල,கணு‎‎பெ‎லெல்ல,Kanupelella,78F,8: ඌව/ ஊவா/ Uva,1: බදුල්ල/ பது‍ளை/ Badulla,21: බදුල්ල/ பதுளை/ Badulla
8-1-24-005,005,කොකටියමළුව,‎கொகட்டியமலுவ,Kokatiyamaluwa,77A,8: ඌව/ ஊவா/ Uva,1: බදුල්ල/ பது‍ளை/ Badulla,24: හාලිඇල/ ஹாலி-எல/ Hali-Ela
8-1-24-010,010,වෑගම,‍வேகம,Wegama,77,8: ඌව/ ஊவா/ Uva,1: බදුල්ල/ பது‍ளை/ Badulla,24: හාලිඇල/ ஹாலி-எல/ Hali-Ela
8-1-24-015,015,ජගුල්ල,ஜங்குல்ல,Jangulla,77B,8: ඌව/ ஊவா/ Uva,1: බදුල්ල/ பது‍ளை/ Badulla,24: හාලිඇල/ ஹாலி-எல/ Hali-Ela
8-1-24-020,020,ලන්දේවෙල,லந்‍தே‎வெல,Landewela,76A,8: ඌව/ ஊவா/ Uva,1: බදුල්ල/ பது‍ளை/ Badulla,24: හාලිඇල/ ஹாலி-எல/ Hali-Ela
8-1-24-025,025,බෝගොඩ,‍போ‎கொட,Bogoda,76,8: ඌව/ ஊவா/ Uva,1: බදුල්ල/ பது‍ளை/ Badulla,24: හාලිඇල/ ஹாலி-எல/ Hali-Ela
8-1-24-030,030,පනාකන්නිය,பணாகண்ணிய,Panakanniya,75E,8: ඌව/ ஊவா/ Uva,1: බදුල්ල/ பது‍ளை/ Badulla,24: හාලිඇල/ ஹாலி-எல/ Hali-Ela
8-1-24-035,035,කැටවල,‎கெடவள,Ketawala,75C,8: ඌව/ ஊவா/ Uva,1: බදුල්ල/ பது‍ளை/ Badulla,24: හාලිඇල/ ஹாலி-எல/ Hali-Ela
8-1-24-040,040,උඩකොහොවිල,உட‎கொ‍‎ஹொவில,Udakohovila,74F,8: ඌව/ ஊவா/ Uva,1: බදුල්ල/ பது‍ளை/ Badulla,24: හාලිඇල/ ஹாலி-எல/ Hali-Ela
8-1-24-045,045,හැතැක්ම,‎ஹெ‎தெக்ம,Hethekma,75,8: ඌව/ ஊவா/ Uva,1: බදුල්ල/ பது‍ளை/ Badulla,24: හාලිඇල/ ஹாலி-எல/ Hali-Ela
8-1-24-050,050,දීගල්ල,தீகல்ல,Deegalla,75A,8: ඌව/ ஊவா/ Uva,1: බදුල්ල/ பது‍ளை/ Badulla,24: හාලිඇල/ ஹாலி-எல/ Hali-Ela
8-1-24-055,055,පට්ටිපොළ,பட்டி‎பொல,Pattipola,75B,8: ඌව/ ஊவா/ Uva,1: බදුල්ල/ பது‍ளை/ Badulla,24: හාලිඇල/ ஹாலி-எல/ Hali-Ela
8-1-24-060,060,අන්තුඩුවාවෙල,அந்துடுவா‎வெல,Anthuduwawela,74D,8: ඌව/ ஊவா/ Uva,1: බදුල්ල/ பது‍ளை/ Badulla,24: හාලිඇල/ ஹாலி-எல/ Hali-Ela
8-1-24-065,065,‍බෝගහමඩිත්ත,‍போகஹமடித்த,Bogahamaditta,74B,8: ඌව/ ஊவா/ Uva,1: බදුල්ල/ பது‍ளை/ Badulla,24: හාලිඇල/ ஹாலி-எல/ Hali-Ela
8-1-24-070,070,මහවත්තේගම,மஹவத்‍தேகம,Mahawattagama,82C,8: ඌව/ ஊவா/ Uva,1: බදුල්ල/ பது‍ளை/ Badulla,24: හාලිඇල/ ஹாலி-எல/ Hali-Ela
8-1-24-075,075,දෙම‍ටවැල්හින්න,‎தெமட்ட‎வெல்ஹிண்ண,Dematawelhinna,82B,8: ඌව/ ஊவா/ Uva,1: බදුල්ල/ பது‍ளை/ Badulla,24: හාලිඇල/ ஹாலி-எல/ Hali-Ela
8-1-24-080,080,වැලිකේමුල්ල,‎வெலி‍கேமுல்ல,Welikemulla,82A,8: ඌව/ ஊவா/ Uva,1: බදුල්ල/ பது‍ளை/ Badulla,24: හාලිඇල/ ஹாலி-எல/ Hali-Ela
8-1-24-085,085,උණගොල්ල,உணு‎கொல்ல,Unagolla,84A,8: ඌව/ ஊவா/ Uva,1: බදුල්ල/ பது‍ளை/ Badulla,24: හාලිඇල/ ஹாலி-எல/ Hali-Ela
8-1-24-090,090,මැදපිටිගම,‎மெதபிட்டிகம,Medapitigama,74E,8: ඌව/ ஊவா/ Uva,1: බදුල්ල/ பது‍ளை/ Badulla,24: හාලිඇල/ ஹாலி-எல/ Hali-Ela
8-1-24-095,095,දික්වැල්ල,திக்‎வெல்ல,Dikwella,74,8: ඌව/ ஊவா/ Uva,1: බදුල්ල/ பது‍ளை/ Badulla,24: හාලිඇල/ ஹாலி-எல/ Hali-Ela
8-1-24-100,100,හාලිඇල,ஹாலிஎல,Haliela,74A,8: ඌව/ ஊவா/ Uva,1: බදුල්ල/ பது‍ளை/ Badulla,24: හාලිඇල/ ஹாலி-எல/ Hali-Ela
8-1-24-105,105,සමගිපුර,சமகிபுர,Samagipura,74C,8: ඌව/ ஊவா/ Uva,1: බදුල්ල/ பது‍ளை/ Badulla,24: හාලිඇල/ ஹாலி-எல/ Hali-Ela
8-1-24-110,110,උඩගම,உடகம,Udagama,75D,8: ඌව/ ஊவா/ Uva,1: බදුල්ල/ பது‍ளை/ Badulla,24: හාලිඇල/ ஹாலி-எல/ Hali-Ela
8-1-24-115,115,ගාවෙල,கா‎வெல,Gawela,55C,8: ඌව/ ஊவா/ Uva,1: බදුල්ල/ பது‍ளை/ Badulla,24: හාලිඇල/ ஹாலி-எல/ Hali-Ela
8-1-24-120,120,පහමුණුතොට,பஹமுணு‎தொட,Pahamunuthota,55D,8: ඌව/ ஊவா/ Uva,1: බදුල්ල/ பது‍ளை/ Badulla,24: හාලිඇල/ ஹாலி-எல/ Hali-Ela
8-1-24-125,125,නෙළුදණ්ඩ,‎நெழுதண்ட,Neludanda,56D,8: ඌව/ ஊவா/ Uva,1: බදුල්ල/ பது‍ளை/ Badulla,24: හාලිඇල/ ஹாலி-எல/ Hali-Ela
8-1-24-130,130,හින්නාරංගොල්ල,இன்னாரங்‎கொல்ல,Hinnaranagolla,55E,8: ඌව/ ஊவா/ Uva,1: බදුල්ල/ பது‍ளை/ Badulla,24: හාලිඇල/ ஹாலி-எல/ Hali-Ela
8-1-24-135,135,මුගුණුමත බටහිර,முகுணுமத ‍மேற்கு,Mugunumatha West,73C,8: ඌව/ ஊவா/ Uva,1: බදුල්ල/ பது‍ளை/ Badulla,24: හාලිඇල/ ஹாலி-எல/ Hali-Ela
8-1-24-140,140,මුගුණුමත  නැගෙනහිර,முகுணுமத கிழக்கு,Mugunumatha East,73B,8: ඌව/ ஊவா/ Uva,1: බදුල්ල/ பது‍ளை/ Badulla,24: හාලිඇල/ ஹாலி-எல/ Hali-Ela
8-1-24-145,145,ගොඩේගම,‎‎கொ‍‍டேகம,Godegama,84B,8: ඌව/ ஊவா/ Uva,1: බදුල්ල/ பது‍ளை/ Badulla,24: හාලිඇල/ ஹாலி-எல/ Hali-Ela
8-1-24-150,150,මැදගම,‎மெதகம,Medagama,84,8: ඌව/ ஊவா/ Uva,1: බදුල්ල/ பது‍ளை/ Badulla,24: හාලිඇල/ ஹாலி-எல/ Hali-Ela
8-1-24-155,155,ඉඹුල්ගොඩ,இம்புல்‎கொட,Imbulgoda,82,8: ඌව/ ஊவா/ Uva,1: බදුල්ල/ பது‍ளை/ Badulla,24: හාලිඇල/ ஹாலி-எல/ Hali-Ela
8-1-24-160,160,කෝට්ටගොඩ,‍கோட்‍டே‎கொட,Kottagoda,82D,8: ඌව/ ஊவா/ Uva,1: බදුල්ල/ பது‍ளை/ Badulla,24: හාලිඇල/ ஹாலி-எல/ Hali-Ela
8-1-24-165,165,කඳන,கந்தாண,Kandana,86,8: ඌව/ ஊவா/ Uva,1: බදුල්ල/ பது‍ளை/ Badulla,24: හාලිඇල/ ஹாலி-எல/ Hali-Ela
8-1-24-170,170,බුලත්වත්ත,புளத்வத்த,Bulathwatta,86A,8: ඌව/ ஊவா/ Uva,1: බදුල්ල/ பது‍ளை/ Badulla,24: හාලිඇල/ ஹாலி-எல/ Hali-Ela
8-1-24-175,175,ස්ප්‍රිංවැලි වත්ත,ஸ்ப்ரிங்‎வெலி தோட்டம்,Springvalley Estate,86B,8: ඌව/ ஊவா/ Uva,1: බදුල්ල/ பது‍ளை/ Badulla,24: හාලිඇල/ ஹாலி-எல/ Hali-Ela
8-1-24-180,180,ස්ප්‍රිංවැලි,ஸ்ப்ரிங்‎வெலி,Springvalley,85B,8: ඌව/ ஊவா/ Uva,1: බදුල්ල/ பது‍ளை/ Badulla,24: හාලිඇල/ ஹாலி-எல/ Hali-Ela
8-1-24-185,185,බැද්දේගම,‎பெத்‍தேகம,Beddegama,85,8: ඌව/ ஊவா/ Uva,1: බදුල්ල/ பது‍ளை/ Badulla,24: හාලිඇල/ ஹாலி-எல/ Hali-Ela
8-1-24-190,190,වේවැල්හින්න,‍வே‎வெல்ஹிண்ண,Wewelhinna,85A,8: ඌව/ ஊவா/ Uva,1: බදුල්ල/ பது‍ளை/ Badulla,24: හාලිඇල/ ஹாலி-எல/ Hali-Ela
8-1-24-195,195,උඩුවර,உடுவர,Uduwara,73,8: ඌව/ ஊவா/ Uva,1: බදුල්ල/ பது‍ளை/ Badulla,24: හාලිඇල/ ஹாலி-எல/ Hali-Ela
8-1-24-200,200,හපුවලකුඹු‍ර,ஹபுவலகும்புர,Hapuwalakumbura,73A,8: ඌව/ ஊவா/ Uva,1: බදුල්ල/ பது‍ளை/ Badulla,24: හාලිඇල/ ஹாலி-எல/ Hali-Ela
8-1-24-205,205,කිරින්ද,கிரிந்த,Kirinda,73D,8: ඌව/ ஊவா/ Uva,1: බදුල්ල/ பது‍ளை/ Badulla,24: හාලිඇල/ ஹாலி-எல/ Hali-Ela
8-1-24-210,210,මොරේතොට,‎மொ‍ரே‎தொட,Morethota,56A,8: ඌව/ ஊவா/ Uva,1: බදුල්ල/ பது‍ளை/ Badulla,24: හාලිඇල/ ஹாலி-எல/ Hali-Ela
8-1-24-215,215,ඌව මහවෙල,ஊவா மஹ‎வெள,Uva Mahawela,56B,8: ඌව/ ஊவா/ Uva,1: බදුල්ල/ பது‍ளை/ Badulla,24: හාලිඇල/ ஹாலி-எல/ Hali-Ela
8-1-24-220,220,ඇටම්පිටිය,எட்டாம்பிட்டிய,Etampitiya,55,8: ඌව/ ஊவா/ Uva,1: බදුල්ල/ பது‍ளை/ Badulla,24: හාලිඇල/ ஹாலி-எல/ Hali-Ela
8-1-24-225,225,පල්ලේගම,பல்‍லேகம,Pallegama,55A,8: ඌව/ ஊவா/ Uva,1: බදුල්ල/ பது‍ளை/ Badulla,24: හාලිඇල/ ஹாலி-எல/ Hali-Ela
8-1-24-230,230,දෙහිවින්න,‎தெஹிவிண்ண,Dehiwinna,56,8: ඌව/ ஊவா/ Uva,1: බදුල්ල/ பது‍ளை/ Badulla,24: හාලිඇල/ ஹாலி-எல/ Hali-Ela
8-1-24-235,235,නිලිඅතුගොඩ,நில்அத்து‎கொட,Niliathugoda,56E,8: ඌව/ ஊவா/ Uva,1: බදුල්ල/ பது‍ளை/ Badulla,24: හාලිඇල/ ஹாலி-எல/ Hali-Ela
8-1-24-240,240,නෙළුව,‎நெழுவ,Neluwa,56C,8: ඌව/ ஊவா/ Uva,1: බදුල්ල/ பது‍ளை/ Badulla,24: හාලිඇල/ ஹாலி-எல/ Hali-Ela
8-1-24-245,245,කුඩුමහුවල,குடுமகுவல,Kudumahuwela,57D,8: ඌව/ ஊவா/ Uva,1: බදුල්ල/ பது‍ளை/ Badulla,24: හාලිඇල/ ஹாலி-எல/ Hali-Ela
8-1-24-250,250,වෑපස්සාවෙල,வேபஸ்சாவெல,Wepassawela,57B,8: ඌව/ ஊவா/ Uva,1: බදුල්ල/ பது‍ளை/ Badulla,24: හාලිඇල/ ஹாலி-எல/ Hali-Ela
8-1-24-255,255,මාලිගාතැන්න,மாலிகா‎தெண்ண,Maligathenna,57H,8: ඌව/ ஊவா/ Uva,1: බදුල්ල/ பது‍ளை/ Badulla,24: හාලිඇල/ ஹாலி-எல/ Hali-Ela
8-1-24-260,260,පෙරහෙට්ටිය,‎பெர‎ஹெட்டிய,Perahettiya,57A,8: ඌව/ ஊவா/ Uva,1: බදුල්ල/ பது‍ளை/ Badulla,24: හාලිඇල/ ஹாலி-எல/ Hali-Ela
8-1-24-265,265,කටුගහ,கட்டுகஹ,Katugaha,57F,8: ඌව/ ஊவா/ Uva,1: බදුල්ල/ பது‍ளை/ Badulla,24: හාලිඇල/ ஹாலி-எல/ Hali-Ela
8-1-24-270,270,මහතැන්න,மஹ‎தென்ன,Mahathenna,57E,8: ඌව/ ஊவா/ Uva,1: බදුල්ල/ பது‍ளை/ Badulla,24: හාලිඇල/ ஹாலி-எல/ Hali-Ela
8-1-24-275,275,මලිත්ත,மலித்த,Malitta,57,8: ඌව/ ஊவா/ Uva,1: බදුල්ල/ பது‍ளை/ Badulla,24: හාලිඇල/ ஹாலி-எல/ Hali-Ela
8-1-24-280,280,කුරුකුදේ,குருக்கு‍தே,Kurukude,57C,8: ඌව/ ஊவா/ Uva,1: බදුල්ල/ பது‍ளை/ Badulla,24: හාලිඇල/ ஹாலி-எல/ Hali-Ela
8-1-24-285,285,වරකාදණ්ඩ,வரகாதண்ட,Warakadanda,57G,8: ඌව/ ஊவா/ Uva,1: බදුල්ල/ பது‍ளை/ Badulla,24: හාලිඇල/ ஹாலி-எல/ Hali-Ela
8-1-27-005,005,යාලගමුව,யாலகமுவ,Yalagamuwa,37E,8: ඌව/ ஊவா/ Uva,1: බදුල්ල/ பது‍ளை/ Badulla,27: ඌව-පරණගම/ ஊவா-பரணகம/ Uva-Paranagama
8-1-27-010,010,රිටිකුඹුර,ரித்திகும்புர,Ritikumbura,37F,8: ඌව/ ஊவா/ Uva,1: බදුල්ල/ பது‍ளை/ Badulla,27: ඌව-පරණගම/ ஊவா-பரணகம/ Uva-Paranagama
8-1-27-015,015,වෑතලාව,‍வேதலாவ,Wethalawa,37A,8: ඌව/ ஊவா/ Uva,1: බදුල්ල/ பது‍ளை/ Badulla,27: ඌව-පරණගම/ ஊவா-பரணகம/ Uva-Paranagama
8-1-27-020,020,මස්පන්න,மஸ்பண்ண,Maspanna,37,8: ඌව/ ஊவா/ Uva,1: බදුල්ල/ பது‍ளை/ Badulla,27: ඌව-පරණගම/ ஊவா-பரணகம/ Uva-Paranagama
8-1-27-025,025,කොහිලේගම,‎கொஹிலேகம,Kohilegama,37C,8: ඌව/ ஊவா/ Uva,1: බදුල්ල/ பது‍ளை/ Badulla,27: ඌව-පරණගම/ ஊவா-பரணகம/ Uva-Paranagama
8-1-27-030,030,ඇල්ලන්ද,எல்லந்த,Ellanda,37D,8: ඌව/ ஊவா/ Uva,1: බදුල්ල/ பது‍ளை/ Badulla,27: ඌව-පරණගම/ ஊவா-பரணகம/ Uva-Paranagama
8-1-27-035,035,කිඳිගොඩ,கிந்தி‎கொட,Kindigoda,37B,8: ඌව/ ஊவா/ Uva,1: බදුල්ල/ பது‍ளை/ Badulla,27: ඌව-පරණගම/ ஊவா-பரணகம/ Uva-Paranagama
8-1-27-040,040,හත්කිඳ,ஹத்கிந்த,Hathkinda,38B,8: ඌව/ ஊவா/ Uva,1: බදුල්ල/ பது‍ளை/ Badulla,27: ඌව-පරණගම/ ஊவா-பரணகம/ Uva-Paranagama
8-1-27-045,045,දිඹුලන,திம்புலாண,Dimbulana,38A,8: ඌව/ ஊவா/ Uva,1: බදුල්ල/ பது‍ளை/ Badulla,27: ඌව-පරණගම/ ஊவா-பரணகம/ Uva-Paranagama
8-1-27-050,050,ඉලුක්වෙල,இலுக்‎வெள,Ilukwela,38D,8: ඌව/ ஊவா/ Uva,1: බදුල්ල/ பது‍ளை/ Badulla,27: ඌව-පරණගම/ ஊவா-பரணகம/ Uva-Paranagama
8-1-27-055,055,ගම්පහ,கம்பஹ,Gampaha,38C,8: ඌව/ ஊவா/ Uva,1: බදුල්ල/ பது‍ளை/ Badulla,27: ඌව-පරණගම/ ஊவா-பரணகம/ Uva-Paranagama
8-1-27-060,060,වැවේගම,‎வெ‍வேகம,Wewegama,38,8: ඌව/ ஊவா/ Uva,1: බදුල්ල/ பது‍ளை/ Badulla,27: ඌව-පරණගම/ ஊவா-பரணகம/ Uva-Paranagama
8-1-27-065,065,කර්කීල්ස්,கர்கில்ஸ்,Kerklis,38E,8: ඌව/ ஊவா/ Uva,1: බදුල්ල/ பது‍ளை/ Badulla,27: ඌව-පරණගම/ ஊவா-பரணகம/ Uva-Paranagama
8-1-27-070,070,මල්වත්තේගම,மல்வத்‍தேகம,Malwatte Gama,39A,8: ඌව/ ஊவா/ Uva,1: බදුල්ල/ பது‍ளை/ Badulla,27: ඌව-පරණගම/ ஊவா-பரணகம/ Uva-Paranagama
8-1-27-075,075,මැදිපොකුණ,‎மெதி‎‎பொகுண,Medipokuna,39B,8: ඌව/ ஊவா/ Uva,1: බදුල්ල/ பது‍ளை/ Badulla,27: ඌව-පරණගම/ ஊவா-பரணகம/ Uva-Paranagama
8-1-27-080,080,තුප්පිටිය,துப்பிட்டிய,Thuppitiya,40,8: ඌව/ ஊவா/ Uva,1: බදුල්ල/ பது‍ளை/ Badulla,27: ඌව-පරණගම/ ஊவா-பரணகம/ Uva-Paranagama
8-1-27-085,085,පනාගොඩ,பணா‎கொட,Panagoda,40A,8: ඌව/ ஊவா/ Uva,1: බදුල්ල/ பது‍ளை/ Badulla,27: ඌව-පරණගම/ ஊவா-பரணகம/ Uva-Paranagama
8-1-27-090,090,පිටියකුඹුර,பிடியகும்புர,Pitiyakumbura,39C,8: ඌව/ ஊவா/ Uva,1: බදුල්ල/ பது‍ளை/ Badulla,27: ඌව-පරණගම/ ஊவா-பரணகம/ Uva-Paranagama
8-1-27-095,095,බඹරපාන,பம்பரபாண,Bambarapana,39,8: ඌව/ ஊவா/ Uva,1: බදුල්ල/ பது‍ளை/ Badulla,27: ඌව-පරණගම/ ஊவா-பரணகம/ Uva-Paranagama
8-1-27-100,100,අලගොල්ල,அள‎கொல்ல,Alagolla,42B,8: ඌව/ ஊவா/ Uva,1: බදුල්ල/ பது‍ளை/ Badulla,27: ඌව-පරණගම/ ஊவா-பரணகம/ Uva-Paranagama
8-1-27-105,105,වෝන්ඩ්මාර්,‎வொண்ட்மார்,Vondmar,43G,8: ඌව/ ஊவா/ Uva,1: බදුල්ල/ பது‍ளை/ Badulla,27: ඌව-පරණගම/ ஊவா-பரணகம/ Uva-Paranagama
8-1-27-110,110,තවලම්පොල,தவலம்‎பொல,Thawalampola,43A,8: ඌව/ ஊவா/ Uva,1: බදුල්ල/ பது‍ளை/ Badulla,27: ඌව-පරණගම/ ஊவா-பரணகம/ Uva-Paranagama
8-1-27-115,115,කොඩකුඹුර,‎‎கொடகும்புர,Kodakumbura,43F,8: ඌව/ ஊவா/ Uva,1: බදුල්ල/ பது‍ளை/ Badulla,27: ඌව-පරණගම/ ஊவா-பரணகம/ Uva-Paranagama
8-1-27-120,120,කොරදේකුඹුර,‎கொரந்‍தேகும்புர,Korandekumbura,44C,8: ඌව/ ஊவா/ Uva,1: බදුල්ල/ பது‍ளை/ Badulla,27: ඌව-පරණගම/ ஊவா-பரணகம/ Uva-Paranagama
8-1-27-125,125,මලපොලගම,மல்‎பொலகம,Malapolagama,44A,8: ඌව/ ஊவா/ Uva,1: බදුල්ල/ பது‍ளை/ Badulla,27: ඌව-පරණගම/ ஊவா-பரணகம/ Uva-Paranagama
8-1-27-130,130,වෙලමැදගම,வெல‎மெதகம,Welamedagama,44B,8: ඌව/ ஊவா/ Uva,1: බදුල්ල/ பது‍ளை/ Badulla,27: ඌව-පරණගම/ ஊவா-பரணகம/ Uva-Paranagama
8-1-27-135,135,උඩුහාවර,உடுஹாவர,Uduhawara,44,8: ඌව/ ஊவா/ Uva,1: බදුල්ල/ பது‍ளை/ Badulla,27: ඌව-පරණගම/ ஊவா-பரணகம/ Uva-Paranagama
8-1-27-140,140,හඟුන්නාව,ஹகுண்ணாவ,Hangunnawa,43B,8: ඌව/ ஊவா/ Uva,1: බදුල්ල/ பது‍ளை/ Badulla,27: ඌව-පරණගම/ ஊவா-பரணகம/ Uva-Paranagama
8-1-27-145,145,රන්හවඩිගම,ரன்ஹவடிகம,Ranhawadi Gama,43E,8: ඌව/ ஊவா/ Uva,1: බදුල්ල/ பது‍ளை/ Badulla,27: ඌව-පරණගම/ ஊவா-பரணகம/ Uva-Paranagama
8-1-27-150,150,ඉඩමේගම,இட‍மேகம,Idamegama,43C,8: ඌව/ ஊவா/ Uva,1: බදුල්ල/ பது‍ளை/ Badulla,27: ඌව-පරණගම/ ஊவா-பரணகம/ Uva-Paranagama
8-1-27-155,155,පරණගම,பரணகம,Paranagama,43,8: ඌව/ ஊவா/ Uva,1: බදුල්ල/ பது‍ளை/ Badulla,27: ඌව-පරණගම/ ஊவா-பரணகம/ Uva-Paranagama
8-1-27-160,160,මුදනාව,முதனாவ,Mudanawa,43D,8: ඌව/ ஊவா/ Uva,1: බදුල්ල/ பது‍ளை/ Badulla,27: ඌව-පරණගම/ ஊவா-பரணகம/ Uva-Paranagama
8-1-27-165,165,සපුගොල්ල,சபு‎கொல்ல,Sapugolla,42,8: ඌව/ ஊவா/ Uva,1: බදුල්ල/ பது‍ளை/ Badulla,27: ඌව-පරණගම/ ஊவா-பரணகம/ Uva-Paranagama
8-1-27-170,170,ඇත්කඳවක,எத்கந்த வக்க,Ethkandawaka,42A,8: ඌව/ ஊவா/ Uva,1: බදුල්ල/ பது‍ளை/ Badulla,27: ඌව-පරණගම/ ஊவா-பரணகம/ Uva-Paranagama
8-1-27-175,175,කිරවනාගම,கிரிவாணாகம,Kirawanagama,41,8: ඌව/ ஊவா/ Uva,1: බදුල්ල/ பது‍ளை/ Badulla,27: ඌව-පරණගම/ ஊவா-பரணகம/ Uva-Paranagama
8-1-27-180,180,බෙරලියපොල,‎பெரலிய‎பொல,Beraliyapola,41E,8: ඌව/ ஊவா/ Uva,1: බදුල්ල/ பது‍ளை/ Badulla,27: ඌව-පරණගම/ ஊவா-பரணகம/ Uva-Paranagama
8-1-27-185,185,පන්නලවෙල,பண்ணல‎‎வெள,Pannalawela,41A,8: ඌව/ ஊவா/ Uva,1: බදුල්ල/ பது‍ளை/ Badulla,27: ඌව-පරණගම/ ஊவா-பரணகம/ Uva-Paranagama
8-1-27-190,190,රහුපොල,ரஹு‎பொல,Rahupola,41D,8: ඌව/ ஊவா/ Uva,1: බදුල්ල/ பது‍ளை/ Badulla,27: ඌව-පරණගම/ ஊவா-பரணகம/ Uva-Paranagama
8-1-27-195,195,උඩපේරුව,உட‍பேருவ,Udaperuwa,54,8: ඌව/ ஊவா/ Uva,1: බදුල්ල/ பது‍ளை/ Badulla,27: ඌව-පරණගම/ ஊவா-பரணகம/ Uva-Paranagama
8-1-27-200,200,වැලිඋල්ල,‎வெலிவுல்ல,Weliulla,54A,8: ඌව/ ஊவா/ Uva,1: බදුල්ල/ பது‍ளை/ Badulla,27: ඌව-පරණගම/ ஊவா-பரணகம/ Uva-Paranagama
8-1-27-205,205,මැටිවලලන්ද,‎மெடிவலளந்த,Metiwalalanda,53,8: ඌව/ ஊவா/ Uva,1: බදුල්ල/ பது‍ளை/ Badulla,27: ඌව-පරණගම/ ஊவா-பரணகம/ Uva-Paranagama
8-1-27-210,210,උණපාන,உணபான,Unapana,41C,8: ඌව/ ஊவா/ Uva,1: බදුල්ල/ பது‍ளை/ Badulla,27: ඌව-පරණගම/ ஊவா-பரணகம/ Uva-Paranagama
8-1-27-215,215,ලුණුවත්ත,லுனுவத்த,Lunuwatta,41B,8: ඌව/ ஊவா/ Uva,1: බදුල්ල/ பது‍ளை/ Badulla,27: ඌව-පරණගම/ ஊவா-பரணகம/ Uva-Paranagama
8-1-27-220,220,පල්ලේවෙල,பல்‍லே‎வெள,Pallewela,45D,8: ඌව/ ஊவா/ Uva,1: බදුල්ල/ பது‍ளை/ Badulla,27: ඌව-පරණගම/ ஊவா-பரணகம/ Uva-Paranagama
8-1-27-225,225,බුස්දුල්ල,புஸ்துள்ள,Busdulla,45A,8: ඌව/ ஊவா/ Uva,1: බදුල්ල/ பது‍ளை/ Badulla,27: ඌව-පරණගම/ ஊவா-பரணகம/ Uva-Paranagama
8-1-27-230,230,කුරුඳුගොල්ල,குருந்து‎கொல்ல,Kurundugolla,45C,8: ඌව/ ஊவா/ Uva,1: බදුල්ල/ பது‍ளை/ Badulla,27: ඌව-පරණගම/ ஊவா-பரணகம/ Uva-Paranagama
8-1-27-235,235,අඹගස්දෝව,அம்பகஸ்‍தோவ,Ambagasdowa,47A,8: ඌව/ ஊவா/ Uva,1: බදුල්ල/ பது‍ளை/ Badulla,27: ඌව-පරණගම/ ஊவா-பரணகம/ Uva-Paranagama
8-1-27-240,240,පන්නලගම,பண்ணலகம,Pannalagama,47F,8: ඌව/ ஊவா/ Uva,1: බදුල්ල/ பது‍ளை/ Badulla,27: ඌව-පරණගම/ ஊவா-பரணகம/ Uva-Paranagama
8-1-27-245,245,ඌමා ඇල,உமா எல,Uma Ela,47,8: ඌව/ ஊவா/ Uva,1: බදුල්ල/ பது‍ளை/ Badulla,27: ඌව-පරණගම/ ஊவா-பரணகம/ Uva-Paranagama
8-1-27-250,250,කරගහඋල්පත,கரகஹவுல்பத்த,Karagahaulpatha,46C,8: ඌව/ ஊவா/ Uva,1: බදුල්ල/ பது‍ளை/ Badulla,27: ඌව-පරණගම/ ஊவா-பரணகம/ Uva-Paranagama
8-1-27-255,255,මැදවෙල,‎மெத‎வெள,Medawela,46A,8: ඌව/ ஊவா/ Uva,1: බදුල්ල/ பது‍ளை/ Badulla,27: ඌව-පරණගම/ ஊவா-பரணகம/ Uva-Paranagama
8-1-27-260,260,පේරවැල්ල,‎‍பேர‎வெல்ல,Perawella,46,8: ඌව/ ஊவா/ Uva,1: බදුල්ල/ பது‍ளை/ Badulla,27: ඌව-පරණගම/ ஊவா-பரணகம/ Uva-Paranagama
8-1-27-265,265,ගලහගම,கலஹகம,Galahagama,46B,8: ඌව/ ஊவா/ Uva,1: බදුල්ල/ பது‍ளை/ Badulla,27: ඌව-පරණගම/ ஊவா-பரணகம/ Uva-Paranagama
8-1-27-270,270,මැදගොඩගම,‎மெத‎கொட கம,Medagoda Gama,46D,8: ඌව/ ஊவா/ Uva,1: බදුල්ල/ பது‍ளை/ Badulla,27: ඌව-පරණගම/ ஊவா-பரணகம/ Uva-Paranagama
8-1-27-275,275,තෙල්හවඩිගම,‎தெல்ஹவடிகம,Thelhawadigama,46E,8: ඌව/ ஊவா/ Uva,1: බදුල්ල/ பது‍ளை/ Badulla,27: ඌව-පරණගම/ ஊவா-பரணகம/ Uva-Paranagama
8-1-27-280,280,කැටගොඩ,‎கெட்ட‎கொட,Ketagoda,47E,8: ඌව/ ஊவா/ Uva,1: බදුල්ල/ பது‍ளை/ Badulla,27: ඌව-පරණගම/ ஊவா-பரணகம/ Uva-Paranagama
8-1-27-285,285,දංගමුව,தங்கமுவ,Dangamuwa,47B,8: ඌව/ ஊவா/ Uva,1: බදුල්ල/ பது‍ளை/ Badulla,27: ඌව-පරණගම/ ஊவா-பரணகம/ Uva-Paranagama
8-1-27-290,290,රතඹ,ரதம்ப,Rathamba,47C,8: ඌව/ ஊவா/ Uva,1: බදුල්ල/ பது‍ளை/ Badulla,27: ඌව-පරණගම/ ஊவா-பரணகம/ Uva-Paranagama
8-1-27-295,295,කුමාරපට්ටිය,குமாரபட்டிய,Kumarapattiya,45,8: ඌව/ ஊவா/ Uva,1: බදුල්ල/ பது‍ளை/ Badulla,27: ඌව-පරණගම/ ஊவா-பரணகம/ Uva-Paranagama
8-1-27-300,300,බලගල,பலகல,Balagala,45B,8: ඌව/ ஊவா/ Uva,1: බදුල්ල/ பது‍ளை/ Badulla,27: ඌව-පරණගම/ ஊவா-பரணகம/ Uva-Paranagama
8-1-27-305,305,ඩවුන්සයිඩ්,டவுண்சைட்,Downside,53G,8: ඌව/ ஊவா/ Uva,1: බදුල්ල/ பது‍ளை/ Badulla,27: ඌව-පරණගම/ ஊவா-பரணகம/ Uva-Paranagama
8-1-27-310,310,කැන්දගොල්ල,‎‎கெந்த‎கொல்ல,Kendagolla,53D,8: ඌව/ ஊவா/ Uva,1: බදුල්ල/ பது‍ளை/ Badulla,27: ඌව-පරණගම/ ஊவா-பரணகம/ Uva-Paranagama
8-1-27-315,315,යහල අරාව,யஹல அராவ,Yahala Arawa,53C,8: ඌව/ ஊவா/ Uva,1: බදුල්ල/ பது‍ளை/ Badulla,27: ඌව-පරණගම/ ஊவா-பரணகம/ Uva-Paranagama
8-1-27-320,320,උළුගල,உலுகள,Ulugala,53B,8: ඌව/ ஊவா/ Uva,1: බදුල්ල/ பது‍ளை/ Badulla,27: ඌව-පරණගම/ ஊவா-பரணகம/ Uva-Paranagama
8-1-27-325,325,හාගිලිඇල්ල,ஹங்கிலி எல்ல,Hangiliella,53A,8: ඌව/ ஊவா/ Uva,1: බදුල්ල/ பது‍ளை/ Badulla,27: ඌව-පරණගම/ ஊவா-பரணகம/ Uva-Paranagama
8-1-27-330,330,කොටවෙර උඩගම,‎கொட்டவெர உடுகம,Kotawara Udagama,53E,8: ඌව/ ஊவா/ Uva,1: බදුල්ල/ பது‍ளை/ Badulla,27: ඌව-පරණගම/ ஊவா-பரணகம/ Uva-Paranagama
8-1-27-335,335,කොටවෙර පහලගම,‎கொட்டவெர பஹலகம,Kotawera Pahalagama,53F,8: ඌව/ ஊவா/ Uva,1: බදුල්ල/ பது‍ளை/ Badulla,27: ඌව-පරණගම/ ஊவா-பரணகம/ Uva-Paranagama
8-1-27-340,340,දරගල,தரகள,Daragala,47D,8: ඌව/ ஊவா/ Uva,1: බදුල්ල/ பது‍ளை/ Badulla,27: ඌව-පරණගම/ ஊவா-பரணகம/ Uva-Paranagama
8-1-30-005,005,අලකොලගාල,அள‎கொலகால,Alakolagala,49D,8: ඌව/ ஊவா/ Uva,1: බදුල්ල/ பது‍ளை/ Badulla,30: වැලිමඩ/ ‎வெலிம‍டை/ Welimada
8-1-30-010,010,හුළංකපොල්ල,ஹுலங்க‎பொல்ல,Hulankapolla,49C,8: ඌව/ ஊவா/ Uva,1: බදුල්ල/ பது‍ளை/ Badulla,30: වැලිමඩ/ ‎வெலிம‍டை/ Welimada
8-1-30-015,015,සිල්මියාපුර,சில்மியாபுர,Silmiyapura,49B,8: ඌව/ ஊவா/ Uva,1: බදුල්ල/ பது‍ளை/ Badulla,30: වැලිමඩ/ ‎வெலிம‍டை/ Welimada
8-1-30-020,020,‍බොරගස්,‎பொரகஸ்,Boragas,49A,8: ඌව/ ஊவா/ Uva,1: බදුල්ල/ பது‍ளை/ Badulla,30: වැලිමඩ/ ‎வெலிம‍டை/ Welimada
8-1-30-025,025,විදුරුපොල,விதுரு‎பொல,Vidurupola,49,8: ඌව/ ஊவா/ Uva,1: බදුල්ල/ பது‍ளை/ Badulla,30: වැලිමඩ/ ‎வெலிம‍டை/ Welimada
8-1-30-030,030,ගවරම්මාන,கவரம்மான,Gavarammana,49E,8: ඌව/ ஊவா/ Uva,1: බදුල්ල/ பது‍ளை/ Badulla,30: වැලිමඩ/ ‎வெலிம‍டை/ Welimada
8-1-30-035,035,පාලුගම නගරය,பாலுகம நகரம்,Palugama Town,50,8: ඌව/ ஊவா/ Uva,1: බදුල්ල/ பது‍ளை/ Badulla,30: වැලිමඩ/ ‎வெலிம‍டை/ Welimada
8-1-30-040,040,පුරන්වෙල,புரண்‎வெல,Puranwela,50I,8: ඌව/ ஊவா/ Uva,1: බදුල්ල/ பது‍ளை/ Badulla,30: වැලිමඩ/ ‎வெலிம‍டை/ Welimada
8-1-30-045,045,ගිරාඹේ,கிராம்‍பே,Girambe,48B,8: ඌව/ ஊவா/ Uva,1: බදුල්ල/ பது‍ளை/ Badulla,30: වැලිමඩ/ ‎வெலிம‍டை/ Welimada
8-1-30-050,050,දිව්රුම්ගම,திவுரும்கம,Divurumgama,48A,8: ඌව/ ஊவா/ Uva,1: බදුල්ල/ பது‍ளை/ Badulla,30: වැලිමඩ/ ‎வெலிம‍டை/ Welimada
8-1-30-055,055,පාලුගමඇල්ල,பாலுகம எல்ல,Palugama Ella,50C,8: ඌව/ ஊவா/ Uva,1: බදුල්ල/ பது‍ளை/ Badulla,30: වැලිමඩ/ ‎வெலிம‍டை/ Welimada
8-1-30-060,060,වැලිමඩවත්ත,‎வெலிமடவத்த,Welimadawatta,48C,8: ඌව/ ஊவா/ Uva,1: බදුල්ල/ பது‍ளை/ Badulla,30: වැලිමඩ/ ‎வெலிம‍டை/ Welimada
8-1-30-065,065,අඹගහකුඹුර,அம்பகஹகும்புர,Ambagahakumbura,48,8: ඌව/ ஊவா/ Uva,1: බදුල්ල/ பது‍ளை/ Badulla,30: වැලිමඩ/ ‎வெலிம‍டை/ Welimada
8-1-30-070,070,දිමුතුගම,திமுதுகம,Dimuthugama,50H,8: ඌව/ ஊவா/ Uva,1: බදුල්ල/ பது‍ளை/ Badulla,30: වැලිමඩ/ ‎வெலிம‍டை/ Welimada
8-1-30-075,075,වැලිමඩ නගරය,வெலிமட நகரம்,Welimada Town,52A,8: ඌව/ ஊவா/ Uva,1: බදුල්ල/ பது‍ளை/ Badulla,30: වැලිමඩ/ ‎வெலிம‍டை/ Welimada
8-1-30-080,080,ලන්දේගම,லந்‍தேகம,Landegama,52B,8: ඌව/ ஊவா/ Uva,1: බදුල්ල/ பது‍ளை/ Badulla,30: වැලිමඩ/ ‎வெலிம‍டை/ Welimada
8-1-30-085,085,දිවිතොටවෙලගම,திவி‎தொட‎வெல,Divithotawela,59D,8: ඌව/ ஊவா/ Uva,1: බදුල්ල/ பது‍ளை/ Badulla,30: වැලිමඩ/ ‎வெலிம‍டை/ Welimada
8-1-30-090,090,පුහුල්පොල,புஹுல்‎‎பொல,Puhulpola,58B,8: ඌව/ ஊவா/ Uva,1: බදුල්ල/ பது‍ளை/ Badulla,30: වැලිමඩ/ ‎வெலிம‍டை/ Welimada
8-1-30-095,095,දික්කාපිටිය,திக்காபிட்டிய,Dikkapitiya,58,8: ඌව/ ஊவா/ Uva,1: බදුල්ල/ பது‍ளை/ Badulla,30: වැලිමඩ/ ‎வெலிம‍டை/ Welimada
8-1-30-100,100,කොස්කණුවේගම,‎கொஸ்கணு‍வேகம,Koskanuwegama,58C,8: ඌව/ ஊவா/ Uva,1: බදුල්ල/ பது‍ளை/ Badulla,30: වැලිමඩ/ ‎வெலிம‍டை/ Welimada
8-1-30-105,105,ඩයරබාවත්ත,தயாபரவத்த,Dayabarawatta,58D,8: ඌව/ ஊவா/ Uva,1: බදුල්ල/ பது‍ளை/ Badulla,30: වැලිමඩ/ ‎வெலிம‍டை/ Welimada
8-1-30-110,110,කැටකෑල්ල,‎கெட‎கெல்ல,Ketakella,58A,8: ඌව/ ஊவா/ Uva,1: බදුල්ල/ பது‍ளை/ Badulla,30: වැලිමඩ/ ‎வெலிம‍டை/ Welimada
8-1-30-115,115,යල්පත්වෙල,யல்பத்‎வெல,Yalpathwela,59B,8: ඌව/ ஊவா/ Uva,1: බදුල්ල/ பது‍ளை/ Badulla,30: වැලිමඩ/ ‎வெலிம‍டை/ Welimada
8-1-30-120,120,දඹවින්න,தம்பவிந்த,Dambawenna,59A,8: ඌව/ ஊவா/ Uva,1: බදුල්ල/ பது‍ளை/ Badulla,30: වැලිමඩ/ ‎வெலிம‍டை/ Welimada
8-1-30-125,125,කබිල්ලේගම,கபில்‍லேகம,Kabillegama,52D,8: ඌව/ ஊவா/ Uva,1: බදුල්ල/ பது‍ளை/ Badulla,30: වැලිමඩ/ ‎வெலிம‍டை/ Welimada
8-1-30-130,130,ඉඩමේගම,இட‍மேகம,Idamegama,51B,8: ඌව/ ஊவா/ Uva,1: බදුල්ල/ பது‍ளை/ Badulla,30: වැලිමඩ/ ‎வெலிம‍டை/ Welimada
8-1-30-135,135,එරබද්ද,எரபத்த,Erabadda,50E,8: ඌව/ ஊவா/ Uva,1: බදුල්ල/ பது‍ளை/ Badulla,30: වැලිමඩ/ ‎வெலிம‍டை/ Welimada
8-1-30-140,140,කැප්පෙටිපොල,‎கெப்‎பெட்டி‎பொல,Keppetipola,50D,8: ඌව/ ஊவா/ Uva,1: බදුල්ල/ பது‍ளை/ Badulla,30: වැලිමඩ/ ‎வெலிம‍டை/ Welimada
8-1-30-145,145,හෙවනකුඹුර,‍‍ஹேவணகும்புர,Hewanakumbura,50F,8: ඌව/ ஊவா/ Uva,1: බදුල්ල/ பது‍ளை/ Badulla,30: වැලිමඩ/ ‎வெலிம‍டை/ Welimada
8-1-30-150,150,අඹේවෙල,அம்‍பே‎வெல,Ambewela,50A,8: ඌව/ ஊவா/ Uva,1: බදුල්ල/ பது‍ளை/ Badulla,30: වැලිමඩ/ ‎வெலிம‍டை/ Welimada
8-1-30-155,155,හිඹිලියගොල්ල,ஹிம்பிலிய‎கொல்ல,Himbiliyagolla,50G,8: ඌව/ ஊவா/ Uva,1: බදුල්ල/ பது‍ளை/ Badulla,30: වැලිමඩ/ ‎வெலிம‍டை/ Welimada
8-1-30-160,160,තෙන්නකෝන්වෙල,‎தெண்ண‍கோண்‎வெல,Thennakonwela,50B,8: ඌව/ ஊவா/ Uva,1: බදුල්ල/ பது‍ளை/ Badulla,30: වැලිමඩ/ ‎வெலிம‍டை/ Welimada
8-1-30-165,165,කලුබුලුලන්ද,களுபுளுலந்த,Kalubululanda,51A,8: ඌව/ ஊவா/ Uva,1: බදුල්ල/ பது‍ளை/ Badulla,30: වැලිමඩ/ ‎வெலிம‍டை/ Welimada
8-1-30-170,170,මාවිතිකුඹුර,மாவிதிகும்புர,Mawithikumbura,52C,8: ඌව/ ஊவா/ Uva,1: බදුල්ල/ பது‍ளை/ Badulla,30: වැලිමඩ/ ‎வெலிம‍டை/ Welimada
8-1-30-175,175,නැදුන්ගමුව,‎நெதுங்கமுவ,Nedungamuwa,52,8: ඌව/ ஊவா/ Uva,1: බදුල්ල/ பது‍ளை/ Badulla,30: වැලිමඩ/ ‎வெலிம‍டை/ Welimada
8-1-30-180,180,මැදගෙදරගම,‎மெத‎கெதரகம,Medagedaragama,59C,8: ඌව/ ஊவா/ Uva,1: බදුල්ල/ பது‍ளை/ Badulla,30: වැලිමඩ/ ‎வெலிம‍டை/ Welimada
8-1-30-185,185,නාවෙල,நா‎வெல,Nawela,59,8: ඌව/ ஊவா/ Uva,1: බදුල්ල/ பது‍ளை/ Badulla,30: වැලිමඩ/ ‎வெலிம‍டை/ Welimada
8-1-30-190,190,පහලයල්කුඹුර,பஹல யல்கும்புர,Pahala Yalkumbura,59E,8: ඌව/ ஊவா/ Uva,1: බදුල්ල/ பது‍ளை/ Badulla,30: වැලිමඩ/ ‎வெலிம‍டை/ Welimada
8-1-30-200,200,මිරහවත්ත,மிரஹவத்த,Merahawatta,60,8: ඌව/ ஊவா/ Uva,1: බදුල්ල/ பது‍ளை/ Badulla,30: වැලිමඩ/ ‎வெலிம‍டை/ Welimada
8-1-30-205,205,උඩුපීල්ල,உடுபீல்ல,Udupeella,60D,8: ඌව/ ஊவா/ Uva,1: බදුල්ල/ பது‍ளை/ Badulla,30: වැලිමඩ/ ‎வெலிம‍டை/ Welimada
8-1-30-210,210,කොටකිතුල,‎கொடகிதுள,Kotakithula,60C,8: ඌව/ ஊவா/ Uva,1: බදුල්ල/ பது‍ளை/ Badulla,30: වැලිමඩ/ ‎வெலிம‍டை/ Welimada
8-1-30-215,215,මල්පොත,மல்‎‎பொத,Malpotha,60A,8: ඌව/ ஊவா/ Uva,1: බදුල්ල/ பது‍ளை/ Badulla,30: වැලිමඩ/ ‎வெலிம‍டை/ Welimada
8-1-30-220,220,කරගස්තැන්න,கரகஸ்‎தெண்ண,Karagasthenna,61A,8: ඌව/ ஊவா/ Uva,1: බදුල්ල/ பது‍ளை/ Badulla,30: වැලිමඩ/ ‎வெலிம‍டை/ Welimada
8-1-30-225,225,අලුගොල්ල,அளு‎கொல்ல,Alugolla,61B,8: ඌව/ ஊவா/ Uva,1: බදුල්ල/ பது‍ளை/ Badulla,30: වැලිමඩ/ ‎வெலிம‍டை/ Welimada
8-1-30-230,230,බෝගහකුඹුර,‍போகஹகும்புர,Bogahakumbura,51,8: ඌව/ ஊவா/ Uva,1: බදුල්ල/ பது‍ளை/ Badulla,30: වැලිමඩ/ ‎வெலிம‍டை/ Welimada
8-1-30-235,235,බිබිලිගමුව,பிபிலிகமுவ,Bibiligamuwa,50J,8: ඌව/ ஊவா/ Uva,1: බදුල්ල/ பது‍ளை/ Badulla,30: වැලිමඩ/ ‎வெலிம‍டை/ Welimada
8-1-30-240,240,අලවතුගොඩ,அளவது‎கொட,Alawathugoda,51D,8: ඌව/ ஊவா/ Uva,1: බදුල්ල/ பது‍ளை/ Badulla,30: වැලිමඩ/ ‎வெலிம‍டை/ Welimada
8-1-30-245,245,කන්දෙපුහුල්පොල,கந்‍‎தெபுஹுல்‎பொல,Kandepuhulpola,51C,8: ඌව/ ஊவா/ Uva,1: බදුල්ල/ பது‍ளை/ Badulla,30: වැලිමඩ/ ‎வெலிம‍டை/ Welimada
8-1-30-250,250,හෙළයල්කුඹුර,‎ஹெலயல்கும்புர,Helayalkumbura,62H,8: ඌව/ ஊவா/ Uva,1: බදුල්ල/ பது‍ளை/ Badulla,30: වැලිමඩ/ ‎வெலிம‍டை/ Welimada
8-1-30-255,255,ගුරුතලාව,குருதலாவ,Guruthalawa,61,8: ඌව/ ஊவா/ Uva,1: බදුල්ල/ பது‍ளை/ Badulla,30: වැලිමඩ/ ‎வெலிம‍டை/ Welimada
8-1-30-260,260,මහතැන්න,மஹ‎தெண்ண,Mahathenna,61C,8: ඌව/ ஊவா/ Uva,1: බදුල්ල/ பது‍ளை/ Badulla,30: වැලිමඩ/ ‎வெலிம‍டை/ Welimada
8-1-30-265,265,හිඟුරුගමුව,ஹிங்குருகமுவ,Hingurugamuwa,60E,8: ඌව/ ஊவா/ Uva,1: බදුල්ල/ பது‍ளை/ Badulla,30: වැලිමඩ/ ‎வெலிம‍டை/ Welimada
8-1-30-270,270,ගල්ඒදණ්ඩ,கல்ஏதண்ட,Galedanda,62C,8: ඌව/ ஊவா/ Uva,1: බදුල්ල/ பது‍ளை/ Badulla,30: වැලිමඩ/ ‎வெலிம‍டை/ Welimada
8-1-30-275,275,බොරලන්ද,‍போரலந்த,Boralanda,62B,8: ඌව/ ஊவா/ Uva,1: බදුල්ල/ பது‍ளை/ Badulla,30: වැලිමඩ/ ‎வெலிம‍டை/ Welimada
8-1-30-280,280,වංගියකුඹුර,வங்கியகும்புர,Wangiyakumbura,62D,8: ඌව/ ஊவா/ Uva,1: බදුල්ල/ பது‍ளை/ Badulla,30: වැලිමඩ/ ‎வெலிம‍டை/ Welimada
8-1-30-285,285,ඕහිය,ஓஹிய,Ohiya,62A,8: ඌව/ ஊவா/ Uva,1: බදුල්ල/ பது‍ளை/ Badulla,30: වැලිමඩ/ ‎வெலிம‍டை/ Welimada
8-1-30-290,290,රහංගල,ரஹங்கல,Rahangala,62F,8: ඌව/ ஊவா/ Uva,1: බදුල්ල/ பது‍ளை/ Badulla,30: වැලිමඩ/ ‎வெலிம‍டை/ Welimada
8-1-30-295,295,හීන්නාරංගොල්ල,ஹிண்ணாரங்‎கொல்ல,Hinnarangolla,62E,8: ඌව/ ஊவா/ Uva,1: බදුල්ල/ பது‍ளை/ Badulla,30: වැලිමඩ/ ‎வெலிம‍டை/ Welimada
8-1-30-300,300,උඩකැන්දගොල්ල,உட‎கெந்த‎கொல்ல,Udakandagolla,62J,8: ඌව/ ஊவா/ Uva,1: බදුල්ල/ பது‍ளை/ Badulla,30: වැලිමඩ/ ‎வெலிம‍டை/ Welimada
8-1-30-305,305,රත්කරව්ව,ரத்கரவ்வ,Rathkarawwa,62,8: ඌව/ ஊவா/ Uva,1: බදුල්ල/ பது‍ளை/ Badulla,30: වැලිමඩ/ ‎வெலிம‍டை/ Welimada
8-1-30-310,310,පිටපොල,பிட‎பொல,Pitapola,62I,8: ඌව/ ஊவா/ Uva,1: බදුල්ල/ பது‍ளை/ Badulla,30: වැලිමඩ/ ‎வெலிம‍டை/ Welimada
8-1-30-315,315,ඕහියවත්ත,ஓஹிய வத்த,Ohiya Watta,62K,8: ඌව/ ஊவா/ Uva,1: බදුල්ල/ பது‍ளை/ Badulla,30: වැලිමඩ/ ‎வெலிம‍டை/ Welimada
8-1-30-320,320,මාලිගාතැන්න,மாலிகா‎தெண்ண,Maligathenna,62G,8: ඌව/ ஊவா/ Uva,1: බදුල්ල/ பது‍ளை/ Badulla,30: වැලිමඩ/ ‎வெலிம‍டை/ Welimada
8-1-30-595,595,වැලිකඩගම,‎வெலிகடகம,Welikadagama,60B,8: ඌව/ ஊவா/ Uva,1: බදුල්ල/ பது‍ளை/ Badulla,30: වැලිමඩ/ ‎வெலிம‍டை/ Welimada
8-1-33-005,005,මාතැටිල්ල,‎‎மா‎தெடில்ல,Mathetilla,67J,8: ඌව/ ஊவா/ Uva,1: බදුල්ල/ பது‍ளை/ Badulla,33: බණ්ඩාරවෙල/ பண்டாரவளை/ Bandarawela
8-1-33-010,010,කොන්තහෙල,‎‎கொன்த‎ஹெல,Konthahela,67A,8: ඌව/ ஊவா/ Uva,1: බදුල්ල/ பது‍ளை/ Badulla,33: බණ්ඩාරවෙල/ பண்டாரவளை/ Bandarawela
8-1-33-015,015,අයිස්ලැබ් වත්ත,அய்ஸ்லெபி தோட்டம் (ஒரு பகுதி),Icelab Watta,67N,8: ඌව/ ஊவா/ Uva,1: බදුල්ල/ பது‍ளை/ Badulla,33: බණ්ඩාරවෙල/ பண்டாரவளை/ Bandarawela
8-1-33-020,020,කිරිඔරුව,கிரிஒருவ,Kirioruwa,67E,8: ඌව/ ஊவா/ Uva,1: බදුල්ල/ பது‍ளை/ Badulla,33: බණ්ඩාරවෙල/ பண்டாரவளை/ Bandarawela
8-1-33-025,025,ඇත්තලපිටිය,எத்தலபிடிய,Etthalapitiya,67,8: ඌව/ ஊவா/ Uva,1: බදුල්ල/ பது‍ளை/ Badulla,33: බණ්ඩාරවෙල/ பண்டாரவளை/ Bandarawela
8-1-33-030,030,දිගනතැන්න,திகன‎தென்ன,Diganathenna,67H,8: ඌව/ ஊவா/ Uva,1: බදුල්ල/ பது‍ளை/ Badulla,33: බණ්ඩාරවෙල/ பண்டாரவளை/ Bandarawela
8-1-33-035,035,අඹේගොඩ,அம்பே‎கொட,Ambegoda,67C,8: ඌව/ ஊவா/ Uva,1: බදුල්ල/ பது‍ளை/ Badulla,33: බණ්ඩාරවෙල/ பண்டாரவளை/ Bandarawela
8-1-33-040,040,වැවතැන්න,‎வெவ‎தெண்ண,Wewathenna,67G,8: ඌව/ ஊவா/ Uva,1: බදුල්ල/ பது‍ளை/ Badulla,33: බණ්ඩාරවෙල/ பண்டாரவளை/ Bandarawela
8-1-33-045,045,වටගමුව,வடகமுவ,Watagamuwa,67F,8: ඌව/ ஊவா/ Uva,1: බදුල්ල/ பது‍ளை/ Badulla,33: බණ්ඩාරවෙල/ பண்டாரவளை/ Bandarawela
8-1-33-050,050,බිඳුණුවැව,பிந்துனு‎வெல,Bindunuwewa,67B,8: ඌව/ ஊவா/ Uva,1: බදුල්ල/ பது‍ளை/ Badulla,33: බණ්ඩාරවෙල/ பண்டாரவளை/ Bandarawela
8-1-33-055,055,උතුරු කැබිල්ලේවෙල,‎கெபில்‍லவளை வடக்கு,Kebillawela North,67D,8: ඌව/ ஊவா/ Uva,1: බදුල්ල/ பது‍ளை/ Badulla,33: බණ්ඩාරවෙල/ பண்டாரவளை/ Bandarawela
8-1-33-060,060,ගෙඩියරොද,‎கெடியரோத,Gediyaroda,67K,8: ඌව/ ஊவா/ Uva,1: බදුල්ල/ பது‍ளை/ Badulla,33: බණ්ඩාරවෙල/ பண்டாரவளை/ Bandarawela
8-1-33-065,065,බණ්ඩාරවෙල - බටහිර,பண்டார‎வளை ‍மேற்கு,Bandarawela West,65B,8: ඌව/ ஊவா/ Uva,1: බදුල්ල/ பது‍ளை/ Badulla,33: බණ්ඩාරවෙල/ பண்டாரவளை/ Bandarawela
8-1-33-070,070,බණ්ඩාරවෙල  - නැගෙනහිර,பண்டார‎வளை கிழக்கு,Bandarawela East,65G,8: ඌව/ ஊவா/ Uva,1: බදුල්ල/ பது‍ளை/ Badulla,33: බණ්ඩාරවෙල/ பண்டாரவளை/ Bandarawela
8-1-33-075,075,තන්තිරිය,தண்திரிய,Thanthiriya,66G,8: ඌව/ ஊவா/ Uva,1: බදුල්ල/ பது‍ளை/ Badulla,33: බණ්ඩාරවෙල/ பண்டாரவளை/ Bandarawela
8-1-33-080,080,උඩපේරුව,உட‍ பேருவ,Udaperuwa,66B,8: ඌව/ ஊவா/ Uva,1: බදුල්ල/ பது‍ளை/ Badulla,33: බණ්ඩාරවෙල/ பண்டாரவளை/ Bandarawela
8-1-33-085,085,එගොඩගම,எ‎கொடகம,Egodagama,66E,8: ඌව/ ஊவா/ Uva,1: බදුල්ල/ பது‍ளை/ Badulla,33: බණ්ඩාරවෙල/ பண்டாரவளை/ Bandarawela
8-1-33-090,090,වෙහෙරගලතැන්න,‎‎வெஹெரகல‎தெண்ண,Weheragalathenna,66F,8: ඌව/ ஊவா/ Uva,1: බදුල්ල/ பது‍ளை/ Badulla,33: බණ්ඩාරවෙල/ பண்டாரவளை/ Bandarawela
8-1-33-095,095,බඔරගම,பம்பரகம,Bambaragama,70,8: ඌව/ ஊவா/ Uva,1: බදුල්ල/ பது‍ளை/ Badulla,33: බණ්ඩාරවෙල/ பண்டாரவளை/ Bandarawela
8-1-33-100,100,මකුල්ඇල්ල,மகுள்எல்ல,Makulella,66A,8: ඌව/ ஊவா/ Uva,1: බදුල්ල/ பது‍ளை/ Badulla,33: බණ්ඩාරවෙල/ பண்டாரவளை/ Bandarawela
8-1-33-105,105,කිණිගම,கிணிகம,Kinigama,66,8: ඌව/ ஊவா/ Uva,1: බදුල්ල/ பது‍ளை/ Badulla,33: බණ්ඩාරවෙල/ பண்டாரவளை/ Bandarawela
8-1-33-110,110,ඉණිකම්බැද්ද,இணிகம்‎‎பெத்த,Inikambedda,65E,8: ඌව/ ஊவா/ Uva,1: බදුල්ල/ பது‍ளை/ Badulla,33: බණ්ඩාරවෙල/ பண்டாரவளை/ Bandarawela
8-1-33-115,115,කරගහවෙල,கரகஹ‎வெள,Karagahawela,65C,8: ඌව/ ஊவா/ Uva,1: බදුල්ල/ பது‍ளை/ Badulla,33: බණ්ඩාරවෙල/ பண்டாரவளை/ Bandarawela
8-1-33-120,120,ඕබඩඇල්ල,ஒபடஎல்ல,Obadella,65F,8: ඌව/ ஊவா/ Uva,1: බදුල්ල/ பது‍ளை/ Badulla,33: බණ්ඩාරවෙල/ பண்டாரவளை/ Bandarawela
8-1-33-125,125,බැද්දේකුඹුර,‎பெத்‍தேகும்புர,Beddekumbura,65D,8: ඌව/ ஊவா/ Uva,1: බදුල්ල/ பது‍ளை/ Badulla,33: බණ්ඩාරවෙල/ பண்டாரவளை/ Bandarawela
8-1-33-130,130,කැබිල්ලෙවෙල  දකුණ,‎கெபில்‍லே‎வெள ‎தெற்கு,Kebillawela South,65A,8: ඌව/ ஊவா/ Uva,1: බදුල්ල/ பது‍ளை/ Badulla,33: බණ්ඩාරවෙල/ பண்டாரவளை/ Bandarawela
8-1-33-135,135,මහඋල්පත,மஹஉல்பத,Mahaulpatha,66D,8: ඌව/ ஊவா/ Uva,1: බදුල්ල/ பது‍ளை/ Badulla,33: බණ්ඩාරවෙල/ பண்டாரவளை/ Bandarawela
8-1-33-140,140,දරහිටවනාගොඩ,தரஹிடவனா‎கொட,Darahitawanagoda,66H,8: ඌව/ ஊவா/ Uva,1: බදුල්ල/ பது‍ளை/ Badulla,33: බණ්ඩාරවෙල/ பண்டாரவளை/ Bandarawela
8-1-33-145,145,දුල්ගොල්ල,துள்‎கொல்ல,Dulgolla,66C,8: ඌව/ ஊவா/ Uva,1: බදුල්ල/ பது‍ளை/ Badulla,33: බණ්ඩාරවෙල/ பண்டாரவளை/ Bandarawela
8-1-33-150,150,ක්‍රේග්වත්ත,க்‎ரெச் வத்த,Creig Watta,67I,8: ඌව/ ஊவா/ Uva,1: බදුල්ල/ பது‍ளை/ Badulla,33: බණ්ඩාරවෙල/ பண்டாரவளை/ Bandarawela
8-1-33-155,155,ලියන්ගහවෙලවත්ත,லியன்கஹ‎வெல வத்த,Liyangahawela Watta,70D,8: ඌව/ ஊவா/ Uva,1: බදුල්ල/ பது‍ளை/ Badulla,33: බණ්ඩාරවෙල/ பண்டாரவளை/ Bandarawela
8-1-33-160,160,අඹදණ්ඩේගම,அம்பதண்‍டேகம,Ambadandegama,70B,8: ඌව/ ஊவா/ Uva,1: බදුල්ල/ பது‍ளை/ Badulla,33: බණ්ඩාරවෙල/ பண்டாரவளை/ Bandarawela
8-1-33-165,165,බැද්දෙඅරාව,பெத்‍தேயராவ,Beddearawa,70C,8: ඌව/ ஊவா/ Uva,1: බදුල්ල/ பது‍ளை/ Badulla,33: බණ්ඩාරවෙල/ பண்டாரவளை/ Bandarawela
8-1-33-170,170,ලියන්ගහවෙල,லியன்கஹ‎வெல,Liyangahawela,70A,8: ඌව/ ஊவா/ Uva,1: බදුල්ල/ பது‍ளை/ Badulla,33: බණ්ඩාරවෙල/ பண்டாரவளை/ Bandarawela
8-1-33-175,175,නායබැද්ද වත්ත,நாய‎பெத்த எஸ்‍டேட்,Nayabedda Estate,65H,8: ඌව/ ஊவா/ Uva,1: බදුල්ල/ பது‍ளை/ Badulla,33: බණ්ඩාරවෙල/ பண்டாரவளை/ Bandarawela
8-1-36-005,005,පියරපන්දෝව,பியரபந்‍தோவ,Piyarapandowa,68H,8: ඌව/ ஊவா/ Uva,1: බදුල්ල/ பது‍ளை/ Badulla,36: ඇල්ල/ எல்ல/ Ella
8-1-36-010,010,හල්පේ,ஹல்‍பே,Halpe,68,8: ඌව/ ஊவா/ Uva,1: බදුල්ල/ பது‍ளை/ Badulla,36: ඇල්ල/ எல்ல/ Ella
8-1-36-015,015,කිරින්ද,கிரிந்த,Kirinda,68D,8: ඌව/ ஊவா/ Uva,1: බදුල්ල/ பது‍ளை/ Badulla,36: ඇල්ල/ எல்ல/ Ella
8-1-36-020,020,දෙමෝද‍ර,‎தெ‍மோதர,Demodara,68I,8: ඌව/ ஊவா/ Uva,1: බදුල්ල/ பது‍ளை/ Badulla,36: ඇල්ල/ எல்ல/ Ella
8-1-36-025,025,නාවුල්ල,நாவுல்ல,Naulla,68A,8: ඌව/ ஊவா/ Uva,1: බදුල්ල/ பது‍ளை/ Badulla,36: ඇල්ල/ எல்ல/ Ella
8-1-36-030,030,ගවරවෙල,கவர‎வெல,Gawarawela,72,8: ඌව/ ஊவா/ Uva,1: බදුල්ල/ பது‍ளை/ Badulla,36: ඇල්ල/ எல்ல/ Ella
8-1-36-035,035,බැද්දේවෙල,‎பெத்தவெல,Beddewela,72H,8: ඌව/ ஊவா/ Uva,1: බදුල්ල/ பது‍ளை/ Badulla,36: ඇල්ල/ எல்ல/ Ella
8-1-36-040,040,පුපුල  බටහිර,புப்புல ‍மேற்கு,Pupula West,72D,8: ඌව/ ஊவா/ Uva,1: බදුල්ල/ பது‍ளை/ Badulla,36: ඇල්ල/ எல்ல/ Ella
8-1-36-045,045,පුපුල,புப்புல,Pupula,72C,8: ඌව/ ஊவா/ Uva,1: බදුල්ල/ பது‍ளை/ Badulla,36: ඇල්ල/ எல்ல/ Ella
8-1-36-050,050,ගල්ටැංහේන,கல்டெங்‍ஹேண,Galtanhena,72E,8: ඌව/ ஊவா/ Uva,1: බදුල්ල/ பது‍ளை/ Badulla,36: ඇල්ල/ எல்ல/ Ella
8-1-36-055,055,නාවෙල  නැගෙනහිර,நா‎வெல கிழக்கு,Nawela East,72A,8: ඌව/ ஊவா/ Uva,1: බදුල්ල/ பது‍ளை/ Badulla,36: ඇල්ල/ எல்ல/ Ella
8-1-36-060,060,නාවෙල  බටහිර,நா‎வெல ‍மேற்கு,Nawela West,72F,8: ඌව/ ஊவா/ Uva,1: බදුල්ල/ பது‍ளை/ Badulla,36: ඇල්ල/ எல்ல/ Ella
8-1-36-065,065,මැදවෙල  බටහිර,‎மெத‎வெல ‍மேற்கு,Medawela West,72G,8: ඌව/ ஊவா/ Uva,1: බදුල්ල/ பது‍ளை/ Badulla,36: ඇල්ල/ எல்ல/ Ella
8-1-36-070,070,යහලේවෙල,யஹ‍லேவெல,Yahalewela,68E,8: ඌව/ ஊவா/ Uva,1: බදුල්ල/ பது‍ளை/ Badulla,36: ඇල්ල/ எல்ல/ Ella
8-1-36-075,075,නිව්බර්ග්,நிவ்பர்க்,Newberg,68J,8: ඌව/ ஊவா/ Uva,1: බදුල්ල/ பது‍ளை/ Badulla,36: ඇල්ල/ எல்ல/ Ella
8-1-36-080,080,ඇල්ල,எல்ல,Ella,68B,8: ඌව/ ஊவா/ Uva,1: බදුල්ල/ பது‍ளை/ Badulla,36: ඇල්ල/ எல்ல/ Ella
8-1-36-085,085,මධුරගම,மதுரகம,Madhuragama,68C,8: ඌව/ ஊவா/ Uva,1: බදුල්ල/ பது‍ளை/ Badulla,36: ඇල්ල/ எல்ல/ Ella
8-1-36-090,090,ඉඩමේගම,இட‍மேகம,Idamegama,68F,8: ඌව/ ஊவா/ Uva,1: බදුල්ල/ பது‍ளை/ Badulla,36: ඇල්ල/ எல்ல/ Ella
8-1-36-095,095,හෙට්ටිපොල,‎‎ஹெட்டி‎பொல,Hettipola,69G,8: ඌව/ ஊவா/ Uva,1: බදුල්ල/ பது‍ளை/ Badulla,36: ඇල්ල/ எல்ல/ Ella
8-1-36-100,100,මිල්ලගම,மில்லகம,Millagama,68G,8: ඌව/ ஊவா/ Uva,1: බදුල්ල/ பது‍ளை/ Badulla,36: ඇල්ල/ எல்ல/ Ella
8-1-36-105,105,උඩු කුඹල්වෙල,உட கும்பல்‎வெல,Udu Kumbalwela,69,8: ඌව/ ஊவா/ Uva,1: බදුල්ල/ பது‍ளை/ Badulla,36: ඇල්ල/ எல்ல/ Ella
8-1-36-110,110,දෝව,‍தோவ,Dowa,69D,8: ඌව/ ஊவா/ Uva,1: බදුල්ල/ பது‍ளை/ Badulla,36: ඇල්ල/ எல்ல/ Ella
8-1-36-115,115,පල්ලේපේරුව,பல்‍லே‍‍பேருவ,Palleperuwa,69C,8: ඌව/ ஊவா/ Uva,1: බදුල්ල/ பது‍ளை/ Badulla,36: ඇල්ල/ எல்ல/ Ella
8-1-36-120,120,හීල්ඔය,ஹீல்ஓய,Heeloya,69B,8: ඌව/ ஊவா/ Uva,1: බදුල්ල/ பது‍ளை/ Badulla,36: ඇල්ල/ எல்ல/ Ella
8-1-36-125,125,කිතල්ඇල්ල,கித்தல் எல்ல,Kithalella,69E,8: ඌව/ ஊவா/ Uva,1: බදුල්ල/ பது‍ளை/ Badulla,36: ඇල්ල/ எல்ல/ Ella
8-1-36-130,130,රාවණාඇල්ල,இராவணா எல்ல,Rawanaella,69F,8: ඌව/ ஊவா/ Uva,1: බදුල්ල/ பது‍ளை/ Badulla,36: ඇල්ල/ எல்ல/ Ella
8-1-36-135,135,කරඳගොල්ල,கரந்த‎கொல்ல,Karandagolla,69A,8: ඌව/ ஊவா/ Uva,1: බදුල්ල/ பது‍ளை/ Badulla,36: ඇල්ල/ எல்ல/ Ella
8-1-36-140,140,ගෝවුස්ස,‍கோவுஸ்ஸ,Govussa,71A,8: ඌව/ ஊவா/ Uva,1: බදුල්ල/ பது‍ளை/ Badulla,36: ඇල්ල/ எல்ல/ Ella
8-1-36-145,145,ඉලුක්පැලැස්ස,இலுக்‎பெ‎லெஸ்ஸ,Ilukpelessa,71,8: ඌව/ ஊவா/ Uva,1: බදුල්ල/ பது‍ளை/ Badulla,36: ඇල්ල/ எல்ல/ Ella
8-1-36-150,150,බල්ලකෙටුව,பல்ல‎கெட்டுவ,Ballaketuwa,72B,8: ඌව/ ஊவா/ Uva,1: බදුල්ල/ பது‍ளை/ Badulla,36: ඇල්ල/ எல்ல/ Ella
8-1-36-155,155,නමුණුකුල,நமுணுகுல,Namunukula,72B1,8: ඌව/ ஊவா/ Uva,1: බදුල්ල/ பது‍ளை/ Badulla,36: ඇල්ල/ எல்ல/ Ella
8-1-36-160,160,දොඩම්ගොල්ල,‎தொடம்‎கொல்ல,Dodamgolla,71B,8: ඌව/ ஊவா/ Uva,1: බදුල්ල/ பது‍ளை/ Badulla,36: ඇල්ල/ எல்ல/ Ella
8-1-39-005,005,ඇල්ලගම,எல்‍லகம,Ellagama,63K,8: ඌව/ ஊவா/ Uva,1: බදුල්ල/ பது‍ளை/ Badulla,39: හපුතලේ/ அப்புத்தளை/ Haputale
8-1-39-010,010,කහත්තේවෙල,கஹத்‍‍தே‎வெல,Kahathewela,64A,8: ඌව/ ஊவா/ Uva,1: බදුල්ල/ பது‍ளை/ Badulla,39: හපුතලේ/ அப்புத்தளை/ Haputale
8-1-39-015,015,එරනාවෙල,எரானவெல,Eranawela,64B,8: ඌව/ ஊவா/ Uva,1: බදුල්ල/ பது‍ளை/ Badulla,39: හපුතලේ/ அப்புத்தளை/ Haputale
8-1-39-020,020,රංජල්ලාව,ரன்ஜல்லாவ,Ranjallawa,64C,8: ඌව/ ஊவா/ Uva,1: බදුල්ල/ பது‍ளை/ Badulla,39: හපුතලේ/ அப்புத்தளை/ Haputale
8-1-39-025,025,බින්ගේතැන්න,பிங்‍கே‎தென்ன,Bingethenna,64G,8: ඌව/ ஊவா/ Uva,1: බදුල්ල/ பது‍ளை/ Badulla,39: හපුතලේ/ அப்புத்தளை/ Haputale
8-1-39-030,030,කහගොල්ල,கஹ‎கொல்ல,Kahagolla,64,8: ඌව/ ஊவா/ Uva,1: බදුල්ල/ பது‍ளை/ Badulla,39: හපුතලේ/ அப்புத்தளை/ Haputale
8-1-39-035,035,දොඩම්වත්ත,‎தொடம்வத்த,Dodamwatta,63G,8: ඌව/ ஊவா/ Uva,1: බදුල්ල/ பது‍ளை/ Badulla,39: හපුතලේ/ அப்புத்தளை/ Haputale
8-1-39-040,040,දියතලාව,தியதலாவ,Diyathalawa,63B,8: ඌව/ ஊவா/ Uva,1: බදුල්ල/ பது‍ளை/ Badulla,39: හපුතලේ/ அப்புத்தளை/ Haputale
8-1-39-045,045,ජයමිනිපුර,ஜயமினிபுர,Jayaminipura,64H,8: ඌව/ ஊவா/ Uva,1: බදුල්ල/ பது‍ளை/ Badulla,39: හපුතලේ/ அப்புத்தளை/ Haputale
8-1-39-050,050,අළුත්වෙල,அலுத்‎வெல,Aluthwela,63D,8: ඌව/ ஊவா/ Uva,1: බදුල්ල/ பது‍ளை/ Badulla,39: හපුතලේ/ அப்புத்தளை/ Haputale
8-1-39-055,055,වෙලන්හින්න,‎வெலன்ஹின்ன,Welanhinna,63J,8: ඌව/ ஊவா/ Uva,1: බදුල්ල/ பது‍ளை/ Badulla,39: හපුතලේ/ அப்புத்தளை/ Haputale
8-1-39-060,060,පහලකදුරුගමුව,பஹல கதுருகமுவ,Pahala Kadurugamuwa,63,8: ඌව/ ஊவா/ Uva,1: බදුල්ල/ பது‍ளை/ Badulla,39: හපුතලේ/ அப்புத்தளை/ Haputale
8-1-39-065,065,විහාරකැලේ,விஹார‎கல,Viharakele,63F,8: ඌව/ ஊவா/ Uva,1: බදුල්ල/ பது‍ளை/ Badulla,39: හපුතලේ/ அப்புத்தளை/ Haputale
8-1-39-070,070,උමන්කඳුර,உமன்கந்துர,Umankandura,63H,8: ඌව/ ஊவா/ Uva,1: බදුල්ල/ பது‍ளை/ Badulla,39: හපුතලේ/ அப்புத்தளை/ Haputale
8-1-39-075,075,පංකැටිය,பங்கெட்டிய,Panketiya,63M,8: ඌව/ ஊவா/ Uva,1: බදුල්ල/ பது‍ளை/ Badulla,39: හපුතලේ/ அப்புத்தளை/ Haputale
8-1-39-080,080,හෙලකදුරුගමුව,‎பஹல கதுருகமுவ,Hela Kadurugamuwa,63I,8: ඌව/ ஊவா/ Uva,1: බදුල්ල/ பது‍ளை/ Badulla,39: හපුතලේ/ அப்புத்தளை/ Haputale
8-1-39-085,085,හපුතලේගම,அப்புத்த‍ளகம,Haputhalegama,63C,8: ඌව/ ஊவா/ Uva,1: බදුල්ල/ பது‍ளை/ Badulla,39: හපුතලේ/ அப்புத்தளை/ Haputale
8-1-39-090,090,ග්ලැනනෝර්වත්ත,க்‍லனனோர்வத்த,Glananor Watta,64F,8: ඌව/ ஊவா/ Uva,1: බදුල්ල/ பது‍ளை/ Badulla,39: හපුතලේ/ அப்புத்தளை/ Haputale
8-1-39-095,095,හොරදොරොව්ව,‎ஹொர‎தொ‎ரொவ்வ,Horadorowwa,63E,8: ඌව/ ஊவா/ Uva,1: බදුල්ල/ பது‍ளை/ Badulla,39: හපුතලේ/ அப்புத்தளை/ Haputale
8-1-39-100,100,මාගිරිපුර,மாகிரிபுர,Magiripura,63L,8: ඌව/ ஊவா/ Uva,1: බදුල්ල/ பது‍ளை/ Badulla,39: හපුතලේ/ அப்புத்தளை/ Haputale
8-1-39-105,105,කොලතැන්න,‎கொல‎தென்ன,Kolathenna,63T,8: ඌව/ ஊவா/ Uva,1: බදුල්ල/ பது‍ளை/ Badulla,39: හපුතලේ/ அப்புத்தளை/ Haputale
8-1-39-110,110,හපුතලේ නගරය,அப்புத்தளை நகரம்,Haputala Town,63A,8: ඌව/ ஊவா/ Uva,1: බදුල්ල/ பது‍ளை/ Badulla,39: හපුතලේ/ அப்புத்தளை/ Haputale
8-1-39-115,115,පිටරත්මලේ,பிடரத்மலை,Pitarathamale,64D,8: ඌව/ ஊவா/ Uva,1: බදුල්ල/ பது‍ளை/ Badulla,39: හපුතලේ/ அப்புத்தளை/ Haputale
8-1-39-120,120,දඹේතැන්න,தம்‍பே‎தென்ன,Dambethenna,63O,8: ඌව/ ஊவா/ Uva,1: බදුල්ල/ பது‍ளை/ Badulla,39: හපුතලේ/ அப்புத்தளை/ Haputale
8-1-39-125,125,තොටලාගල,‎தொட்டலாகல,Thotalagala,63N,8: ඌව/ ஊவா/ Uva,1: බදුල්ල/ பது‍ளை/ Badulla,39: හපුතලේ/ அப்புத்தளை/ Haputale
8-1-39-130,130,ගල්කන්ද,கல்கந்த,Galkanda,64E,8: ඌව/ ஊவா/ Uva,1: බදුල්ල/ பது‍ளை/ Badulla,39: හපුතලේ/ அப்புத்தளை/ Haputale
8-1-42-005,005,වීරකෝන් ගම,வீரகோன்கம,Weerakongama,158G,8: ඌව/ ஊவா/ Uva,1: බදුල්ල/ பது‍ளை/ Badulla,42: හල්දුම්මුල්ල/ ஹல்தும்முல்லை/ Haldummulla
8-1-42-010,010,කළුපහණ,களுபஹண,Kalupahana,158,8: ඌව/ ஊவா/ Uva,1: බදුල්ල/ பது‍ளை/ Badulla,42: හල්දුම්මුල්ල/ ஹல்தும்முல்லை/ Haldummulla
8-1-42-015,015,හල්දුම්මුල්ල,ஹல்தும்முல்லை,Haldummulla,157A,8: ඌව/ ஊவா/ Uva,1: බදුල්ල/ பது‍ளை/ Badulla,42: හල්දුම්මුල්ල/ ஹல்தும்முல்லை/ Haldummulla
8-1-42-020,020,බෙරගල,பெரகல,Beragala,157B,8: ඌව/ ஊவா/ Uva,1: බදුල්ල/ பது‍ளை/ Badulla,42: හල්දුම්මුල්ල/ ஹல்தும்முல்லை/ Haldummulla
8-1-42-025,025,විහාරගල,விஹாரகல,Viharagala,157G,8: ඌව/ ஊவா/ Uva,1: බදුල්ල/ பது‍ளை/ Badulla,42: හල්දුම්මුල්ල/ ஹல்தும்முல்லை/ Haldummulla
8-1-42-030,030,නිකපොත බටහිර,நிக்க‎பொத மேற்கு,Nikapotha West,155L,8: ඌව/ ஊவா/ Uva,1: බදුල්ල/ பது‍ளை/ Badulla,42: හල්දුම්මුල්ල/ ஹல்தும்முல்லை/ Haldummulla
8-1-42-035,035,නිකපොත  - නැගෙනහිර,நிக்க‎பொத கிழக்கு,Nikapotha East,155,8: ඌව/ ஊவா/ Uva,1: බදුල්ල/ பது‍ளை/ Badulla,42: හල්දුම්මුල්ල/ ஹல்தும்முல்லை/ Haldummulla
8-1-42-040,040,ලේමස්තොට,‍லேமஸ்‎தொட்ட,Lemasthota,155C,8: ඌව/ ஊவா/ Uva,1: බදුල්ල/ பது‍ளை/ Badulla,42: හල්දුම්මුල්ල/ ஹல்தும்முல்லை/ Haldummulla
8-1-42-045,045,රණසිංහගම,ரணசிங்ஹகம,Ranasinghegama,155H,8: ඌව/ ஊவா/ Uva,1: බදුල්ල/ பது‍ளை/ Badulla,42: හල්දුම්මුල්ල/ ஹல்தும்முல்லை/ Haldummulla
8-1-42-050,050,කොටබක්ම,‎கொட்டப்பக்ம,Kotabakma,155D,8: ඌව/ ஊவா/ Uva,1: බදුල්ල/ பது‍ளை/ Badulla,42: හල්දුම්මුල්ල/ ஹல்தும்முல்லை/ Haldummulla
8-1-42-055,055,කොස්ලන්ද,‎கொஸ்லந்தை,Koslanda,155A,8: ඌව/ ஊவா/ Uva,1: බදුල්ල/ பது‍ளை/ Badulla,42: හල්දුම්මුල්ල/ ஹல்தும்முல்லை/ Haldummulla
8-1-42-060,060,මහකන්ද,மஹகந்த,Mahakanda,155N,8: ඌව/ ஊவா/ Uva,1: බදුල්ල/ பது‍ளை/ Badulla,42: හල්දුම්මුල්ල/ ஹல்தும்முல்லை/ Haldummulla
8-1-42-065,065,පූනාගල,பூனாகலை,Poonagalla,155P,8: ඌව/ ஊவா/ Uva,1: බදුල්ල/ பது‍ளை/ Badulla,42: හල්දුම්මුල්ල/ ஹல்தும்முல்லை/ Haldummulla
8-1-42-070,070,දිවුල්ගස්මුල්ල,திவுல்கஸ்முள்ள,Divulgasmulla,154B,8: ඌව/ ஊவா/ Uva,1: බදුල්ල/ பது‍ளை/ Badulla,42: හල්දුම්මුල්ල/ ஹல்தும்முல்லை/ Haldummulla
8-1-42-075,075,ගම්පහ,கம்பஹ,Gampaha,154,8: ඌව/ ஊவா/ Uva,1: බදුල්ල/ பது‍ளை/ Badulla,42: හල්දුම්මුල්ල/ ஹல்தும்முல்லை/ Haldummulla
8-1-42-080,080,අම්පිටිතැන්න,அம்பிட்டி‎யதென்ன,Ampitiyathenna,155K,8: ඌව/ ஊவா/ Uva,1: බදුල්ල/ பது‍ளை/ Badulla,42: හල්දුම්මුල්ල/ ஹல்தும்முல்லை/ Haldummulla
8-1-42-085,085,කැලිපනාවෙල,‎கெலிபனாவெள,Kelipanawela,155M,8: ඌව/ ஊவா/ Uva,1: බදුල්ල/ பது‍ளை/ Badulla,42: හල්දුම්මුල්ල/ ஹல்தும்முல்லை/ Haldummulla
8-1-42-090,090,මොරකැටිය,மொர‎கெட்டிய,Moraketiya,155E,8: ඌව/ ஊவா/ Uva,1: බදුල්ල/ பது‍ளை/ Badulla,42: හල්දුම්මුල්ල/ ஹல்தும்முல்லை/ Haldummulla
8-1-42-095,095,කිරවනාගම,கிரவாணாகம,Kirawanagama,156,8: ඌව/ ஊவா/ Uva,1: බදුල්ල/ பது‍ளை/ Badulla,42: හල්දුම්මුල්ල/ ஹல்தும்முல்லை/ Haldummulla
8-1-42-100,100,මන්තැන්න,மன்‎‎தென்ன,Manthenna,156B,8: ඌව/ ஊவா/ Uva,1: බදුල්ල/ பது‍ளை/ Badulla,42: හල්දුම්මුල්ල/ ஹல்தும்முல்லை/ Haldummulla
8-1-42-105,105,අමිලගම,அமிலகம,Amilagama,157E,8: ඌව/ ஊவா/ Uva,1: බදුල්ල/ பது‍ளை/ Badulla,42: හල්දුම්මුල්ල/ ஹல்தும்முல்லை/ Haldummulla
8-1-42-110,110,සොරගුණේ,‎சொரகு‍ணே,Soragune,157,8: ඌව/ ஊவா/ Uva,1: බදුල්ල/ பது‍ளை/ Badulla,42: හල්දුම්මුල්ල/ ஹல்தும்முல்லை/ Haldummulla
8-1-42-115,115,කිතුල්ගහඅ‍රාව,கித்துள்கஹஅராவ,Kithulgahaarawa,158E,8: ඌව/ ஊவா/ Uva,1: බදුල්ල/ பது‍ளை/ Badulla,42: හල්දුම්මුල්ල/ ஹல்தும்முல்லை/ Haldummulla
8-1-42-120,120,වටගමුව,வட்டகமுவ,Watagamuwa,157K,8: ඌව/ ஊவா/ Uva,1: බදුල්ල/ பது‍ளை/ Badulla,42: හල්දුම්මුල්ල/ ஹல்தும்முல்லை/ Haldummulla
8-1-42-125,125,වල්හපුතැන්න,வல்ஹப்பு‎தென்ன,Walhaputhenna,157H,8: ඌව/ ஊவா/ Uva,1: බදුල්ල/ பது‍ளை/ Badulla,42: හල්දුම්මුල්ල/ ஹல்தும்முல்லை/ Haldummulla
8-1-42-130,130,ඌවතැන්න,ஊ‎வதென்ன,Uvathenna,158C,8: ඌව/ ஊவா/ Uva,1: බදුල්ල/ பது‍ளை/ Badulla,42: හල්දුම්මුල්ල/ ஹல்தும்முல்லை/ Haldummulla
8-1-42-135,135,මරංගහවෙල,மரங்கா‎வெல,Marangahawela,158F,8: ඌව/ ஊவா/ Uva,1: බදුල්ල/ பது‍ளை/ Badulla,42: හල්දුම්මුල්ල/ ஹல்தும்முல்லை/ Haldummulla
8-1-42-140,140,සීලතැන්න,சீல‎தென்ன,Seelathenna,158D,8: ඌව/ ஊவா/ Uva,1: බදුල්ල/ பது‍ளை/ Badulla,42: හල්දුම්මුල්ල/ ஹல்தும்முல்லை/ Haldummulla
8-1-42-145,145,හරංකහව,ஹரங்காவ,Harankahawa,158B,8: ඌව/ ஊவா/ Uva,1: බදුල්ල/ பது‍ளை/ Badulla,42: හල්දුම්මුල්ල/ ஹல்தும்முல்லை/ Haldummulla
8-1-42-150,150,මැදවෙල,‎மேத‎வெல,Medawela,157F,8: ඌව/ ஊவா/ Uva,1: බදුල්ල/ பது‍ளை/ Badulla,42: හල්දුම්මුල්ල/ ஹல்தும்முல்லை/ Haldummulla
8-1-42-155,155,වැලිබිස්ස,‎வெலிபிஸ்ஸ,Welibissa,157D,8: ඌව/ ஊவா/ Uva,1: බදුල්ල/ பது‍ளை/ Badulla,42: හල්දුම්මුල්ල/ ஹல்தும்முல்லை/ Haldummulla
8-1-42-160,160,වෑඑළිය,‎வேலிய,Weeliya,157C,8: ඌව/ ஊவா/ Uva,1: බදුල්ල/ பது‍ளை/ Badulla,42: හල්දුම්මුල්ල/ ஹல்தும்முல்லை/ Haldummulla
8-1-42-165,165,කොස්ගම,‎கொஸ்கம,Kosgama,158A,8: ඌව/ ஊவா/ Uva,1: බදුල්ල/ பது‍ளை/ Badulla,42: හල්දුම්මුල්ල/ ஹல்தும்முல்லை/ Haldummulla
8-1-42-170,170,රන්වන්ගුහාව,ரண்வண்குஹாவ,Ranwanguhawa,156A,8: ඌව/ ஊவா/ Uva,1: බදුල්ල/ பது‍ளை/ Badulla,42: හල්දුම්මුල්ල/ ஹல்தும்முல்லை/ Haldummulla
8-1-42-175,175,අක්කරසීය,அக்கரசீய,Akkaraseeya,155F,8: ඌව/ ஊவா/ Uva,1: බදුල්ල/ பது‍ளை/ Badulla,42: හල්දුම්මුල්ල/ ஹல்தும்முல்லை/ Haldummulla
8-1-42-180,180,වෙලංවිට,‎வெலன்விட்ட,Welanwita,155B,8: ඌව/ ஊவா/ Uva,1: බදුල්ල/ பது‍ளை/ Badulla,42: හල්දුම්මුල්ල/ ஹல்தும்முல்லை/ Haldummulla
8-1-42-185,185,කොලොන්ගස්තැන්න,‎கொ‎லொன்கஸ்‎ தென்ன,Kolongasthenna,154A,8: ඌව/ ஊவா/ Uva,1: බදුල්ල/ பது‍ளை/ Badulla,42: හල්දුම්මුල්ල/ ஹல்தும்முல்லை/ Haldummulla
8-1-42-190,190,බඹරපොකුණ,பம்பர‎பொக்குன,Bambarapokuna,154C,8: ඌව/ ஊவா/ Uva,1: බදුල්ල/ பது‍ளை/ Badulla,42: හල්දුම්මුල්ල/ ஹல்தும்முல்லை/ Haldummulla
8-1-42-195,195,මහලන්ද,மஹலந்த,Mahalanda,155G,8: ඌව/ ஊவா/ Uva,1: බදුල්ල/ பது‍ளை/ Badulla,42: හල්දුම්මුල්ල/ ஹல்தும்முல்லை/ Haldummulla
