GN List,,,,,,,,
LIFe Code,GN Code,Name in Sinhala,Name in Tamil,Name in English,MPA Code,Province,District,Divisional Secretariat
4-4-03-005,005,ආලන්කුලම්,ஆலங்குளம்,Alankulam,26,4: උතුර/ வடக்கு/ Northern,4: මුලතිව්/ முல்லைத்தீவு/ Mullaitivu,3: තුනුක්කායි/ துணுக்காய்/ Thunukkai
4-4-03-010,010,අමෛතිපුරම්,அமைதிபுரம்,Amaithipuram,24,4: උතුර/ வடக்கு/ Northern,4: මුලතිව්/ முல்லைத்தீவு/ Mullaitivu,3: තුනුක්කායි/ துணுக்காய்/ Thunukkai
4-4-03-015,015,අම්පලප්පෙරුමාල්කුලම්,அம்பலப்பெருமாள்குளம்,Ampalapperumalkulam,25,4: උතුර/ வடக்கு/ Northern,4: මුලතිව්/ முல்லைத்தீவு/ Mullaitivu,3: තුනුක්කායි/ துணுக்காய்/ Thunukkai
4-4-03-020,020,අනිච්චියන්කුලම්,அனிச்சியன்குளம்,Anichchiyankulam,31,4: උතුර/ வடக்கு/ Northern,4: මුලතිව්/ முல்லைத்தீவு/ Mullaitivu,3: තුනුක්කායි/ துணுக்காய்/ Thunukkai
4-4-03-025,025,බාරදිනගර්,பாரதிநகர்,Barathinagar,30,4: උතුර/ வடக்கு/ Northern,4: මුලතිව්/ முல்லைத்தீவு/ Mullaitivu,3: තුනුක්කායි/ துணுக்காய்/ Thunukkai
4-4-03-030,030,‍ෛඑයන්කන්කුලම්,ஐயன்கன்குளம்,Iyankankulam,34,4: උතුර/ வடக்கு/ Northern,4: මුලතිව්/ முல்லைத்தீவு/ Mullaitivu,3: තුනුක්කායි/ துணுக்காய்/ Thunukkai
4-4-03-035,035,කල්විලාන්,கல்விளான்,Kalvilan,17,4: උතුර/ வடக்கு/ Northern,4: මුලතිව්/ முல்லைத்தீவு/ Mullaitivu,3: තුනුක්කායි/ துணுக்காய்/ Thunukkai
4-4-03-040,040,කෝඩ්ඩෛකඩ්ඩියකුලම්,கோட்டைக்கட்டிய குளம்,Koddaikaddiyakulam,35,4: උතුර/ வடக்கு/ Northern,4: මුලතිව්/ முல்லைத்தீவு/ Mullaitivu,3: තුනුක්කායි/ துணுக்காய்/ Thunukkai
4-4-03-045,045,මල්ලාවි,மல்லாவி,Mallavi,20,4: උතුර/ வடக்கு/ Northern,4: මුලතිව්/ முல்லைத்தீவு/ Mullaitivu,3: තුනුක්කායි/ துணுக்காய்/ Thunukkai
4-4-03-050,050,පලෛයමුරිකන්ඩි,பழையமுறுகண்டி,Palayamurikandy,33,4: උතුර/ வடக்கு/ Northern,4: මුලතිව්/ முல்லைத்தீவு/ Mullaitivu,3: තුනුක්කායි/ துணுக்காய்/ Thunukkai
4-4-03-055,055,පූකළේන්දිනගර්,புகழேந்திநகர்,Pugalenthinagar,29,4: උතුර/ வடக்கு/ Northern,4: මුලතිව්/ முல்லைத்தீவு/ Mullaitivu,3: තුනුක්කායි/ துணுக்காய்/ Thunukkai
4-4-03-060,060,පුත්තුවෙඩ්ඩුවාන්,புத்துவெட்டுவான்,Puththuvedduvan,23,4: උතුර/ வடக்கு/ Northern,4: මුලතිව්/ முல்லைத்தீவு/ Mullaitivu,3: තුනුක්කායි/ துணுக்காய்/ Thunukkai
4-4-03-065,065,දෙන්නියන්කුලම්,தென்னியன்குளம்,Thenniyankulam,32,4: උතුර/ வடக்கு/ Northern,4: මුලතිව්/ முல்லைத்தீவு/ Mullaitivu,3: තුනුක්කායි/ துணுக்காய்/ Thunukkai
4-4-03-070,070,තේරාන්කන්ඩල්,தேறாங்கண்டல்,Therankandal,27,4: උතුර/ வடக்கு/ Northern,4: මුලතිව්/ முல்லைத்தீவு/ Mullaitivu,3: තුනුක්කායි/ துணுக்காய்/ Thunukkai
4-4-03-075,075,තිරුනගර්,திருநகர் வடக்கு,Thirunagar,22,4: උතුර/ வடக்கு/ Northern,4: මුලතිව්/ முல்லைத்தீவு/ Mullaitivu,3: තුනුක්කායි/ துணுக்காய்/ Thunukkai
4-4-03-080,080,තුනුක්කායි,துணுக்காய்,Thunukkai,16,4: උතුර/ வடக்கு/ Northern,4: මුලතිව්/ முல்லைத்தீவு/ Mullaitivu,3: තුනුක්කායි/ துணுக்காய்/ Thunukkai
4-4-03-085,085,උයිලන්කුලම්,உயிலங்குளம்,Uyilankulam,18,4: උතුර/ வடக்கு/ Northern,4: මුලතිව්/ முல்லைத்தீவு/ Mullaitivu,3: තුනුක්කායි/ துணுக்காய்/ Thunukkai
4-4-03-090,090,යෝගපුරම් මධ්‍ය,யோகபுரம் மத்தி,Yogapuram Centre,021,4: උතුර/ வடக்கு/ Northern,4: මුලතිව්/ முல்லைத்தீவு/ Mullaitivu,3: තුනුක්කායි/ துணுக்காய்/ Thunukkai
4-4-03-095,095,යෝගපුරම් නැගෙනහිර,யோகபுரம் கிழக்கு,Yogapuram East,28,4: උතුර/ வடக்கு/ Northern,4: මුලතිව්/ முல்லைத்தீவு/ Mullaitivu,3: තුනුක්කායි/ துணுக்காய்/ Thunukkai
4-4-03-100,100,යෝගපුරම් බටහිර,யோகபுரம் மேற்கு,Yogapuram West,19,4: උතුර/ வடக்கு/ Northern,4: මුලතිව්/ முல்லைத்தீவு/ Mullaitivu,3: තුනුක්කායි/ துணுக்காய்/ Thunukkai
4-4-06-005,005,අම්පාල්පුරම්,அம்பாள்புரம்,Ampalpuram,MUL/02,4: උතුර/ வடக்கு/ Northern,4: මුලතිව්/ முல்லைத்தீவு/ Mullaitivu,6: මාන්තෛ නැගෙනහිර/ மாந்தை கிழக்கு/ Manthai East
4-4-06-010,010,කරුම්පුල්ලියාන්,கரும்புள்ளியான்,Karumpulliyan,MUL/07,4: උතුර/ வடக்கு/ Northern,4: මුලතිව්/ முல்லைத்தீவு/ Mullaitivu,6: මාන්තෛ නැගෙනහිර/ மாந்தை கிழக்கு/ Manthai East
4-4-06-015,015,කොල්ලවිලාන්කුලම්,கொல்லவிளான்குளம்,Kollavilankulam,MUL/03,4: උතුර/ வடக்கு/ Northern,4: මුලතිව්/ முல்லைத்தீவு/ Mullaitivu,6: මාන්තෛ නැගෙනහිර/ மாந்தை கிழக்கு/ Manthai East
4-4-06-020,020,මූන්රුමුරිප්පු,மூன்று முறிப்பு,Moonrumurippu,MUL/11,4: උතුර/ வடக்கு/ Northern,4: මුලතිව්/ முல்லைத்தீவு/ Mullaitivu,6: මාන්තෛ නැගෙනහිර/ மாந்தை கிழக்கு/ Manthai East
4-4-06-025,025,නඩඩාන්කණ්ඩල්,நட்டான்கண்டல்,Naddankandal,MUL/12,4: උතුර/ வடக்கு/ Northern,4: මුලතිව්/ முல்லைத்தீவு/ Mullaitivu,6: මාන්තෛ නැගෙනහිර/ மாந்தை கிழக்கு/ Manthai East
4-4-06-030,030,ඔඩ්ඩරුත්තකුලම්,ஓட்டறுத்தகுளம்,Oddaruththakulam,MUL/04,4: උතුර/ வடக்கு/ Northern,4: මුලතිව්/ முல்லைத்தீவு/ Mullaitivu,6: මාන්තෛ නැගෙනහිර/ மாந்தை கிழக்கு/ Manthai East
4-4-06-035,035,පාලිනගර්,பாலிநகர்,Palinagar,MUL/06,4: උතුර/ வடக்கு/ Northern,4: මුලතිව්/ முல்லைத்தீவு/ Mullaitivu,6: මාන්තෛ නැගෙනහිර/ மாந்தை கிழக்கு/ Manthai East
4-4-06-040,040,පාණ්ඩියන්කුලම්,பாண்டியன் குளம்,Pandiyankulam,MUL/09,4: උතුර/ வடக்கு/ Northern,4: මුලතිව්/ முல்லைத்தீவு/ Mullaitivu,6: මාන්තෛ නැගෙනහිර/ மாந்தை கிழக்கு/ Manthai East
4-4-06-045,045,පොන්නගර්,பொன்னகர்,Ponnagar,MUL/14,4: උතුර/ வடக்கு/ Northern,4: මුලතිව්/ முல்லைத்தீவு/ Mullaitivu,6: මාන්තෛ නැගෙනහිර/ மாந்தை கிழக்கு/ Manthai East
4-4-06-050,050,පුවරසන්කුලම්,பூவரசன்குளம்,Poovarasankullam,MUL/08,4: උතුර/ வடக்கு/ Northern,4: මුලතිව්/ முல்லைத்தீவு/ Mullaitivu,6: මාන්තෛ නැගෙනහිර/ மாந்தை கிழக்கு/ Manthai East
4-4-06-055,055,සෙල්වපුරම්,செல்வபுரம்,Selvapuram,MUL/10,4: උතුර/ வடக்கு/ Northern,4: මුලතිව්/ முல்லைத்தீவு/ Mullaitivu,6: මාන්තෛ නැගෙනහිර/ மாந்தை கிழக்கு/ Manthai East
4-4-06-060,060,සිරාඩ්ඩිකුලම්,சிறாட்டிகுளம்,Siraddikulam,MUL/15,4: උතුර/ வடக்கு/ Northern,4: මුලතිව්/ முல்லைத்தீவு/ Mullaitivu,6: මාන්තෛ නැගෙනහිර/ மாந்தை கிழக்கு/ Manthai East
4-4-06-065,065,සිවපුරම්,சிவபுரம்,Sivapuram,MUL/05,4: උතුර/ வடக்கு/ Northern,4: මුලතිව්/ முல்லைத்தீவு/ Mullaitivu,6: මාන්තෛ නැගෙනහිර/ மாந்தை கிழக்கு/ Manthai East
4-4-06-070,070,වන්නිවිලාන්කුලම්,வன்னிவிளான்குளம்,Vannivilankulam,MUL/01,4: උතුර/ வடக்கு/ Northern,4: මුලතිව්/ முல்லைத்தீவு/ Mullaitivu,6: මාන්තෛ නැගෙනහිර/ மாந்தை கிழக்கு/ Manthai East
4-4-06-075,075,විනයගපුරම්,விநாயகபுரம்,Vinayagapuram,MUL/13,4: උතුර/ வடக்கு/ Northern,4: මුලතිව්/ முல்லைத்தீவு/ Mullaitivu,6: මාන්තෛ නැගෙනහිර/ மாந்தை கிழக்கு/ Manthai East
4-4-09-005,005,ආනන්දපුරම්,ஆனந்தபுரம்,Ananthapuram,MUL/40,4: උතුර/ வடக்கு/ Northern,4: මුලතිව්/ முல்லைத்தீவு/ Mullaitivu,9: පුදුකුඩියිරිප්පු/ புதுக்குடியிருப்பு/ Puthukudiyiruppu
4-4-09-010,010,ඉරණෛප්පාලෛ,இரனைப்பாலை,Iranaipalai,MUL/43,4: උතුර/ வடக்கு/ Northern,4: මුලතිව්/ முல்லைத்தீவு/ Mullaitivu,9: පුදුකුඩියිරිප්පු/ புதுக்குடியிருப்பு/ Puthukudiyiruppu
4-4-09-015,015,කෝම්පාවිල්,கோம்பாவில்,Kombavil,MUL/42,4: උතුර/ வடக்கு/ Northern,4: මුලතිව්/ முல்லைத்தீவு/ Mullaitivu,9: පුදුකුඩියිරිප්පු/ புதுக்குடியிருப்பு/ Puthukudiyiruppu
4-4-09-020,020,මල්ලිකෛත්තීවු,மல்லிகைத்தீவு,Mallikaitheevu,MUL/39,4: උතුර/ வடக்கு/ Northern,4: මුලතිව්/ முல்லைத்தீவு/ Mullaitivu,9: පුදුකුඩියිරිප්පු/ புதுக்குடியிருப்பு/ Puthukudiyiruppu
4-4-09-025,025,මාණික්කපුරම්,மாணிக்கபுரம்,Manikkapuram,MUL/51,4: උතුර/ வடக்கு/ Northern,4: මුලතිව්/ முல்லைத்தீவு/ Mullaitivu,9: පුදුකුඩියිරිප්පු/ புதுக்குடியிருப்பு/ Puthukudiyiruppu
4-4-09-030,030,මන්නාකණ්ඩල්,மன்னாகண்டல்,Mannakandal,MUL/54,4: උතුර/ வடக்கு/ Northern,4: මුලතිව්/ முல்லைத்தீவு/ Mullaitivu,9: පුදුකුඩියිරිප්පු/ புதுக்குடியிருப்பு/ Puthukudiyiruppu
4-4-09-035,035,මන්දුවිල්,மந்துவில்,Manthuvil,MUL/38,4: උතුර/ வடக்கு/ Northern,4: මුලතිව්/ முல்லைத்தீவு/ Mullaitivu,9: පුදුකුඩියිරිප්පු/ புதுக்குடியிருப்பு/ Puthukudiyiruppu
4-4-09-040,040,පුතුක්කුඩියිරුප්පු නැගෙනහිර,புதுக்குடியிருப்பு கிழக்கு,Puthukkudiyiruppu East,MUL/36,4: උතුර/ வடக்கு/ Northern,4: මුලතිව්/ முல்லைத்தீவு/ Mullaitivu,9: පුදුකුඩියිරිප්පු/ புதுக்குடியிருப்பு/ Puthukudiyiruppu
4-4-09-045,045,පුදුක්කුඩියිරුප්පු බස්නාහිර,புதுக்குடியிருப்பு மேற்கு,Puthukkudiyiruppu West,MUL/41,4: උතුර/ வடக்கு/ Northern,4: මුලතිව්/ முல்லைத்தீவு/ Mullaitivu,9: පුදුකුඩියිරිප්පු/ புதுக்குடியிருப்பு/ Puthukudiyiruppu
4-4-09-050,050,සිවනගර්,சிவநகர்,Sivanagar,MUL/37,4: උතුර/ வடக்கு/ Northern,4: මුලතිව්/ முல்லைத்தீவு/ Mullaitivu,9: පුදුකුඩියිරිප්පු/ புதுக்குடியிருப்பு/ Puthukudiyiruppu
4-4-09-055,055,සුදන්තිරපුරම්,சுதந்திரபுரம்,Suthanthirapuram,MUL/48,4: උතුර/ வடக்கு/ Northern,4: මුලතිව්/ முல்லைத்தீவு/ Mullaitivu,9: පුදුකුඩියිරිප්පු/ புதுக்குடியிருப்பு/ Puthukudiyiruppu
4-4-09-060,060,තේරාවිල්,தேராவில்,Theravil,MUL/52,4: උතුර/ வடக்கு/ Northern,4: මුලතිව්/ முல்லைத்தீவு/ Mullaitivu,9: පුදුකුඩියිරිප්පු/ புதுக்குடியிருப்பு/ Puthukudiyiruppu
4-4-09-065,065,තේවිපුරම්,தேவிபுரம்,Thevipuram,MUL/44,4: උතුර/ வடக்கு/ Northern,4: මුලතිව්/ முல்லைத்தீவு/ Mullaitivu,9: පුදුකුඩියිරිප්පු/ புதுக்குடியிருப்பு/ Puthukudiyiruppu
4-4-09-070,070,උඩෛයාර්කඩකු උතුර,உடையார்கட்டு  வடக்கு,Udaiyarkaddu North,MUL/46,4: උතුර/ வடக்கு/ Northern,4: මුලතිව්/ முல்லைத்தீவு/ Mullaitivu,9: පුදුකුඩියිරිප්පු/ புதுக்குடியிருப்பு/ Puthukudiyiruppu
4-4-09-075,075,උඩෛයාර්කඩකු දකුණ,உடையார்கட்டு தெற்கு,Udaiyarkaddu South,MUL/47,4: උතුර/ வடக்கு/ Northern,4: මුලතිව්/ முல்லைத்தீவு/ Mullaitivu,9: පුදුකුඩියිරිප්පු/ புதுக்குடியிருப்பு/ Puthukudiyiruppu
4-4-09-080,080,වල්ලිපුනම්,வள்ளிபுனம்,Vallipunam,MUL/45,4: උතුර/ வடக்கு/ Northern,4: මුලතිව්/ முல்லைத்தீவு/ Mullaitivu,9: පුදුකුඩියිරිප්පු/ புதுக்குடியிருப்பு/ Puthukudiyiruppu
4-4-09-085,085,වල්ලුවර්පුරම්,வள்ளுவர்புரம்,Valluvarpuram,MUL/53,4: උතුර/ வடக்கு/ Northern,4: මුලතිව්/ முல்லைத்தீவு/ Mullaitivu,9: පුදුකුඩියිරිප්පු/ புதுக்குடியிருப்பு/ Puthukudiyiruppu
4-4-09-090,090,විස්වමඩු නැගෙනහිර,விஸ்வமடு கிழக்கு,Visvamadu East,MUL/50,4: උතුර/ வடக்கு/ Northern,4: මුලතිව්/ முல்லைத்தீவு/ Mullaitivu,9: පුදුකුඩියිරිප්පු/ புதுக்குடியிருப்பு/ Puthukudiyiruppu
4-4-09-095,095,විස්වමඩු බටහිර,விஸ்வமடு மேற்கு,Visuvamadu West,MUL/49,4: උතුර/ வடக்கு/ Northern,4: මුලතිව්/ முல்லைத்தீவு/ Mullaitivu,9: පුදුකුඩියිරිප්පු/ புதுக்குடியிருப்பு/ Puthukudiyiruppu
4-4-12-005,005,අම්පකාමම්,அம்பகாமம்,Ampagamam,72,4: උතුර/ வடக்கு/ Northern,4: මුලතිව්/ முல்லைத்தீவு/ Mullaitivu,12: ඔඩ්ඩුසුදාන්/ ஒட்டுச்சுட்டாண்/ Oddusuddan
4-4-12-010,010,කණේෂපුරම්,கணேஷபுரம்,Ganesapuram,64,4: උතුර/ வடக்கு/ Northern,4: මුලතිව්/ முல்லைத்தீவு/ Mullaitivu,12: ඔඩ්ඩුසුදාන්/ ஒட்டுச்சுட்டாண்/ Oddusuddan
4-4-12-015,015,ඉන්දුපුරම්,இந்துபுரம்,Ithupuram,76,4: උතුර/ வடக்கு/ Northern,4: මුලතිව්/ முல்லைத்தீவு/ Mullaitivu,12: ඔඩ්ඩුසුදාන්/ ஒட்டுச்சுட்டாண்/ Oddusuddan
4-4-12-020,020,කනකරතිනපුරම්,கனகரத்தினபுரம்,Kanakaradnapuram,56,4: උතුර/ வடக்கு/ Northern,4: මුලතිව්/ முல்லைத்தீவு/ Mullaitivu,12: ඔඩ්ඩුසුදාන්/ ஒட்டுச்சுட்டாண்/ Oddusuddan
4-4-12-025,025,කරුවේලන්කණ්ඩල්,கருவேலன்கண்டல்,Karuvalankandal,66,4: උතුර/ வடக்கு/ Northern,4: මුලතිව්/ முல்லைத்தீவு/ Mullaitivu,12: ඔඩ්ඩුසුදාන්/ ஒட்டுச்சுட்டாண்/ Oddusuddan
4-4-12-030,030,කට්චිලෛමඩු,கற்சிலைமடு,Kachchilaimadu,59,4: උතුර/ வடக்கு/ Northern,4: මුලතිව්/ முல்லைத்தீவு/ Mullaitivu,12: ඔඩ්ඩුසුදාන්/ ஒட்டுச்சுட்டாண்/ Oddusuddan
4-4-12-035,035,කාදලියාර්සමලන්කුලම්,காதலியர்சமளங் குளம்,Kathaliyarsamalankulam,62,4: උතුර/ வடக்கு/ Northern,4: මුලතිව්/ முல்லைத்தீவு/ Mullaitivu,12: ඔඩ්ඩුසුදාන්/ ஒட்டுச்சுட்டாண்/ Oddusuddan
4-4-12-040,040,කූලාමුරිප්පු,கூளாமுறிப்பு,Koolamurippu,68,4: උතුර/ வடக்கு/ Northern,4: මුලතිව්/ முல்லைத்தீவு/ Mullaitivu,12: ඔඩ්ඩුසුදාන්/ ஒட்டுச்சுட்டாண்/ Oddusuddan
4-4-12-045,045,මණලන්පඩ්ඩමුරිප්පු,மணவாலன்பட்ட முறிப்பு,Manavalanpaddamurippu,69,4: උතුර/ வடக்கு/ Northern,4: මුලතිව්/ முல்லைத்தீவு/ Mullaitivu,12: ඔඩ්ඩුසුදාන්/ ஒட்டுச்சுட்டாண்/ Oddusuddan
4-4-12-050,050,මාංකුලම්,மாங்குளம்,Mankulam,73,4: උතුර/ வடக்கு/ Northern,4: මුලතිව්/ முல்லைத்தீவு/ Mullaitivu,12: ඔඩ්ඩුසුදාන්/ ஒட்டுச்சுட்டாண்/ Oddusuddan
4-4-12-055,055,මුත්තෛයන්කඩ්ඩුකුලම්,முத்தையன்கட்டுகுளம்,Muththaiyankaddukulam,,4: උතුර/ வடக்கு/ Northern,4: මුලතිව්/ முல்லைத்தீவு/ Mullaitivu,12: ඔඩ්ඩුසුදාන්/ ஒட்டுச்சுட்டாண்/ Oddusuddan
4-4-12-060,060,මුත්තුවිනායගර්පුරම්,முதுவினாயகர்புரம்,Muththuvinayakapuram,60,4: උතුර/ வடக்கு/ Northern,4: මුලතිව්/ முல்லைத்தீவு/ Mullaitivu,12: ඔඩ්ඩුසුදාන්/ ஒட்டுச்சுட்டாண்/ Oddusuddan
4-4-12-065,065,ඔඩ්ඩුසුඩ්ඩාන්,ஒட்டுச்சுட்டாண்,Oddusuddan,61,4: උතුර/ வடக்கு/ Northern,4: මුලතිව්/ முல்லைத்தீவு/ Mullaitivu,12: ඔඩ්ඩුසුදාන්/ ஒட்டுச்சுட்டாண்/ Oddusuddan
4-4-12-070,070,ඕලුමඩු,ஒலுமடு,Olumadu,71,4: උතුර/ வடக்கு/ Northern,4: මුලතිව්/ முல்லைத்தீவு/ Mullaitivu,12: ඔඩ්ඩුසුදාන්/ ஒட்டுச்சுட்டாண்/ Oddusuddan
4-4-12-075,075,ඔදියමලෛ,ஒதியமலை,Othiyamalai,123,4: උතුර/ வடக்கு/ Northern,4: මුලතිව්/ முல்லைத்தீவு/ Mullaitivu,12: ඔඩ්ඩුසුදාන්/ ஒட்டுச்சுட்டாண்/ Oddusuddan
4-4-12-080,080,පළම්පාසි,பலம்பாசி,Palampasi,127,4: උතුර/ வடக்கு/ Northern,4: මුලතිව්/ முல்லைத்தீவு/ Mullaitivu,12: ඔඩ්ඩුසුදාන්/ ஒட்டுச்சுட்டாண்/ Oddusuddan
4-4-12-085,085,පණ්ඩාරවන්නි,பண்டாரவன்னி,Pandaravanni,58,4: උතුර/ வடக்கு/ Northern,4: මුලතිව්/ முல்லைத்தீவு/ Mullaitivu,12: ඔඩ්ඩුසුදාන්/ ஒட்டுச்சுட்டாண்/ Oddusuddan
4-4-12-090,090,පනික්කන්කුලම්,பனிக்கன்குளம்,Panikkankulam,74,4: උතුර/ வடக்கு/ Northern,4: මුලතිව්/ முல்லைத்தீவு/ Mullaitivu,12: ඔඩ්ඩුසුදාන්/ ஒட்டுச்சுட்டாண்/ Oddusuddan
4-4-12-095,095,‍පේරාරු,பேராறு,Peraru,57,4: උතුර/ வடக்கு/ Northern,4: මුලතිව්/ முல்லைத்தீவு/ Mullaitivu,12: ඔඩ්ඩුසුදාන්/ ஒட்டுச்சுட்டாண்/ Oddusuddan
4-4-12-100,100,පෙරියඉත්තිමඩු,பெரியஇத்திமடு,Periyaiththimadu,126,4: උතුර/ வடக்கு/ Northern,4: මුලතිව්/ முல்லைத்தீவு/ Mullaitivu,12: ඔඩ්ඩුසුදාන්/ ஒட்டுச்சுட்டாண்/ Oddusuddan
4-4-12-105,105,පෙරියකුලම්,பெரியகுளம்,Periyakulam,124,4: උතුර/ வடக்கு/ Northern,4: මුලතිව්/ முல்லைத்தீவு/ Mullaitivu,12: ඔඩ්ඩුසුදාන්/ ஒட்டுச்சுட்டாண்/ Oddusuddan
4-4-12-110,110,පුලියන්කුලම්,புலியங்குளம்,Puliyankulam,67,4: උතුර/ வடக்கு/ Northern,4: මුලතිව්/ முல்லைத்தீவு/ Mullaitivu,12: ඔඩ්ඩුසුදාන්/ ஒட்டுச்சுட்டாண்/ Oddusuddan
4-4-12-115,115,තච්චඩම්පන්,தச்சடம்பன்,Thachchadampan,70,4: උතුර/ வடக்கு/ Northern,4: මුලතිව්/ முல்லைத்தீவு/ Mullaitivu,12: ඔඩ්ඩුසුදාන්/ ஒட்டுச்சுட்டாண்/ Oddusuddan
4-4-12-120,120,තන්ඩුවාන්,தண்டுவான்,Thanduvan,125,4: උතුර/ வடக்கு/ Northern,4: මුලතිව්/ முல்லைத்தீவு/ Mullaitivu,12: ඔඩ්ඩුසුදාන්/ ஒட்டுச்சுட்டாண்/ Oddusuddan
4-4-12-125,125,තඩ්ඩයමලෛ,தட்டயமலை,Thaddayamalai,63,4: උතුර/ வடக்கு/ Northern,4: මුලතිව්/ முல்லைத்தீவு/ Mullaitivu,12: ඔඩ්ඩුසුදාන්/ ஒட்டுச்சுட்டாண்/ Oddusuddan
4-4-12-130,130,තිරුමුරුකන්ඩ්,திருமுறுகண்டி,Thirumurukandy,75,4: උතුර/ வடக்கு/ Northern,4: මුලතිව්/ முல்லைத்தீவு/ Mullaitivu,12: ඔඩ්ඩුසුදාන්/ ஒட்டுச்சுட்டாண்/ Oddusuddan
4-4-12-135,135,විත්තියාපුරම්,வித்தியாபுரம்,Vithiyapuram,65,4: උතුර/ வடக்கு/ Northern,4: මුලතිව්/ முல்லைத்தீவு/ Mullaitivu,12: ඔඩ්ඩුසුදාන්/ ஒட்டுச்சுட்டாண்/ Oddusuddan
4-4-15-005,005,අලම්පිල් උතුර,ஆலம்பில் வடக்கு,Alampil North,MUL/86,4: උතුර/ வடக்கு/ Northern,4: මුලතිව්/ முல்லைத்தீவு/ Mullaitivu,15: මුහුදුබඩපත්තු/ மரிதி‍மேப்பட்டு/ Maritimepattu
4-4-15-010,010,අලම්පිල් දකුණ,அலம்பில் தெற்கு,Alampil South,MUL/ 87,4: උතුර/ வடக்கு/ Northern,4: මුලතිව්/ முல்லைத்தீவு/ Mullaitivu,15: මුහුදුබඩපත්තු/ மரிதி‍மேப்பட்டு/ Maritimepattu
4-4-15-015,015,අම්බලව‍න්පොක්කණෛ,அம்பலவான்பூக்கேணி,Ampalavanpokkanai,MUL/100,4: උතුර/ வடக்கு/ Northern,4: මුලතිව්/ முல்லைத்தீவு/ Mullaitivu,15: මුහුදුබඩපත්තු/ மரிதி‍மேப்பட்டு/ Maritimepattu
4-4-15-020,020,චෙම්ම‍ලෛ,செம்மலை,Semmalai,MUL/84,4: උතුර/ வடக்கு/ Northern,4: මුලතිව්/ முல்லைத்தீவு/ Mullaitivu,15: මුහුදුබඩපත්තු/ மரிதி‍மேப்பட்டு/ Maritimepattu
4-4-15-025,025,චෙම්මලායි නැගෙනහිර,செம்மலை கிழக்கு,Chemmalai East,MUL/83,4: උතුර/ வடக்கு/ Northern,4: මුලතිව්/ முல்லைத்தீவு/ Mullaitivu,15: මුහුදුබඩපත්තු/ மரிதி‍மேப்பட்டு/ Maritimepattu
4-4-15-030,030,චිලාවත්තෛ,சிலாவத்தை,Chilawattai,MUL/ 88,4: උතුර/ வடக்கு/ Northern,4: මුලතිව්/ முல்லைத்தீவு/ Mullaitivu,15: මුහුදුබඩපත්තු/ மரிதி‍மேப்பட்டு/ Maritimepattu
4-4-15-035,035,චිලාවත්තෛ දකුණ,சிலாவத்தை தெற்கு,Silawaththai South,MUL/89,4: උතුර/ வடக்கு/ Northern,4: මුලතිව්/ முல்லைத்தீவு/ Mullaitivu,15: මුහුදුබඩපත්තු/ மரிதி‍மேப்பட்டு/ Maritimepattu
4-4-15-040,040,කීක්කිරාපුරම්,கீக்கிராபுரம்,Keekkirapuram,MUL/115,4: උතුර/ வடக்கு/ Northern,4: මුලතිව්/ முல்லைத்தீவு/ Mullaitivu,15: මුහුදුබඩපත්තු/ மரிதி‍மேப்பட்டு/ Maritimepattu
4-4-15-045,045,කල්ලප්පාඩු උතුර,கள்ளப்பாடு வடக்கு,Kallappadu North,MUL/91,4: උතුර/ வடக்கு/ Northern,4: මුලතිව්/ முல்லைத்தீவு/ Mullaitivu,15: මුහුදුබඩපත්තු/ மரிதி‍மேப்பட்டு/ Maritimepattu
4-4-15-050,050,කල්ලප්පාඩු දකුණ,கள்ளப்பாடு தெற்கு,Kallappadu South,MUL/90,4: උතුර/ வடக்கு/ Northern,4: මුලතිව්/ முல்லைத்தீவு/ Mullaitivu,15: මුහුදුබඩපත්තු/ மரிதி‍மேப்பட்டு/ Maritimepattu
4-4-15-055,055,කණුක්කේණි නැගෙනහිර,கனுக்கேணி கிழக்கு,Kanukkerni East,MUL/116,4: උතුර/ வடக்கு/ Northern,4: මුලතිව්/ முல்லைத்தீவு/ Mullaitivu,15: මුහුදුබඩපත්තු/ மரிதி‍மேப்பட்டு/ Maritimepattu
4-4-15-060,060,කණුක්කේණි බස්නාහිර,கனுக்கேணி மேற்கு,Kanukkerni West,MUL/117,4: උතුර/ வடக்கு/ Northern,4: මුලතිව්/ முல்லைத்தீவு/ Mullaitivu,15: මුහුදුබඩපත්තු/ மரிதி‍மேப்பட்டு/ Maritimepattu
4-4-15-065,065,කරුනාඩ්ඩුක්කේණි,கருநாட்டுக்கேணி,Karunaddukkerny,MUL/79,4: උතුර/ வடக்கு/ Northern,4: මුලතිව්/ முல்லைத்தீவு/ Mullaitivu,15: මුහුදුබඩපත්තු/ மரிதி‍மேப்பட்டு/ Maritimepattu
4-4-15-070,070,කෛප්පාපිලවු,கேப்பாப்பிலவு,Keppapilavu,MUL/102,4: උතුර/ வடக்கு/ Northern,4: මුලතිව්/ முல்லைத்தீவு/ Mullaitivu,15: මුහුදුබඩපත්තු/ மரிதி‍மேப்பட்டு/ Maritimepattu
4-4-15-075,075,කොක්කුලායි නැගෙනහිර,கொக்குளாய் கிழக்கு,Kokkulai East,MUL/78,4: උතුර/ வடக்கு/ Northern,4: මුලතිව්/ முல்லைத்தீவு/ Mullaitivu,15: මුහුදුබඩපත්තු/ மரிதி‍மேப்பட்டு/ Maritimepattu
4-4-15-080,080,කොක්කිලායි බස්නාහිර,கொக்குளாய் மேற்கு,Kokkulai West,MUL/77,4: උතුර/ வடக்கு/ Northern,4: මුලතිව්/ முல்லைத்தீவு/ Mullaitivu,15: මුහුදුබඩපත්තු/ மரிதி‍மேப்பட்டு/ Maritimepattu
4-4-15-085,085,කොක්කුත්තොඩුවායි මධ්‍ය,கொக்குத்தொடுவாய்  மத்தி,Kokkuththoduvai Centre,MUL/82,4: උතුර/ வடக்கு/ Northern,4: මුලතිව්/ முல்லைத்தீவு/ Mullaitivu,15: මුහුදුබඩපත්තු/ மரிதி‍மேப்பட்டு/ Maritimepattu
4-4-15-090,090,කොකුතොඩායි උතුර,கொகுதொடுவை வடக்கு,Kokuthoduvai North,MUL/ 81,4: උතුර/ வடக்கு/ Northern,4: මුලතිව්/ முல்லைத்தீவு/ Mullaitivu,15: මුහුදුබඩපත්තු/ மரிதி‍மேப்பட்டு/ Maritimepattu
4-4-15-095,095,කොක්කුත්තොඩුවායි දකුණ,கொக்குத்தொடுவாய் தெற்கு,Kokkuththoduvai South,MUL/80,4: උතුර/ வடக்கு/ Northern,4: මුලතිව්/ முல்லைத்தீவு/ Mullaitivu,15: මුහුදුබඩපත්තු/ மரிதி‍மேப்பட்டு/ Maritimepattu
4-4-15-100,100,කොවිල්කුඩියිරුප්පු,கோவில் குடியிருப்பு,Kovilkudiyiruppu,MUL/95,4: උතුර/ வடக்கு/ Northern,4: මුලතිව්/ முல்லைத்தீவு/ Mullaitivu,15: මුහුදුබඩපත්තු/ மரிதி‍மேப்பட்டு/ Maritimepattu
4-4-15-105,105,කුමාරපුරම්,குமாரபுரம்,Kumarapuram,MUL/118,4: උතුර/ வடக்கு/ Northern,4: මුලතිව්/ முல்லைத்தீவு/ Mullaitivu,15: මුහුදුබඩපත්තු/ மரிதி‍மேப்பட்டு/ Maritimepattu
4-4-15-110,110,කුමුලමුනෛ මධ්‍ය,குமுளமுணை மத்தி,Kumulamunai Centre,MUL/122,4: උතුර/ வடக்கு/ Northern,4: මුලතිව්/ முல்லைத்தீவு/ Mullaitivu,15: මුහුදුබඩපත්තු/ மரிதி‍மேப்பட்டு/ Maritimepattu
4-4-15-115,115,කුමුලමුනෛ නැගෙනහිර,குமுளமுணை கிழக்கு,Kumulamunai East,MUL/121,4: උතුර/ வடக்கு/ Northern,4: මුලතිව්/ முல்லைத்தீவு/ Mullaitivu,15: මුහුදුබඩපත්තු/ மரிதி‍மேப்பட்டு/ Maritimepattu
4-4-15-120,120,කුමුලමුනෛ බස්නාහිර,குமுளமுணை மேற்கு,Kumulamunai West,MUL/119,4: උතුර/ வடக்கு/ Northern,4: මුලතිව්/ முல்லைத்தீவு/ Mullaitivu,15: මුහුදුබඩපත්තු/ மரிதி‍மேப்பட்டு/ Maritimepattu
4-4-15-125,125,මාමූලෛ,மாமூலை,Mamoolai,MUL/110,4: උතුර/ வடக்கு/ Northern,4: මුලතිව්/ முல்லைத்தீவு/ Mullaitivu,15: මුහුදුබඩපත්තු/ மரிதி‍மேப்பட்டு/ Maritimepattu
4-4-15-130,130,මණට්කුඩියිරුප්පු,மணற் குடியிருப்பு,Manalkudiyiruppu,MUL/96,4: උතුර/ வடக்கு/ Northern,4: මුලතිව්/ முல்லைத்தீவு/ Mullaitivu,15: මුහුදුබඩපත්තු/ மரிதி‍மேப்பட்டு/ Maritimepattu
4-4-15-135,135,මදවලසිංකන්කුලම්,மதவலசிங்கன்குளம்,Mathavalasingankulam,,4: උතුර/ வடக்கு/ Northern,4: මුලතිව්/ முல்லைத்தீவு/ Mullaitivu,15: මුහුදුබඩපත්තු/ மரிதி‍மேப்பட்டு/ Maritimepattu
4-4-15-140,140,මුලතිව් දකුණ,முல்லைத்தீவு தெற்கு,Mullaitivu South,MUL/93,4: උතුර/ வடக்கு/ Northern,4: මුලතිව්/ முல்லைத்தீவு/ Mullaitivu,15: මුහුදුබඩපත්තු/ மரிதி‍மேப்பட்டு/ Maritimepattu
4-4-15-145,145,මුලතිව් නගරය,முல்லைத்தீவு நகரம்,Mullaitivu Town,MUL/97,4: උතුර/ வடக்கு/ Northern,4: මුලතිව්/ முல்லைத்தீவு/ Mullaitivu,15: මුහුදුබඩපත්තු/ மரிதி‍மேப்பட்டு/ Maritimepattu
4-4-15-150,150,මුල්ලිවායිකාල් නැගෙනහිර,முள்ளிவாய்காள் கிழக்கு,Mullivaikkal East,MUL/98,4: උතුර/ வடக்கு/ Northern,4: මුලතිව්/ முல்லைத்தீவு/ Mullaitivu,15: මුහුදුබඩපත්තු/ மரிதி‍மேப்பட்டு/ Maritimepattu
4-4-15-155,155,මුල්ලිවායිකාල් බස්නාහිර,முள்ளிவாய்கால் மேற்கு,Mullivaikkal West,MUL/99,4: උතුර/ வடக்கு/ Northern,4: මුලතිව්/ முல்லைத்தீவு/ Mullaitivu,15: මුහුදුබඩපත්තු/ மரிதி‍மேப்பட்டு/ Maritimepattu
4-4-15-160,160,මුල්ලියවලෛ මධ්‍්‍ය,முள்ளியவளை மத்தி,Mulliyawalai Centre,MUL/106,4: උතුර/ வடக்கு/ Northern,4: මුලතිව්/ முல்லைத்தீவு/ Mullaitivu,15: මුහුදුබඩපත්තු/ மரிதி‍மேப்பட்டு/ Maritimepattu
4-4-15-165,165,මුල්ලියවලෛ නැගෙනහිර,முள்ளியவளை கிழக்கு,Mulliyawalai East,MUL/108,4: උතුර/ வடக்கு/ Northern,4: මුලතිව්/ முல்லைத்தீவு/ Mullaitivu,15: මුහුදුබඩපත්තු/ மரிதி‍மேப்பட்டு/ Maritimepattu
4-4-15-170,170,මුල්ලියවලෛ උතුර,முள்ளியவளை  வடக்கு,Mulliyawalai North,MUL/104,4: උතුර/ வடக்கு/ Northern,4: මුලතිව්/ முல்லைத்தீவு/ Mullaitivu,15: මුහුදුබඩපත්තු/ மரிதி‍மேப்பட்டு/ Maritimepattu
4-4-15-175,175,මුල්ලියවලෛ දකුණ,முள்ளியவளை தெற்கு,Mulliyawalai South,MUL/107,4: උතුර/ வடக்கு/ Northern,4: මුලතිව්/ முல்லைத்தீவு/ Mullaitivu,15: මුහුදුබඩපත්තු/ மரிதி‍மேப்பட்டு/ Maritimepattu
4-4-15-180,180,මුල්ලියවලෛ බස්නාහිර,முள்ளியவளை மேற்கு,Mulliyawalai West,MUL/103,4: උතුර/ வடக்கு/ Northern,4: මුලතිව්/ முல்லைத்தீவு/ Mullaitivu,15: මුහුදුබඩපත්තු/ மரிதி‍மேப்பட்டு/ Maritimepattu
4-4-15-185,185,නිරාවිප්පිඩ්ඩි නැගෙනහිර,நீராவிப்பிட்டி கிழக்கு,Neeravipiddy East,MUL/113,4: උතුර/ வடக்கு/ Northern,4: මුලතිව්/ முல்லைத்தீவு/ Mullaitivu,15: මුහුදුබඩපත්තු/ மரிதி‍மேப்பட்டு/ Maritimepattu
4-4-15-190,190,නිරාවිප්පිඩ්ඩි බස්නාහිර,நீராவிப்பிட்டி மேற்கு,Neeravipiddy West,MUL/114,4: උතුර/ வடக்கு/ Northern,4: මුලතිව්/ முல்லைத்தீவு/ Mullaitivu,15: මුහුදුබඩපත්තු/ மரிதி‍மேப்பட்டு/ Maritimepattu
4-4-15-195,195,පුදරික්කුඩා,புதறிக்குடா,Putharikuda,MUL/105,4: උතුර/ வடக்கு/ Northern,4: මුලතිව්/ முல்லைத்தீவு/ Mullaitivu,15: මුහුදුබඩපත්තු/ மரிதி‍மேப்பட்டு/ Maritimepattu
4-4-15-200,200,සෙල්වපුරම්,செல்வபுரம்,Selvapuram,MUL/94,4: උතුර/ வடக்கு/ Northern,4: මුලතිව්/ முல்லைத்தீவு/ Mullaitivu,15: මුහුදුබඩපත්තු/ மரிதி‍மேப்பட்டு/ Maritimepattu
4-4-15-205,205,තන්නිමුරිප්පු,தண்ணிமுறிப்பு,Thannimurippu,MUL/120,4: උතුර/ வடக்கு/ Northern,4: මුලතිව්/ முல்லைத்தீவு/ Mullaitivu,15: මුහුදුබඩපත්තු/ மரிதி‍மேப்பட்டு/ Maritimepattu
4-4-15-210,210,තන්නීරුට්ටු නැගෙනහිර,தண்ணிரூற்று கிழக்கு,Thanniyoottu East,MUL/112,4: උතුර/ வடக்கு/ Northern,4: මුලතිව්/ முல்லைத்தீவு/ Mullaitivu,15: මුහුදුබඩපත්තු/ மரிதி‍மேப்பட்டு/ Maritimepattu
4-4-15-215,215,තන්නිරැට්ටු බස්නාහිර,தண்ணிரூற்று மேற்கு,Thaniyoottu West,MUL/109,4: උතුර/ வடக்கு/ Northern,4: මුලතිව්/ முல்லைத்தீவு/ Mullaitivu,15: මුහුදුබඩපත්තු/ மரிதி‍மேப்பட்டு/ Maritimepattu
4-4-15-220,220,උප්පුමාවේලි,உப்புமாவெளி,Uppumaveli,MUL/85,4: උතුර/ வடக்கு/ Northern,4: මුලතිව්/ முல்லைத்தீவு/ Mullaitivu,15: මුහුදුබඩපත්තු/ மரிதி‍மேப்பட்டு/ Maritimepattu
4-4-15-225,225,වණ්ණාන්කුලම්,வண்ணாங்குளம்,Vannankulam,MUL/92,4: උතුර/ வடக்கு/ Northern,4: මුලතිව්/ முல்லைத்தீவு/ Mullaitivu,15: මුහුදුබඩපත්තු/ மரிதி‍மேப்பட்டு/ Maritimepattu
4-4-15-230,230,වට්ටාප්පලෛ,வற்றாப்பாளை,Vattappalai,MUL/101,4: උතුර/ வடக்கு/ Northern,4: මුලතිව්/ முல்லைத்தீவு/ Mullaitivu,15: මුහුදුබඩපත්තු/ மரிதி‍மேப்பட்டு/ Maritimepattu
4-4-18-005,005,කල්යානිපුර,கல்யானிபுர,Kalyanipura,01,4: උතුර/ வடக்கு/ Northern,4: මුලතිව්/ முல்லைத்தீவு/ Mullaitivu,18: වැලිඔය/ ‎வெலிஓய/ Welioya
4-4-18-010,010,කිරිඉබීබන්වැව,கிரிஎபென்வெவ,Kiriebbanwewa,02,4: උතුර/ வடக்கு/ Northern,4: මුලතිව්/ முல்லைத்தீவு/ Mullaitivu,18: වැලිඔය/ ‎வெலிஓய/ Welioya
4-4-18-015,015,නිකවැව දකුණ,நிகவெவ - தெற்கு,Nikawewa - South,03,4: උතුර/ வடக்கு/ Northern,4: මුලතිව්/ முல்லைத்தீவு/ Mullaitivu,18: වැලිඔය/ ‎வெலிஓய/ Welioya
4-4-18-020,020,අහතුගස්වැව,அஹடுகஸ்வெவ,Ahatugaswewa,04,4: උතුර/ வடக்கு/ Northern,4: මුලතිව්/ முல்லைத்தீவு/ Mullaitivu,18: වැලිඔය/ ‎வெலிஓய/ Welioya
4-4-18-025,025,ඇතාවැටුනු වැව,எதாவெடுனுவெவ,Ethawatunu wewa,05,4: උතුර/ வடக்கு/ Northern,4: මුලතිව්/ முல்லைத்தீவு/ Mullaitivu,18: වැලිඔය/ ‎வெலிஓய/ Welioya
4-4-18-030,030,නිකවැව වම,நிகவெவ - இடது,Nikawewa - Left,06,4: උතුර/ வடக்கு/ Northern,4: මුලතිව්/ முல்லைத்தீவு/ Mullaitivu,18: වැලිඔය/ ‎வெலிஓய/ Welioya
4-4-18-035,035,නව ගජබාපුර,புதிய கஜபாபுர,New Gajabhapura,07,4: උතුර/ வடக்கு/ Northern,4: මුලතිව්/ முல்லைத்தீவு/ Mullaitivu,18: වැලිඔය/ ‎வெலிஓய/ Welioya
4-4-18-040,040,ජානකපුර,ஜானகபுர,Janakapura,08,4: උතුර/ வடக்கு/ Northern,4: මුලතිව්/ முல்லைத்தீவு/ Mullaitivu,18: වැලිඔය/ ‎வெலிஓய/ Welioya
4-4-18-045,045,ගජබාපුර,கஜபாபுர,Gajabhapura,,4: උතුර/ வடக்கு/ Northern,4: මුලතිව්/ முல்லைத்தீவு/ Mullaitivu,18: වැලිඔය/ ‎வெலிஓய/ Welioya
