GN List,,,,,,,,
LIFe Code,GN Code,Name in Sinhala,Name in Tamil,Name in English,MPA Code,Province,District,Divisional Secretariat
4-2-03-005,005,තලෙයිමන්නාරම ගම උතුර,தலை மன்னார் கிராமம் வடக்கு,Talaimannar Village North,MN/48,4: උතුර/ வடக்கு/ Northern,2: මන්නාරම/ மன்னார்/ Mannar,3: මන්නාරම නගරය/ மன்னார் நகரம்/ Mannar Town
4-2-03-010,010,තලෙයිමන්නාර් පේර් බටහිර,தலை மன்னார் பியா் மேற்கு,Talaimannar Pier West,MN/50,4: උතුර/ வடக்கு/ Northern,2: මන්නාරම/ மன்னார்/ Mannar,3: මන්නාරම නගරය/ மன்னார் நகரம்/ Mannar Town
4-2-03-015,015,තලෙයිමන්නාරම පියර් නැගෙනහිර,தலை மன்னார் பியா்  கிழக்கு,Talaimannar Pier East,MN/51,4: උතුර/ வடக்கு/ Northern,2: මන්නාරම/ மன்னார்/ Mannar,3: මන්නාරම නගරය/ மன்னார் நகரம்/ Mannar Town
4-2-03-020,020,තලෙයිමන්නාරම,தலை மன்னார்,Taliamannar,MN/52,4: උතුර/ வடக்கு/ Northern,2: මන්නාරම/ மன்னார்/ Mannar,3: මන්නාරම නගරය/ மன்னார் நகரம்/ Mannar Town
4-2-03-025,025,තලෙයිමන්නාරම ගම දකුණ,தலை மன்னார் கிராமம் தெற்கு,Talaimannar Village South,MN/49,4: උතුර/ வடக்கு/ Northern,2: මන්නාරම/ மன்னார்/ Mannar,3: මන්නාරම නගරය/ மன்னார் நகரம்/ Mannar Town
4-2-03-030,030,කඩ්ඩුක්කාරන් කුඩීයිරුප්පු,கட்டுக்காரன் குடியிருப்பு,Kaddukaran Kudiyiruppu,MN/53,4: උතුර/ வடக்கு/ Northern,2: මන්නාරම/ மன்னார்/ Mannar,3: මන්නාරම නගරය/ மன்னார் நகரம்/ Mannar Town
4-2-03-035,035,තුල්ලු කුඩිරුප්පු,துள்ளுகுடியிருப்பு,Thullukudiyiruppu,MN/54,4: උතුර/ வடக்கு/ Northern,2: මන්නාරම/ மன்னார்/ Mannar,3: මන්නාරම නගරය/ மன்னார் நகரம்/ Mannar Town
4-2-03-040,040,පේසලෛ දකුණ,பேசாலை தெற்கு,Pesalai South,MN/56,4: උතුර/ வடக்கு/ Northern,2: මන්නාරම/ மன்னார்/ Mannar,3: මන්නාරම නගරය/ மன்னார் நகரம்/ Mannar Town
4-2-03-045,045,පේසාලෛ උතුර,பேசாலை வடக்கு,Pesalai North,MN/57,4: උතුර/ வடக்கு/ Northern,2: මන්නාරම/ மன்னார்/ Mannar,3: මන්නාරම නගරය/ மன்னார் நகரம்/ Mannar Town
4-2-03-050,050,පේසාලෛ බටහිර,பேசாலை மேற்கு,Pesalai West,MN/55,4: උතුර/ வடக்கு/ Northern,2: මන්නාරම/ மன்னார்/ Mannar,3: මන්නාරම නගරය/ மன்னார் நகரம்/ Mannar Town
4-2-03-055,055,සිරුත්තොප්පු,சிறுத்தோப்பு,Siruthoppu,MN/58,4: උතුර/ வடக்கு/ Northern,2: මන්නාරම/ மன்னார்/ Mannar,3: මන්නාරම නගරය/ மன்னார் நகரம்/ Mannar Town
4-2-03-060,060,පෙරිය කරිසල්,பெரிய கரிசல்,Periya Karisal,MN/59,4: උතුර/ வடக்கு/ Northern,2: මන්නාරම/ மன்னார்/ Mannar,3: මන්නාරම නගරය/ மன்னார் நகரம்/ Mannar Town
4-2-03-065,065,ඔලෛත්තොඩුවායි,ஓலைத்தொடுவாய்,Olaithodduwai,MN/60,4: උතුර/ வடக்கு/ Northern,2: මන්නාරම/ மன்னார்/ Mannar,3: මන්නාරම නගරය/ மன்னார் நகரம்/ Mannar Town
4-2-03-070,070,පුදුක්කුඩීයිරුප්පු,புதுக்குடியிருப்பு,Puthukudiyiruppu,MN/61,4: උතුර/ வடக்கு/ Northern,2: මන්නාරම/ மன்னார்/ Mannar,3: මන්නාරම නගරය/ மன்னார் நகரம்/ Mannar Town
4-2-03-075,075,එරුක්කලම්පිඩිඩී බටහිර,எருக்கலம்பிட்டி மேற்கு,Erukkalampiddy West,MN/63,4: උතුර/ வடக்கு/ Northern,2: මන්නාරම/ மன்னார்/ Mannar,3: මන්නාරම නගරය/ மன்னார் நகரம்/ Mannar Town
4-2-03-080,080,එරුක්කලම්පිඩිඩී උතුර,எருக்கலம்பிட்டி வடக்கு,Erukkalampiddy North,MN/64,4: උතුර/ வடக்கு/ Northern,2: මන්නාරම/ மன்னார்/ Mannar,3: මන්නාරම නගරය/ மன்னார் நகரம்/ Mannar Town
4-2-03-085,085,එරුක්කලම්පිඩිඩී නැගෙනහිර,எருக்கலம்பிட்டி கிழக்கு,Erukkalampiddy East,MN/65,4: උතුර/ வடக்கு/ Northern,2: මන්නාරම/ மன்னார்/ Mannar,3: මන්නාරම නගරය/ மன்னார் நகரம்/ Mannar Town
4-2-03-090,090,එරුක්කලම්පිඩිඩී දකුණ,எருக்கலம்பிட்டி தெற்கு,Erukkalampiddy South,MN/66,4: උතුර/ வடக்கு/ Northern,2: මන්නාරම/ மன்னார்/ Mannar,3: මන්නාරම නගරය/ மன்னார் நகரம்/ Mannar Town
4-2-03-095,095,එරුක්කලම්පිඩිඩී මධ්‍යම,எருக்கலம்பிட்டி மத்தி,Erukkalampiddy Central,MN/67,4: උතුර/ வடக்கு/ Northern,2: මන්නාරම/ மன்னார்/ Mannar,3: මන්නාරම නගරය/ மன்னார் நகரம்/ Mannar Town
4-2-03-100,100,පල්ලිමුනෛ නැගෙනහිර,பள்ளிமுணை கிழக்கு,Pallimunai East,MN/84,4: උතුර/ வடக்கு/ Northern,2: මන්නාරම/ மன்னார்/ Mannar,3: මන්නාරම නගරය/ மன்னார் நகரம்/ Mannar Town
4-2-03-105,105,මූර් වීදිය,மூர்வீதி,Moor Street,MN/81,4: උතුර/ வடக்கு/ Northern,2: මන්නාරම/ மன்னார்/ Mannar,3: මන්නාරම නගරය/ மன்னார் நகரம்/ Mannar Town
4-2-03-110,110,එමීල් නගර්,எமில்நகர்,Emil Nagar,MN/74,4: උතුර/ வடக்கு/ Northern,2: මන්නාරම/ மன்னார்/ Mannar,3: මන්නාරම නගරය/ மன்னார் நகரம்/ Mannar Town
4-2-03-115,115,තරාපුරම් නැගෙනහිර,தாராபுரம் கிழக்கு,Tharapuram East,MN/69,4: උතුර/ வடக்கு/ Northern,2: මන්නාරම/ மன்னார்/ Mannar,3: මන්නාරම නගරය/ மன்னார் நகரம்/ Mannar Town
4-2-03-120,120,තරාපුරම් බටහිර,தாராபுரம் மேற்கு,Tharapuram West,MN/68,4: උතුර/ வடக்கு/ Northern,2: මන්නාරම/ மன்னார்/ Mannar,3: මන්නාරම නගරය/ மன்னார் நகரம்/ Mannar Town
4-2-03-125,125,තොට්ටවේලි,தோட்டவெளி,Thoddavely,MN/62,4: උතුර/ வடக்கு/ Northern,2: මන්නාරම/ மன்னார்/ Mannar,3: මන්නාරම නගරය/ மன்னார் நகரம்/ Mannar Town
4-2-03-130,130,තාල්වුපාඩු,தாழ்வுபாடு,Thalvupadu,MN/70,4: උතුර/ வடக்கு/ Northern,2: මන්නාරම/ மன்னார்/ Mannar,3: මන්නාරම නගරය/ மன்னார் நகரம்/ Mannar Town
4-2-03-135,135,පඩ්ඩීතෝඩ්ඩම්,பட்டிதோட்டம்,Paddithottam,MN/71,4: උතුර/ வடக்கு/ Northern,2: මන්නාරම/ மன்னார்/ Mannar,3: මන්නාරම නගරය/ மன்னார் நகரம்/ Mannar Town
4-2-03-140,140,එළුතුර්,எழுத்தூர்,Eluthoor,MN/72,4: උතුර/ வடக்கு/ Northern,2: මන්නාරම/ மன்னார்/ Mannar,3: මන්නාරම නගරය/ மன்னார் நகரம்/ Mannar Town
4-2-03-145,145,සවුත් බාර්,சவுத்பார்,South Bar,MN/73,4: උතුර/ வடக்கு/ Northern,2: මන්නාරම/ மன்னார்/ Mannar,3: මන්නාරම නගරය/ மன்னார் நகரம்/ Mannar Town
4-2-03-150,150,සාවට්කඩ්ඩු,சாவற்கட்டு,Shavatkaddu,MN/75,4: උතුර/ வடக்கு/ Northern,2: මන්නාරම/ மன்னார்/ Mannar,3: මන්නාරම නගරය/ மன்னார் நகரம்/ Mannar Town
4-2-03-155,155,සින්නක්කඩෛ,சின்னக்கடை,Sinnakadai,MN/78,4: උතුර/ வடக்கு/ Northern,2: මන්නාරම/ மன்னார்/ Mannar,3: මන්නාරම නගරය/ மன்னார் நகரம்/ Mannar Town
4-2-03-160,160,උප්පුකුලම් උතුර,உப்புக்குளம் வடக்கு,Uppukulam North,MN/82,4: උතුර/ வடக்கு/ Northern,2: මන්නාරම/ மன்னார்/ Mannar,3: මන්නාරම නගරය/ மன்னார் நகரம்/ Mannar Town
4-2-03-165,165,පල්ලිමුනෛ බටහිර,பள்ளிமுணை மேற்கு,Pallimunai West,MN/85,4: උතුර/ வடக்கு/ Northern,2: මන්නාරම/ மன்னார்/ Mannar,3: මන්නාරම නගරය/ மன்னார் நகரம்/ Mannar Town
4-2-03-170,170,උප්පුකුලම් දකුණ,உப்புக்குளம் தெற்கு,Uppukulam South,MN/83,4: උතුර/ வடக்கு/ Northern,2: මන්නාරම/ மன்னார்/ Mannar,3: මන්නාරම නගරය/ மன்னார் நகரம்/ Mannar Town
4-2-03-175,175,පෙරියකඩෛ,பெரியகடை,Periyakadai,MN/80,4: උතුර/ வடக்கு/ Northern,2: මන්නාරම/ மன்னார்/ Mannar,3: මන්නාරම නගරය/ மன்னார் நகரம்/ Mannar Town
4-2-03-180,180,පෙට්ටා,பெற்றா,Pettah,MN/79,4: උතුර/ வடக்கு/ Northern,2: මන්නාරම/ மன்னார்/ Mannar,3: මන්නාරම නගරය/ மன்னார் நகரம்/ Mannar Town
4-2-03-185,185,පනන්කට්ටකොට්ටු බටහිර,பனங்கட்டிக்கோட்டு மேற்கு கிழக்கு,Panankaddukoddu West,MN/77,4: උතුර/ வடக்கு/ Northern,2: මන්නාරම/ மன்னார்/ Mannar,3: මන්නාරම නගරය/ மன்னார் நகரம்/ Mannar Town
4-2-03-190,190,පනන්කට්ටුකොට්ටු නැගෙනහිර,பனங்கட்டிக்கோட்டு மேற்கு,Panankaddukoddu East,MN/76,4: උතුර/ வடக்கு/ Northern,2: මන්නාරම/ மன்னார்/ Mannar,3: මන්නාරම නගරය/ மன்னார் நகரம்/ Mannar Town
4-2-03-195,195,පෙරිය නාවට්කුලම්,பெரிய நாவற்குளம்,Periyanavatkulam,MN/87,4: උතුර/ வடக்கு/ Northern,2: මන්නාරම/ மன்னார்/ Mannar,3: මන්නාරම නගරය/ மன்னார் நகரம்/ Mannar Town
4-2-03-200,200,තීරුක්කේස්වරම්,திருக்கேதீஸ்வரம்,Thiruketheeswaram,MN/86,4: උතුර/ வடக்கு/ Northern,2: මන්නාරම/ மன்னார்/ Mannar,3: මන්නාරම නගරය/ மன்னார் நகரம்/ Mannar Town
4-2-03-205,205,නාගතාල්වු,நாகதாழ்வு,Nagathalvu,MN/88,4: උතුර/ வடக்கு/ Northern,2: මන්නාරම/ மன்னார்/ Mannar,3: මන්නාරම නගරය/ மன்னார் நகரம்/ Mannar Town
4-2-03-210,210,නීලාසේනෛ,நீலாசேனை,Neelasenai,MN/89,4: උතුර/ வடக்கு/ Northern,2: මන්නාරම/ மன்னார்/ Mannar,3: මන්නාරම නගරය/ மன்னார் நகரம்/ Mannar Town
4-2-03-215,215,මාතෝඩ්ඩම්,மாதோட்டம்,Mathoddam,MN/93,4: උතුර/ வடக்கு/ Northern,2: මන්නාරම/ மன்னார்/ Mannar,3: මන්නාරම නගරය/ மன்னார் நகரம்/ Mannar Town
4-2-03-220,220,කල්ලිකඩ්ඩෛක්කාඩු,கள்ளிகட்டைக்காடு,Kallikaddaikadu,MN/90,4: උතුර/ வடக்கு/ Northern,2: මන්නාරම/ மன்னார்/ Mannar,3: මන්නාරම නගරය/ மன்னார் நகரம்/ Mannar Town
4-2-03-225,225,වණ්ණාමෝඩ්ඩෛ,வண்ணாமோட்டை,Vannamoddai,MN/94,4: උතුර/ வடக்கு/ Northern,2: මන්නාරම/ மன்னார்/ Mannar,3: මන්නාරම නගරය/ மன்னார் நகரம்/ Mannar Town
4-2-03-230,230,උයිලං කුලම්,உயிலன் குளம்,Uyilankulam,MN/92,4: උතුර/ வடக்கு/ Northern,2: මන්නාරම/ மன்னார்/ Mannar,3: මන්නාරම නගරය/ மன்னார் நகரம்/ Mannar Town
4-2-03-235,235,පුදුක්කමම්,புதுக்கமம்,Puthukamam,MN/91,4: උතුර/ வடக்கு/ Northern,2: මන්නාරම/ மன்னார்/ Mannar,3: මන්නාරම නගරය/ மன்னார் நகரம்/ Mannar Town
4-2-03-240,240,උයිර්තරාසන් කුලම්,உயிர்தராசன் குளம்,Uyirtharasankulam,MN/95,4: උතුර/ வடக்கு/ Northern,2: මන්නාරම/ மன்னார்/ Mannar,3: මන්නාරම නගරය/ மன்னார் நகரம்/ Mannar Town
4-2-03-245,245,පරප්පාංකණ්ඩල්,பரப்பாங்கண்டல்,Parappankandal,MN/96,4: උතුර/ வடக்கு/ Northern,2: මන්නාරම/ மன்னார்/ Mannar,3: මන්නාරම නගරය/ மன்னார் நகரம்/ Mannar Town
4-2-06-005,005,තේවන්පිඩ්ඩි,தேவன்பிட்டி,Thevanpiddy,MN/02,4: උතුර/ வடக்கு/ Northern,2: මන්නාරම/ மன்னார்/ Mannar,6: මන්තායි බටහිර/ மாந்தை ‍மேற்கு/ Manthai West
4-2-06-010,010,වෙල්ලාන් කුලම්,வெள்ளாங்குளம்,Vellankulam,MN/01,4: උතුර/ வடக்கு/ Northern,2: මන්නාරම/ மன்னார்/ Mannar,6: මන්තායි බටහිර/ மாந்தை ‍மேற்கு/ Manthai West
4-2-06-015,015,පාලියාරු,பாலியாறு,Pali Aru,MN/03,4: උතුර/ வடக்கு/ Northern,2: මන්නාරම/ மன்னார்/ Mannar,6: මන්තායි බටහිර/ மாந்தை ‍மேற்கு/ Manthai West
4-2-06-020,020,අන්තෝනියාර්පුරම්,அந்தோனியார்புரம்,Anthoniyarpuram,MN/05,4: උතුර/ வடக்கு/ Northern,2: මන්නාරම/ மன்னார்/ Mannar,6: මන්තායි බටහිර/ மாந்தை ‍மேற்கு/ Manthai West
4-2-06-025,025,ඉලුප්පෛක්කඩවෛ,இலுப்பைக்கடவை,Illuppaikadavai,MN/04,4: උතුර/ வடக்கு/ Northern,2: මන්නාරම/ மன்னார்/ Mannar,6: මන්තායි බටහිර/ மாந்தை ‍மேற்கு/ Manthai West
4-2-06-030,030,කල්ලියඩී,கள்ளியடி,Kalliyadi,MN/06,4: උතුර/ வடக்கு/ Northern,2: මන්නාරම/ மன்னார்/ Mannar,6: මන්තායි බටහිර/ மாந்தை ‍மேற்கு/ Manthai West
4-2-06-035,035,ආත්තීමෝඩ්ඩෛ,அத்திமோட்டை,Aththimoddai,MN/08,4: උතුර/ வடக்கு/ Northern,2: මන්නාරම/ மன்னார்/ Mannar,6: මන්තායි බටහිර/ மாந்தை ‍மேற்கு/ Manthai West
4-2-06-040,040,කුරායි,கூராய்,Koorai,MN/07,4: උතුර/ வடக்கு/ Northern,2: මන්නාරම/ மன்னார்/ Mannar,6: මන්තායි බටහිර/ மாந்தை ‍மேற்கு/ Manthai West
4-2-06-045,045,පෙරිය මඩු නැගෙනහිර,பெரிய மடு கிழக்கு,Periyamadhu East,MN/17,4: උතුර/ வடக்கு/ Northern,2: මන්නාරම/ மன்னார்/ Mannar,6: මන්තායි බටහිර/ மாந்தை ‍மேற்கு/ Manthai West
4-2-06-050,050,පෙරියමඩු බටහිර,பெரிய மடு மேற்கு,Periyamadhu West,MN/16,4: උතුර/ வடக்கு/ Northern,2: මන්නාරම/ மன்னார்/ Mannar,6: මන්තායි බටහිර/ மாந்தை ‍மேற்கு/ Manthai West
4-2-06-055,055,කායානගර්,காயாநகர்,Kayanagar,MN/15,4: උතුර/ வடக்கு/ Northern,2: මන්නාරම/ மன்னார்/ Mannar,6: මන්තායි බටහිර/ மாந்தை ‍மேற்கு/ Manthai West
4-2-06-060,060,පල්ලමඩු,பள்ளமடு,Pallamadhu,MN/14,4: උතුර/ வடக்கு/ Northern,2: මන්නාරම/ மன்னார்/ Mannar,6: මන්තායි බටහිර/ மாந்தை ‍மேற்கு/ Manthai West
4-2-06-065,065,කෝවිට්කුලම්,கோவிற்குளம்,Kovitkulam,MN/09,4: උතුර/ வடக்கு/ Northern,2: මන්නාරම/ மன்னார்/ Mannar,6: මන්තායි බටහිර/ மாந்தை ‍மேற்கு/ Manthai West
4-2-06-070,070,විඩත්තල්තිවු උතුර,விடத்தல்தீவு வடக்கு,Vidataltivu North,MN/11,4: උතුර/ வடக்கு/ Northern,2: මන්නාරම/ மன்னார்/ Mannar,6: මන්තායි බටහිර/ மாந்தை ‍மேற்கு/ Manthai West
4-2-06-075,075,විඩත්තල්තිවු බටහිර,விடத்தல்தீவு மேற்கு,Vidataltivu West,MN/10,4: උතුර/ வடக்கு/ Northern,2: මන්නාරම/ மன்னார்/ Mannar,6: මන්තායි බටහිර/ மாந்தை ‍மேற்கு/ Manthai West
4-2-06-080,080,විඩත්තල්තිවු මධ්‍යම,விடத்தல்தீவு மத்தி,Vidataltivu Central,MN/12,4: උතුර/ வடக்கு/ Northern,2: මන්නාරම/ மன்னார்/ Mannar,6: මන්තායි බටහිර/ மாந்தை ‍மேற்கு/ Manthai West
4-2-06-085,085,විඩත්තල්තිවු නැගෙනහිර,விடலைத்தீவு கிழக்கு,Vidataltivu East,MN/13,4: උතුර/ வடக்கு/ Northern,2: මන්නාරම/ மன்னார்/ Mannar,6: මන්තායි බටහිර/ மாந்தை ‍மேற்கு/ Manthai West
4-2-06-090,090,පප්පමෝඩ්ඩෛ,பாப்பாமோட்டை,Pappamoddai,MN/18,4: උතුර/ வடக்கு/ Northern,2: මන්නාරම/ மன்னார்/ Mannar,6: මන්තායි බටහිර/ மாந்தை ‍மேற்கு/ Manthai West
4-2-06-095,095,පරප්පුකඩන්තාන් බටහිර,பரப்புகடந்தான் மேற்கு,Parappukadanthan West,MN/36,4: උතුර/ வடக்கு/ Northern,2: මන්නාරම/ மன்னார்/ Mannar,6: මන්තායි බටහිර/ மாந்தை ‍மேற்கு/ Manthai West
4-2-06-100,100,පරප්පුකඩන්තාන් නැගෙනහිර,பரப்புகடந்தான் கிழக்கு,Parappukadanthan East,MN/35,4: උතුර/ வடக்கு/ Northern,2: මන්නාරම/ மன்னார்/ Mannar,6: මන්තායි බටහිර/ மாந்தை ‍மேற்கு/ Manthai West
4-2-06-105,105,කන්නාඩ්ඩි,கன்ணாடி,Kannady,MN/28,4: උතුර/ வடக்கு/ Northern,2: මන්නාරම/ மன்னார்/ Mannar,6: මන්තායි බටහිර/ மாந்தை ‍மேற்கு/ Manthai West
4-2-06-110,110,මිනුක්කන්,மினுக்கன்,Minukkan,MN/20,4: උතුර/ வடக்கு/ Northern,2: මන්නාරම/ மன்னார்/ Mannar,6: මන්තායි බටහිර/ மாந்தை ‍மேற்கு/ Manthai West
4-2-06-115,115,මාලිකෛත්තිඩල්,மாளிகைத்திடல்,Maligaithiddal,MN/21,4: උතුර/ வடக்கு/ Northern,2: මන්නාරම/ மன்னார்/ Mannar,6: මන්තායි බටහිර/ மாந்தை ‍மேற்கு/ Manthai West
4-2-06-120,120,වෙඩ්ඩෛයාමුරිප්පු,வேட்டையாமுறிப்பு,Veddayarmurrippu,MN/19,4: උතුර/ வடக்கு/ Northern,2: මන්නාරම/ மன்னார்/ Mannar,6: මන්තායි බටහිර/ மாந்தை ‍மேற்கு/ Manthai West
4-2-06-125,125,අඩම්පන්,அடம்பன்,Adampan,MN/22,4: උතුර/ வடக்கு/ Northern,2: මන්නාරම/ மன்னார்/ Mannar,6: මන්තායි බටහිර/ மாந்தை ‍மேற்கு/ Manthai West
4-2-06-130,130,නෙඩුංකණ්ඩල්,நெடுக்கண்டல்,Nedunkandal,MN/24,4: උතුර/ வடக்கு/ Northern,2: මන්නාරම/ மன்னார்/ Mannar,6: මන්තායි බටහිර/ மாந்தை ‍மேற்கு/ Manthai West
4-2-06-135,135,කරුංකණ්ඩල් වණ්ණාකුලම්,கருங்கண்டல் வண்ணாகுளம்,Karunkandal Vannakulam,MN/30,4: උතුර/ வடக்கு/ Northern,2: මන්නාරම/ மன்னார்/ Mannar,6: මන්තායි බටහිර/ மாந்தை ‍மேற்கு/ Manthai West
4-2-06-140,140,ආඩ්කාඩ්ඩීවේලි,ஆட்காட்டிவெளி,Alkaddively,MN/29,4: උතුර/ வடக்கு/ Northern,2: මන්නාරම/ மன்னார்/ Mannar,6: මන්තායි බටහිර/ மாந்தை ‍மேற்கு/ Manthai West
4-2-06-145,145,ආණ්ඩාන්කුලම්,ஆண்டான்குளம்,Andankulam,MN/27,4: උතුර/ வடக்கு/ Northern,2: මන්නාරම/ மன்னார்/ Mannar,6: මන්තායි බටහිර/ மாந்தை ‍மேற்கு/ Manthai West
4-2-06-150,150,කරුංකණ්ඩල්,கருங்கண்டல்,Karunkandal,MN/26,4: උතුර/ வடக்கு/ Northern,2: මන්නාරම/ மன்னார்/ Mannar,6: මන්තායි බටහිර/ மாந்தை ‍மேற்கு/ Manthai West
4-2-06-155,155,සොර්ණපුරි,சொர்ணபுரி,Sornapuri,MN/25,4: උතුර/ வடக்கு/ Northern,2: මන්නාරම/ மன்னார்/ Mannar,6: මන්තායි බටහිර/ மாந்தை ‍மேற்கு/ Manthai West
4-2-06-160,160,පාලෛක්කුලි,பாலைக்குளி,Palaikuly,MN/23,4: උතුර/ வடக்கு/ Northern,2: මන්නාරම/ மன்னார்/ Mannar,6: මන්තායි බටහිර/ மாந்தை ‍மேற்கு/ Manthai West
4-2-06-165,165,කාත්තාන් කුලම්,காத்தான்குளம்,Kaththankulam,MN/31,4: උතුර/ வடக்கு/ Northern,2: මන්නාරම/ மன்னார்/ Mannar,6: මන්තායි බටහිර/ மாந்தை ‍மேற்கு/ Manthai West
4-2-06-170,170,වඩ්ඩක්කණ්ඩල්,வட்டக்கண்டல்,Vaddakandal,MN/32,4: උතුර/ வடக்கு/ Northern,2: මන්නාරම/ மன்னார்/ Mannar,6: මන්තායි බටහිර/ மாந்தை ‍மேற்கு/ Manthai West
4-2-06-175,175,පාලෛයඩීප්පුතුක්කුලම්,பாலையடிப்புதுக்குளம்,Palayadip Puthukulam,MN/34,4: උතුර/ வடக்கு/ Northern,2: මන්නාරම/ மன்னார்/ Mannar,6: මන්තායි බටහිර/ மாந்தை ‍மேற்கு/ Manthai West
4-2-06-180,180,පාලෛප්පෙරුමාල්කඩ්ඩු,பாலைப்பெருமாள்கட்டு,Palai Periymalkaddu,MN/33,4: උතුර/ வடக்கு/ Northern,2: මන්නාරම/ மன்னார்/ Mannar,6: මන්තායි බටහිර/ மாந்தை ‍மேற்கு/ Manthai West
4-2-09-005,005,පාලම්පීඩිඩී,பாலம்பிட்டி,Palampiddy,MN/40,4: උතුර/ வடக்கு/ Northern,2: මන්නාරම/ மன்னார்/ Mannar,9: මඩු/ மடு/ Madhu
4-2-09-010,010,කිරිසුඩ්ඩාන්,கீரிசுட்டான்,Keerisuddan,MN/41,4: උතුර/ வடக்கு/ Northern,2: මන්නාරම/ மன்னார்/ Mannar,9: මඩු/ மடு/ Madhu
4-2-09-015,015,පරසං කුලම්,பரசங்குளம்,Parasankulam,MN/44,4: උතුර/ வடக்கு/ Northern,2: මන්නාරම/ மன்னார்/ Mannar,9: මඩු/ மடு/ Madhu
4-2-09-020,020,විලත්ති කුලම්,விளாத்திகுளம்,Vilaththikulam,MN/43,4: උතුර/ வடக்கு/ Northern,2: මන්නාරම/ மன்னார்/ Mannar,9: මඩු/ மடு/ Madhu
4-2-09-025,025,කාක්කෛයන් කුලම් නැගෙනහිර,காக்கையன்குளம் கிழக்கு,Kakkayankulam East,MN/46,4: උතුර/ வடக்கு/ Northern,2: මන්නාරම/ மன்னார்/ Mannar,9: මඩු/ மடு/ Madhu
4-2-09-030,030,කල්මඩු,கல்மடு,Kalmadhu,MN/47,4: උතුර/ வடக்கு/ Northern,2: මන්නාරම/ மன்னார்/ Mannar,9: මඩු/ மடு/ Madhu
4-2-09-035,035,කාක්කෛයන් කුලම් බටහිර,காக்கையன்குளம் மேற்கு,Kakkayankulam West,MN/45,4: උතුර/ வடக்கு/ Northern,2: මන්නාරම/ மன்னார்/ Mannar,9: මඩු/ மடு/ Madhu
4-2-09-040,040,ඉර‍ණෛඉලුප්පෛක් කුලම්,இரனண இலுப்பைக்குளம்,Iranai Illuppaikulam,MN/42,4: උතුර/ வடக்கு/ Northern,2: මන්නාරම/ மன்னார்/ Mannar,9: මඩු/ மடு/ Madhu
4-2-09-045,045,පෙරිය පණ්ඩීවීරිච්චාන් නැගෙනහිර,பெரிய - பண்டிவிரிச்சான் கிழக்கு,Periya Pandivirichchan East,MN/39,4: උතුර/ வடக்கு/ Northern,2: මන්නාරම/ மன்னார்/ Mannar,9: මඩු/ மடு/ Madhu
4-2-09-050,050,පෙරිය පණ්ඩීවීරිච්චාන් බටහිර,பெரிய - பண்டிவிரிச்சான் மேற்கு,Periya Pandivirichchan West,MN/38,4: උතුර/ வடக்கு/ Northern,2: මන්නාරම/ மன்னார்/ Mannar,9: මඩු/ மடு/ Madhu
4-2-09-055,055,මඩු,மடு,Madhu,MN/37,4: උතුර/ வடக்கு/ Northern,2: මන්නාරම/ மன்னார்/ Mannar,9: මඩු/ மடு/ Madhu
4-2-09-060,060,මලුවරයර් කඩ්ඩෛයඩම්පන්,மளுவராயர் கட்டையடம்பன்,Maluvarayar Kaddaiadampan,MN/128,4: උතුර/ வடக்கு/ Northern,2: මන්නාරම/ மன்னார்/ Mannar,9: මඩු/ மடு/ Madhu
4-2-09-065,065,පුමලර්නාදන්,பூமலா்ந்தான்,Poomalarnthan,MN/130,4: උතුර/ வடக்கு/ Northern,2: මන්නාරම/ மன்னார்/ Mannar,9: මඩු/ மடு/ Madhu
4-2-09-070,070,තේක්කම්,தேக்கம்,Thekkam,MN/131,4: උතුර/ வடக்கு/ Northern,2: මන්නාරම/ மன்னார்/ Mannar,9: මඩු/ மடு/ Madhu
4-2-09-075,075,පන්නවෙඩ්ඩුවාන්,பன்னவெட்டுவான்,Pannavedduvan,MN/129,4: උතුර/ வடக்கு/ Northern,2: මන්නාරම/ மன்னார்/ Mannar,9: මඩු/ மடு/ Madhu
4-2-09-080,080,පෙරියමුරිප්පු,பெரியமுறிப்பு,Periyamurippu,MN/133,4: උතුර/ வடக்கு/ Northern,2: මන්නාරම/ மன்னார்/ Mannar,9: මඩු/ மடு/ Madhu
4-2-09-085,085,මාතගම,மாதாகிராமம்,Mathakiramam,MN/321,4: උතුර/ வடக்கு/ Northern,2: මන්නාරම/ மன்னார்/ Mannar,9: මඩු/ மடு/ Madhu
4-2-12-005,005,වංකාලෛ උතුර,வங்காலை வடக்கு,Vankalai North,MN/97,4: උතුර/ வடக்கு/ Northern,2: මන්නාරම/ மன்னார்/ Mannar,12: නානාධන්/ நனாதன்/ Nanaddan
4-2-12-010,010,වංකාලෛ බටහිර,வங்காலை மேற்கு,Vankalai West,MN/98,4: උතුර/ வடக்கு/ Northern,2: මන්නාරම/ மன்னார்/ Mannar,12: නානාධන්/ நனாதன்/ Nanaddan
4-2-12-015,015,වංකාලෛ නැගෙනහිර,வங்காலை கிழக்கு,Vankalai East,MN/99,4: උතුර/ வடக்கு/ Northern,2: මන්නාරම/ மன்னார்/ Mannar,12: නානාධන්/ நனாதன்/ Nanaddan
4-2-12-020,020,තෝමස්පුරි,தோமஸ்புரி,Thomaspuri,MN/100,4: උතුර/ வடக்கு/ Northern,2: මන්නාරම/ மன்னார்/ Mannar,12: නානාධන්/ நனாதன்/ Nanaddan
4-2-12-025,025,නරුවිලික්කුලම්,நறுவிலிக்குளம்,Naruvilikkulam,MN/101,4: උතුර/ வடக்கு/ Northern,2: මන්නාරම/ மன்னார்/ Mannar,12: නානාධන්/ நனாதன்/ Nanaddan
4-2-12-030,030,වඤ්චියන්කුලම්,வஞ்சியன்குளம்,Vanchiyankulam,MN/102,4: උතුර/ வடக்கு/ Northern,2: මන්නාරම/ மன்னார்/ Mannar,12: නානාධන්/ நனாதன்/ Nanaddan
4-2-12-035,035,ඉලහඩිපීඩිඩී,இலகடிப்பிட்டி,Ilahadipiddy,MN/111,4: උතුර/ வடக்கு/ Northern,2: මන්නාරම/ மன்னார்/ Mannar,12: නානාධන්/ நனாதன்/ Nanaddan
4-2-12-040,040,ඉලන්තෛමෝඩිඩෛ,இலந்தைமோட்டை,Ilanthaimoddai,MN/112,4: උතුර/ வடக்கு/ Northern,2: මන්නාරම/ மன்னார்/ Mannar,12: නානාධන්/ நனாதன்/ Nanaddan
4-2-12-045,045,පෙරිය කඩ්ඩෛක්කාඩු,பெரிய கட்டைக்காடு,Periyakkaddaikadu,MN/110,4: උතුර/ வடக்கு/ Northern,2: මන්නාරම/ மன்னார்/ Mannar,12: නානාධන්/ நனாதன்/ Nanaddan
4-2-12-050,050,ආත්තික්කුලී,அத்திக்குழிளி,Aththikuly,MN/116,4: උතුර/ வடக்கு/ Northern,2: මන්නාරම/ மன்னார்/ Mannar,12: නානාධන්/ நனாதன்/ Nanaddan
4-2-12-055,055,කඤ්චීතාල්වු,கஞ்சியன்தாழ்வு,Kanchchiththalvu,MN/115,4: උතුර/ வடக்கு/ Northern,2: මන්නාරම/ மன்னார்/ Mannar,12: නානාධන්/ நனாதன்/ Nanaddan
4-2-12-060,060,සෙම්මණ්තීවු,செம்மண்தீவு,Chemmantivu,MN/117,4: උතුර/ வடக்கு/ Northern,2: මන්නාරම/ மன்னார்/ Mannar,12: නානාධන්/ நனாதன்/ Nanaddan
4-2-12-065,065,මුරුංගන්,முருங்கன்,Murunkan,MN/118,4: උතුර/ வடக்கு/ Northern,2: මන්නාරම/ மன்னார்/ Mannar,12: නානාධන්/ நனாதன்/ Nanaddan
4-2-12-070,070,වෙඩ්ඩීයාර්මකන් කඩ්ඩෛයඩම්පන්,செட்டியார்மகன் கட்டையடம்பன்,Cheddiarmagan Kaddaidampan,MN/126,4: උතුර/ வடக்கு/ Northern,2: මන්නාරම/ மன்னார்/ Mannar,12: නානාධන්/ நனாதன்/ Nanaddan
4-2-12-075,075,ඉරඩ්ඩෛක් කුලම්,இரட்டைக்குளம்,Iraddaikulam,MN/125,4: උතුර/ வடக்கு/ Northern,2: මන්නාරම/ மன்னார்/ Mannar,12: නානාධන්/ நனாதன்/ Nanaddan
4-2-12-080,080,සුණ්ඩීක්කුලී,சுண்டிக்குளி,Chundikuly,MN/119,4: උතුර/ வடக்கு/ Northern,2: මන්නාරම/ மன்னார்/ Mannar,12: නානාධන්/ நனாதன்/ Nanaddan
4-2-12-085,085,පුත්තිරර්කණ්ඩාන්,புத்திரகண்டல்,Puthirarkandan,MN/113,4: උතුර/ வடக்கு/ Northern,2: මන්නාරම/ மன்னார்/ Mannar,12: නානාධන්/ நனாதன்/ Nanaddan
4-2-12-090,090,රසුල් පුදුවෙලි,ரசூல் புதுவெளி,Razool Puthuvely,MN/114,4: උතුර/ வடக்கு/ Northern,2: මන්නාරම/ மன்னார்/ Mannar,12: නානාධන්/ நனாதன்/ Nanaddan
4-2-12-095,095,නානාඩාන්,நாணட்டான்,Nanaddan,MN/107,4: උතුර/ வடக்கு/ Northern,2: මන්නාරම/ மன்னார்/ Mannar,12: නානාධන්/ நனாதன்/ Nanaddan
4-2-12-100,100,උමනගරි,உமநகரி,Umanagiri,MN/103,4: උතුර/ வடக்கு/ Northern,2: මන්නාරම/ மன்னார்/ Mannar,12: නානාධන්/ நனாதன்/ Nanaddan
4-2-12-105,105,අචීචන්කුලම්,அச்சங்குளம்,Achchankulam,MN/104,4: උතුර/ வடக்கு/ Northern,2: මන්නාරම/ மன்னார்/ Mannar,12: නානාධන්/ நனாதன்/ Nanaddan
4-2-12-110,110,මෝඩ්ඩක්කඩෛ,மோட்டக்கடை,Moddaikadai,MN/106,4: උතුර/ வடக்கு/ Northern,2: මන්නාරම/ மன்னார்/ Mannar,12: නානාධන්/ நனாதன்/ Nanaddan
4-2-12-115,115,ඉරාසරමඩු,இராசமடு,Rasamadhu,MN/105,4: උතුර/ வடக்கு/ Northern,2: මන්නාරම/ மன்னார்/ Mannar,12: නානාධන්/ நனாதன்/ Nanaddan
4-2-12-120,120,පල්ලන්කෝඩ්ඩෛ,பள்ளங்கோட்டை,Pallankoddai,MN/108,4: උතුර/ வடக்கு/ Northern,2: මන්නාරම/ மன்னார்/ Mannar,12: නානාධන්/ நனாதன்/ Nanaddan
4-2-12-125,125,වාල්කෛපෙට්ටාන් කණ්ඩල්,வாழ்கைபெற்றான் கண்டல்,Valkaipettankandal,MN/109,4: උතුර/ வடக்கு/ Northern,2: මන්නාරම/ மன்னார்/ Mannar,12: නානාධන්/ நனாதன்/ Nanaddan
4-2-12-130,130,පොන්තීවුකණ්ඩල්,பொன்தீவுகண்டல்,Pontheevukandal,MN/121,4: උතුර/ வடக்கு/ Northern,2: මන්නාරම/ மன்னார்/ Mannar,12: නානාධන්/ நனாதன்/ Nanaddan
4-2-12-135,135,කලිමෝඩ්ඩෛ පුලියන්කුලම්,களிமோட்டை புலியங்குளம்,Kalimoddai Puliyankulam,MN/122,4: උතුර/ வடக்கு/ Northern,2: මන්නාරම/ மன்னார்/ Mannar,12: නානාධන්/ நனாதன்/ Nanaddan
4-2-12-140,140,පරිහාරිකණඩල්,பரிகாரிகண்டல்,Pariharikandal,MN/123,4: උතුර/ வடக்கு/ Northern,2: මන්නාරම/ மன்னார்/ Mannar,12: නානාධන්/ நனாதன்/ Nanaddan
4-2-12-145,145,සිරුක්කණ්ඩල්,சிறுகண்டல்,Sirukkandal,MN/120,4: උතුර/ வடக்கு/ Northern,2: මන්නාරම/ மன்னார்/ Mannar,12: නානාධන්/ நனாதன்/ Nanaddan
4-2-12-150,150,කට්කිඩන්තකුලම්,கற்கிடந்த குளம்,Katkidanthakulam,MN/124,4: උතුර/ வடக்கு/ Northern,2: මන්නාරම/ மன்னார்/ Mannar,12: නානාධන්/ நனாதன்/ Nanaddan
4-2-12-155,155,ඉසෛමාලෛත්තාල්වු,இசைமாலைத்தாழ்வு,Isamalaithalvu,MN/127,4: උතුර/ வடக்கு/ Northern,2: මන්නාරම/ மன்னார்/ Mannar,12: නානාධන්/ நனாதன்/ Nanaddan
4-2-15-005,005,අරිප්පු බටහිර,அரிப்பு மேற்கு,Arippu West,MNR/134,4: උතුර/ வடக்கு/ Northern,2: මන්නාරම/ மன்னார்/ Mannar,15: මුසලි/ முசலி/ Musalai
4-2-15-010,010,අරිප්පු නැගෙනහිර,அரிப்பு கிழக்கு,Arippu East,MNR/135,4: උතුර/ வடக்கு/ Northern,2: මන්නාරම/ மன்னார்/ Mannar,15: මුසලි/ முசலி/ Musalai
4-2-15-015,015,මේත්තන්වෙලී,மெத்தன்வெளி,Methanvely,MNR/136,4: උතුර/ வடக்கு/ Northern,2: මන්නාරම/ மன்னார்/ Mannar,15: මුසලි/ முசலி/ Musalai
4-2-15-020,020,පූනොච්චීකුලම්,பூ நொச்சிகுளம்,Poonochikulam,MNR/138,4: උතුර/ வடக்கு/ Northern,2: මන්නාරම/ மன்னார்/ Mannar,15: මුසලි/ முசலி/ Musalai
4-2-15-025,025,පණ්ඩාරවේලී,பண்டாரவெளி,Pandaravely,MNR/137,4: උතුර/ வடக்கு/ Northern,2: මන්නාරම/ மன்னார்/ Mannar,15: මුසලි/ முசலி/ Musalai
4-2-15-030,030,සින්න පුල්ලච්චි පොට්කේණි,சின்னபுள்ளச்சி பொற்கேணி,Sinna Pullachchi Potkerny,MNR/142,4: උතුර/ வடக்கு/ Northern,2: මන්නාරම/ மன்னார்/ Mannar,15: මුසලි/ முசலி/ Musalai
4-2-15-035,035,පෙරිය පුල්ලච්චි පොට්කේණි,பெரிய புள்ளாசி பொற்கேணி,Periya Pullachchi  Potkerny,MNR/141,4: උතුර/ வடக்கு/ Northern,2: මන්නාරම/ மன்னார்/ Mannar,15: මුසලි/ முசலி/ Musalai
4-2-15-040,040,වෙප්පන්කුලම්,வேப்பங்குளம்,Veppankulam,MNR/140,4: උතුර/ வடக்கு/ Northern,2: මන්නාරම/ மன்னார்/ Mannar,15: මුසලි/ முசலி/ Musalai
4-2-15-045,045,මරුතමඩු,மருதமடு,Maruthamadhu,MNR/139,4: උතුර/ வடக்கு/ Northern,2: මන්නාරම/ மன்னார்/ Mannar,15: මුසලි/ முசலி/ Musalai
4-2-15-050,050,අහත්තිමුරිප්පු,அகத்திமுறிப்பு,Ahathymurippu,MNR/143,4: උතුර/ வடக்கு/ Northern,2: මන්නාරම/ மன்னார்/ Mannar,15: මුසලි/ முசலி/ Musalai
4-2-15-055,055,පුදුවෙලී,புதுவேளி,Puthuvely,MNR/146,4: උතුර/ வடக்கு/ Northern,2: මන්නාරම/ மன்னார்/ Mannar,15: මුසලි/ முசலி/ Musalai
4-2-15-060,060,සවේරියාර්පුරම්,சவேரியார்புரம்,Saveriyarpuram,MNR/145,4: උතුර/ வடக்கு/ Northern,2: මන්නාරම/ மன்னார்/ Mannar,15: මුසලි/ முசலி/ Musalai
4-2-15-065,065,සිලාවත්තුරෛ,சிலாவத்துறை,Chilavathurai,MNR/144,4: උතුර/ வடக்கு/ Northern,2: මන්නාරම/ மன்னார்/ Mannar,15: මුසලි/ முசலி/ Musalai
4-2-15-070,070,කූලාන්කුලම්,கொல்லன்குளம்,Koolankulam,MNR/147,4: උතුර/ வடக்கு/ Northern,2: මන්නාරම/ மன்னார்/ Mannar,15: මුසලි/ முசலி/ Musalai
4-2-15-075,075,කොණ්ඩච්චි,கொண்டச்சி,Kondachchi,MNR/149,4: උතුර/ வடக்கு/ Northern,2: මන්නාරම/ மன்னார்/ Mannar,15: මුසලි/ முசலி/ Musalai
4-2-15-080,080,කොක්කුපඩෛයාන්,கொக்குபடையான்,Kokkupadayan,MNR/148,4: උතුර/ வடக்கு/ Northern,2: මන්නාරම/ மன்னார்/ Mannar,15: මුසලි/ முசலி/ Musalai
4-2-15-085,085,පාලෛ කුලි,பாலைக்குழி,Palaikuly,MNR/152,4: උතුර/ வடக்கு/ Northern,2: මන්නාරම/ மன்னார்/ Mannar,15: මුසලි/ முசலி/ Musalai
4-2-15-090,090,කරඩීක්කුලි,கரடிக்குளி,Karadikkuly,MNR/150,4: උතුර/ வடக்கு/ Northern,2: මන්නාරම/ மன்னார்/ Mannar,15: මුසලි/ முசலி/ Musalai
4-2-15-095,095,මුල්ලිකුලම්,முள்ளிக்குளம்,Mullikulam,MNR/153,4: උතුර/ வடக்கு/ Northern,2: මන්නාරම/ மன்னார்/ Mannar,15: මුසලි/ முசலி/ Musalai
4-2-15-100,100,මරිච්චුක්කට්ටි,மருச்சுககட்டி,Marichchukaddy,MNR/151,4: උතුර/ வடக்கு/ Northern,2: මන්නාරම/ மன்னார்/ Mannar,15: මුසලි/ முசலி/ Musalai
